source_file	path	type	current_value	current_xlsx	suggested_entity	suggested_column	classification	editable_in_proposal	runtime_read_status	unit	description_zh	constraints	consumer_locators
space-battleship/data/hyperspace_config.json	/version	int	2	"{""sheet"":""hyperspace_config"",""row"":3,""value_column"":""C"",""type_column"":""B""}"	安全与运行约束（锁定）	value	technical_or_schema	False	schema_only	版本号	配置格式版本；协议常量，不是策划参数	保留当前JSON类型；数值有限；运行时C.number边界abs(value)<9e15；相关跨字段约束必须导入和启动均检查；锁定，不提供任意玩法开关	[]
space-battleship/data/hyperspace_config.json	/unlock_stage	int	7	"{""sheet"":""hyperspace_config"",""row"":4,""value_column"":""C"",""type_column"":""B""}"	全局标量	value	balance	True	consumed	关	异空间可用最高到达关卡门槛	保留当前JSON类型；数值有限；运行时C.number边界abs(value)<9e15；相关跨字段约束必须导入和启动均检查	"[""space-battleship/scripts/hyperspace_system.gd:20"",""space-battleship/scripts/hyperspace_system.gd:92"",""space-battleship/scripts/hyperspace_system.gd:288"",""space-battleship/scripts/hyperspace_system.gd:323"",""space-battleship/scripts/hyperspace_commands.gd:176""]"
space-battleship/data/hyperspace_config.json	/minimum_level	int	5	"{""sheet"":""hyperspace_config"",""row"":5,""value_column"":""C"",""type_column"":""B""}"	全局标量	value	balance	True	consumed	关	允许探索的最低关卡	保留当前JSON类型；数值有限；运行时C.number边界abs(value)<9e15；相关跨字段约束必须导入和启动均检查	"[""space-battleship/scripts/hyperspace_system.gd:92"",""space-battleship/scripts/hyperspace_panel.gd:8"",""space-battleship/scripts/hyperspace_panel.gd:246"",""space-battleship/scripts/hyperspace_panel.gd:269"",""space-battleship/scripts/hyperspace_panel.gd:505""]"
space-battleship/data/hyperspace_config.json	/energy_rate	float	10.0	"{""sheet"":""hyperspace_config"",""row"":6,""value_column"":""C"",""type_column"":""B""}"	全局标量	value	balance	True	consumed	能量/游戏秒	在线游戏时间每秒充能	保留当前JSON类型；数值有限；运行时C.number边界abs(value)<9e15；相关跨字段约束必须导入和启动均检查；>0	"[""space-battleship/scripts/hyperspace_system.gd:24"",""space-battleship/scripts/hyperspace_system.gd:28"",""space-battleship/scripts/hyperspace_system.gd:40"",""space-battleship/scripts/hyperspace_system.gd:41"",""space-battleship/scripts/hyperspace_scheduler.gd:11"",""space-battleship/scripts/hyperspace_scheduler.gd:22"",""space-battleship/scripts/hyperspace_scheduler.gd:30"",""space-battleship/scripts/hyperspace_scheduler.gd:34"",""space-battleship/scripts/hyperspace_scheduler.gd:35"",""space-battleship/scripts/hyperspace_scheduler.gd:36""]"
space-battleship/data/hyperspace_config.json	/energy_cap	float	216000.0	"{""sheet"":""hyperspace_config"",""row"":7,""value_column"":""C"",""type_column"":""B""}"	全局标量	value	balance	True	consumed	能量	基础能量容量；自动探索需满容量才派发	保留当前JSON类型；数值有限；运行时C.number边界abs(value)<9e15；相关跨字段约束必须导入和启动均检查；>0	"[""space-battleship/scripts/hyperspace_system.gd:28"",""space-battleship/scripts/hyperspace_system.gd:104"",""space-battleship/scripts/hyperspace_scheduler.gd:16"",""space-battleship/scripts/hyperspace_scheduler.gd:17"",""space-battleship/scripts/hyperspace_scheduler.gd:29""]"
space-battleship/data/hyperspace_config.json	/ticket	float	108000.0	"{""sheet"":""hyperspace_config"",""row"":8,""value_column"":""C"",""type_column"":""B""}"	全局标量	value	balance	True	consumed	能量/次	手动探索基础票耗	保留当前JSON类型；数值有限；运行时C.number边界abs(value)<9e15；相关跨字段约束必须导入和启动均检查；>0	"[""space-battleship/scripts/hyperspace_system.gd:102"",""space-battleship/scripts/hyperspace_system.gd:109"",""space-battleship/scripts/hyperspace_system.gd:110"",""space-battleship/scripts/hyperspace_system.gd:112"",""space-battleship/scripts/hyperspace_system.gd:113"",""space-battleship/scripts/hyperspace_system.gd:124"",""space-battleship/scripts/hyperspace_panel.gd:314"",""space-battleship/scripts/hyperspace_panel.gd:315"",""space-battleship/scripts/hyperspace_panel.gd:329"",""space-battleship/scripts/hyperspace_panel.gd:334"",""space-battleship/scripts/hyperspace_panel.gd:335"",""space-battleship/scripts/hyperspace_panel.gd:337"",""space-battleship/scripts/hyperspace_panel.gd:338"",""space-battleship/scripts/hyperspace_panel.gd:371"",""space-battleship/scripts/hyperspace_panel.gd:372"",""space-battleship/scripts/hyperspace_panel.gd:494"",""space-battleship/scripts/hyperspace_commands.gd:160"",""space-battleship/scripts/hyperspace_commands.gd:161""]"
space-battleship/data/hyperspace_config.json	/minimum_duration	float	10.0	"{""sheet"":""hyperspace_config"",""row"":9,""value_column"":""C"",""type_column"":""B""}"	全局标量	value	balance	True	consumed	游戏秒	自动探索最短耗时	保留当前JSON类型；数值有限；运行时C.number边界abs(value)<9e15；相关跨字段约束必须导入和启动均检查；>0	"[""space-battleship/scripts/hyperspace_system.gd:108"",""space-battleship/scripts/hyperspace_commands.gd:160""]"
space-battleship/data/hyperspace_config.json	/warehouse_capacity	int	200	"{""sheet"":""hyperspace_config"",""row"":10,""value_column"":""C"",""type_column"":""B""}"	全局标量	value	balance	True	consumed	格	基础仓库容量	保留当前JSON类型；数值有限；运行时C.number边界abs(value)<9e15；相关跨字段约束必须导入和启动均检查	"[""space-battleship/scripts/drone_inventory.gd:15""]"
space-battleship/data/hyperspace_config.json	/overflow_capacity	int	10	"{""sheet"":""hyperspace_config"",""row"":11,""value_column"":""C"",""type_column"":""B""}"	全局标量	value	balance	False	consumed	格	固定溢出缓存容量；固定10格	必须等于10；只读锁定	"[""space-battleship/scripts/drone_inventory.gd:21"",""space-battleship/scripts/drone_inventory.gd:76""]"
space-battleship/data/hyperspace_config.json	/reforge_capacity_gain	int	10	"{""sheet"":""hyperspace_config"",""row"":12,""value_column"":""C"",""type_column"":""B""}"	全局标量	value	balance	True	consumed	格/重铸	每次重铸增加仓库格数	保留当前JSON类型；数值有限；运行时C.number边界abs(value)<9e15；相关跨字段约束必须导入和启动均检查	"[""space-battleship/scripts/drone_inventory.gd:15""]"
space-battleship/data/hyperspace_config.json	/initial_retention_capacity	int	0	"{""sheet"":""hyperspace_config"",""row"":13,""value_column"":""C"",""type_column"":""B""}"	全局标量	value	balance	True	consumed	格	初始保留容量	保留当前JSON类型；数值有限；运行时C.number边界abs(value)<9e15；相关跨字段约束必须导入和启动均检查	"[""space-battleship/scripts/drone_inventory.gd:18""]"
space-battleship/data/hyperspace_config.json	/retention_capacity_gain	int	10	"{""sheet"":""hyperspace_config"",""row"":14,""value_column"":""C"",""type_column"":""B""}"	全局标量	value	balance	True	consumed	格/重铸	每次重铸增加保留格数	保留当前JSON类型；数值有限；运行时C.number边界abs(value)<9e15；相关跨字段约束必须导入和启动均检查	"[""space-battleship/scripts/drone_inventory.gd:18"",""space-battleship/scripts/drone_inventory.gd:142""]"
space-battleship/data/hyperspace_config.json	/maximum_equipped	int	5	"{""sheet"":""hyperspace_config"",""row"":15,""value_column"":""C"",""type_column"":""B""}"	全局标量	value	balance	True	consumed	架	全局无人机装备上限	保留当前JSON类型；数值有限；运行时C.number边界abs(value)<9e15；相关跨字段约束必须导入和启动均检查	"[""space-battleship/scripts/drone_inventory.gd:86"",""space-battleship/scripts/drone_inventory.gd:90"",""space-battleship/scripts/drone_inventory.gd:112""]"
space-battleship/data/hyperspace_config.json	/maximum_legendary	int	2	"{""sheet"":""hyperspace_config"",""row"":16,""value_column"":""C"",""type_column"":""B""}"	全局标量	value	balance	True	consumed	架	同时装备传说数量上限	保留当前JSON类型；数值有限；运行时C.number边界abs(value)<9e15；相关跨字段约束必须导入和启动均检查	"[""space-battleship/scripts/drone_inventory.gd:117""]"
space-battleship/data/hyperspace_config.json	/maximum_ultimate	int	1	"{""sheet"":""hyperspace_config"",""row"":17,""value_column"":""C"",""type_column"":""B""}"	全局标量	value	balance	True	consumed	架	同时装备究极数量上限	保留当前JSON类型；数值有限；运行时C.number边界abs(value)<9e15；相关跨字段约束必须导入和启动均检查	"[""space-battleship/scripts/drone_inventory.gd:117""]"
space-battleship/data/hyperspace_config.json	/completion_budget	int	8	"{""sheet"":""hyperspace_config"",""row"":18,""value_column"":""C"",""type_column"":""B""}"	安全与运行约束（锁定）	value	technical_or_schema	False	consumed	次/advance	单次advance最多结算数，性能保护而非奖励倍率	保留当前JSON类型；数值有限；运行时C.number边界abs(value)<9e15；相关跨字段约束必须导入和启动均检查；锁定，不提供任意玩法开关	"[""space-battleship/scripts/hyperspace_scheduler.gd:74""]"
space-battleship/data/hyperspace_config.json	/routes/alpha/weapon	string	laser	"{""sheet"":""hyperspace_config"",""row"":21,""value_column"":""C"",""type_column"":""B""}"	路线	weapon	balance	True	consumed	无量纲/按字段	异空间路线到武器/专属材料的关联	保留当前JSON类型；数值有限；运行时C.number边界abs(value)<9e15；相关跨字段约束必须导入和启动均检查	"[""space-battleship/scripts/drone_rewards.gd:59"",""space-battleship/scripts/drone_rewards.gd:61"",""space-battleship/scripts/drone_rewards.gd:72"",""space-battleship/scripts/drone_rewards.gd:73""]"
space-battleship/data/hyperspace_config.json	/routes/alpha/material	string	degenerate_matter	"{""sheet"":""hyperspace_config"",""row"":22,""value_column"":""C"",""type_column"":""B""}"	路线	material	balance	True	consumed	无量纲/按字段	异空间路线到武器/专属材料的关联	保留当前JSON类型；数值有限；运行时C.number边界abs(value)<9e15；相关跨字段约束必须导入和启动均检查	"[""space-battleship/scripts/drone_rewards.gd:59"",""space-battleship/scripts/drone_rewards.gd:61"",""space-battleship/scripts/drone_rewards.gd:72"",""space-battleship/scripts/drone_rewards.gd:73""]"
space-battleship/data/hyperspace_config.json	/routes/beta/weapon	string	missile	"{""sheet"":""hyperspace_config"",""row"":24,""value_column"":""C"",""type_column"":""B""}"	路线	weapon	balance	True	consumed	无量纲/按字段	异空间路线到武器/专属材料的关联	保留当前JSON类型；数值有限；运行时C.number边界abs(value)<9e15；相关跨字段约束必须导入和启动均检查	"[""space-battleship/scripts/drone_rewards.gd:59"",""space-battleship/scripts/drone_rewards.gd:61"",""space-battleship/scripts/drone_rewards.gd:72"",""space-battleship/scripts/drone_rewards.gd:73""]"
space-battleship/data/hyperspace_config.json	/routes/beta/material	string	glueball	"{""sheet"":""hyperspace_config"",""row"":25,""value_column"":""C"",""type_column"":""B""}"	路线	material	balance	True	consumed	无量纲/按字段	异空间路线到武器/专属材料的关联	保留当前JSON类型；数值有限；运行时C.number边界abs(value)<9e15；相关跨字段约束必须导入和启动均检查	"[""space-battleship/scripts/drone_rewards.gd:59"",""space-battleship/scripts/drone_rewards.gd:61"",""space-battleship/scripts/drone_rewards.gd:72"",""space-battleship/scripts/drone_rewards.gd:73""]"
space-battleship/data/hyperspace_config.json	/routes/gamma/weapon	string	cannon	"{""sheet"":""hyperspace_config"",""row"":27,""value_column"":""C"",""type_column"":""B""}"	路线	weapon	balance	True	consumed	无量纲/按字段	异空间路线到武器/专属材料的关联	保留当前JSON类型；数值有限；运行时C.number边界abs(value)<9e15；相关跨字段约束必须导入和启动均检查	"[""space-battleship/scripts/drone_rewards.gd:59"",""space-battleship/scripts/drone_rewards.gd:61"",""space-battleship/scripts/drone_rewards.gd:72"",""space-battleship/scripts/drone_rewards.gd:73""]"
space-battleship/data/hyperspace_config.json	/routes/gamma/material	string	antiproton	"{""sheet"":""hyperspace_config"",""row"":28,""value_column"":""C"",""type_column"":""B""}"	路线	material	balance	True	consumed	无量纲/按字段	异空间路线到武器/专属材料的关联	保留当前JSON类型；数值有限；运行时C.number边界abs(value)<9e15；相关跨字段约束必须导入和启动均检查	"[""space-battleship/scripts/drone_rewards.gd:59"",""space-battleship/scripts/drone_rewards.gd:61"",""space-battleship/scripts/drone_rewards.gd:72"",""space-battleship/scripts/drone_rewards.gd:73""]"
space-battleship/data/hyperspace_config.json	/routes/delta/weapon	string	longLaser	"{""sheet"":""hyperspace_config"",""row"":30,""value_column"":""C"",""type_column"":""B""}"	路线	weapon	balance	True	consumed	无量纲/按字段	异空间路线到武器/专属材料的关联	保留当前JSON类型；数值有限；运行时C.number边界abs(value)<9e15；相关跨字段约束必须导入和启动均检查	"[""space-battleship/scripts/drone_rewards.gd:59"",""space-battleship/scripts/drone_rewards.gd:61"",""space-battleship/scripts/drone_rewards.gd:72"",""space-battleship/scripts/drone_rewards.gd:73""]"
space-battleship/data/hyperspace_config.json	/routes/delta/material	string	zero_point_energy	"{""sheet"":""hyperspace_config"",""row"":31,""value_column"":""C"",""type_column"":""B""}"	路线	material	balance	True	consumed	无量纲/按字段	异空间路线到武器/专属材料的关联	保留当前JSON类型；数值有限；运行时C.number边界abs(value)<9e15；相关跨字段约束必须导入和启动均检查	"[""space-battleship/scripts/drone_rewards.gd:59"",""space-battleship/scripts/drone_rewards.gd:61"",""space-battleship/scripts/drone_rewards.gd:72"",""space-battleship/scripts/drone_rewards.gd:73""]"
space-battleship/data/hyperspace_config.json	/quality_limits/white/affixes	int	0	"{""sheet"":""hyperspace_config"",""row"":34,""value_column"":""C"",""type_column"":""B""}"	品质限制	affixes	balance	True	consumed	无量纲/按字段	各来源品质词缀/挂设上限	保留当前JSON类型；数值有限；运行时C.number边界abs(value)<9e15；相关跨字段约束必须导入和启动均检查	"[""space-battleship/scripts/drone_inventory.gd:6"",""space-battleship/scripts/drone_inventory.gd:9"",""space-battleship/scripts/drone_inventory.gd:25"",""space-battleship/scripts/drone_inventory.gd:34"",""space-battleship/scripts/drone_rewards.gd:38""]"
space-battleship/data/hyperspace_config.json	/quality_limits/white/hangings	int	4	"{""sheet"":""hyperspace_config"",""row"":35,""value_column"":""C"",""type_column"":""B""}"	品质限制	hangings	balance	True	consumed	无量纲/按字段	各来源品质词缀/挂设上限	保留当前JSON类型；数值有限；运行时C.number边界abs(value)<9e15；相关跨字段约束必须导入和启动均检查	"[""space-battleship/scripts/drone_inventory.gd:6"",""space-battleship/scripts/drone_inventory.gd:9"",""space-battleship/scripts/drone_inventory.gd:25"",""space-battleship/scripts/drone_inventory.gd:34"",""space-battleship/scripts/drone_rewards.gd:38""]"
space-battleship/data/hyperspace_config.json	/quality_limits/blue/affixes	int	2	"{""sheet"":""hyperspace_config"",""row"":37,""value_column"":""C"",""type_column"":""B""}"	品质限制	affixes	balance	True	consumed	无量纲/按字段	各来源品质词缀/挂设上限	保留当前JSON类型；数值有限；运行时C.number边界abs(value)<9e15；相关跨字段约束必须导入和启动均检查	"[""space-battleship/scripts/drone_inventory.gd:6"",""space-battleship/scripts/drone_inventory.gd:9"",""space-battleship/scripts/drone_inventory.gd:25"",""space-battleship/scripts/drone_inventory.gd:34"",""space-battleship/scripts/drone_rewards.gd:38""]"
space-battleship/data/hyperspace_config.json	/quality_limits/blue/hangings	int	2	"{""sheet"":""hyperspace_config"",""row"":38,""value_column"":""C"",""type_column"":""B""}"	品质限制	hangings	balance	True	consumed	无量纲/按字段	各来源品质词缀/挂设上限	保留当前JSON类型；数值有限；运行时C.number边界abs(value)<9e15；相关跨字段约束必须导入和启动均检查	"[""space-battleship/scripts/drone_inventory.gd:6"",""space-battleship/scripts/drone_inventory.gd:9"",""space-battleship/scripts/drone_inventory.gd:25"",""space-battleship/scripts/drone_inventory.gd:34"",""space-battleship/scripts/drone_rewards.gd:38""]"
space-battleship/data/hyperspace_config.json	/quality_limits/gold/affixes	int	3	"{""sheet"":""hyperspace_config"",""row"":40,""value_column"":""C"",""type_column"":""B""}"	品质限制	affixes	balance	True	consumed	无量纲/按字段	各来源品质词缀/挂设上限	保留当前JSON类型；数值有限；运行时C.number边界abs(value)<9e15；相关跨字段约束必须导入和启动均检查	"[""space-battleship/scripts/drone_inventory.gd:6"",""space-battleship/scripts/drone_inventory.gd:9"",""space-battleship/scripts/drone_inventory.gd:25"",""space-battleship/scripts/drone_inventory.gd:34"",""space-battleship/scripts/drone_rewards.gd:38""]"
space-battleship/data/hyperspace_config.json	/quality_limits/gold/hangings	int	1	"{""sheet"":""hyperspace_config"",""row"":41,""value_column"":""C"",""type_column"":""B""}"	品质限制	hangings	balance	True	consumed	无量纲/按字段	各来源品质词缀/挂设上限	保留当前JSON类型；数值有限；运行时C.number边界abs(value)<9e15；相关跨字段约束必须导入和启动均检查	"[""space-battleship/scripts/drone_inventory.gd:6"",""space-battleship/scripts/drone_inventory.gd:9"",""space-battleship/scripts/drone_inventory.gd:25"",""space-battleship/scripts/drone_inventory.gd:34"",""space-battleship/scripts/drone_rewards.gd:38""]"
space-battleship/data/hyperspace_config.json	/quality_limits/legendary/affixes	int	3	"{""sheet"":""hyperspace_config"",""row"":43,""value_column"":""C"",""type_column"":""B""}"	品质限制	affixes	balance	True	consumed	无量纲/按字段	各来源品质词缀/挂设上限	保留当前JSON类型；数值有限；运行时C.number边界abs(value)<9e15；相关跨字段约束必须导入和启动均检查	"[""space-battleship/scripts/drone_inventory.gd:6"",""space-battleship/scripts/drone_inventory.gd:9"",""space-battleship/scripts/drone_inventory.gd:25"",""space-battleship/scripts/drone_inventory.gd:34"",""space-battleship/scripts/drone_rewards.gd:38""]"
space-battleship/data/hyperspace_config.json	/quality_limits/legendary/hangings	int	0	"{""sheet"":""hyperspace_config"",""row"":44,""value_column"":""C"",""type_column"":""B""}"	品质限制	hangings	balance	True	consumed	无量纲/按字段	各来源品质词缀/挂设上限	保留当前JSON类型；数值有限；运行时C.number边界abs(value)<9e15；相关跨字段约束必须导入和启动均检查	"[""space-battleship/scripts/drone_inventory.gd:6"",""space-battleship/scripts/drone_inventory.gd:9"",""space-battleship/scripts/drone_inventory.gd:25"",""space-battleship/scripts/drone_inventory.gd:34"",""space-battleship/scripts/drone_rewards.gd:38""]"
space-battleship/data/hyperspace_config.json	/modernization_tier_weights/1	float	10.0	"{""sheet"":""hyperspace_config"",""row"":46,""value_column"":""C"",""type_column"":""B""}"	词缀阶级权重	1	balance	True	consumed	无量纲/按字段	现代化费用的词缀阶级附加系数	保留当前JSON类型；数值有限；运行时C.number边界abs(value)<9e15；相关跨字段约束必须导入和启动均检查；tier键1..5完整；相对权重/系数；保持原字典顺序	"[""space-battleship/scripts/drone_forge.gd:134""]"
space-battleship/data/hyperspace_config.json	/modernization_tier_weights/2	float	5.0	"{""sheet"":""hyperspace_config"",""row"":47,""value_column"":""C"",""type_column"":""B""}"	词缀阶级权重	2	balance	True	consumed	无量纲/按字段	现代化费用的词缀阶级附加系数	保留当前JSON类型；数值有限；运行时C.number边界abs(value)<9e15；相关跨字段约束必须导入和启动均检查；tier键1..5完整；相对权重/系数；保持原字典顺序	"[""space-battleship/scripts/drone_forge.gd:134""]"
space-battleship/data/hyperspace_config.json	/modernization_tier_weights/3	float	3.0	"{""sheet"":""hyperspace_config"",""row"":48,""value_column"":""C"",""type_column"":""B""}"	词缀阶级权重	3	balance	True	consumed	无量纲/按字段	现代化费用的词缀阶级附加系数	保留当前JSON类型；数值有限；运行时C.number边界abs(value)<9e15；相关跨字段约束必须导入和启动均检查；tier键1..5完整；相对权重/系数；保持原字典顺序	"[""space-battleship/scripts/drone_forge.gd:134""]"
space-battleship/data/hyperspace_config.json	/modernization_tier_weights/4	float	1.0	"{""sheet"":""hyperspace_config"",""row"":49,""value_column"":""C"",""type_column"":""B""}"	词缀阶级权重	4	balance	True	consumed	无量纲/按字段	现代化费用的词缀阶级附加系数	保留当前JSON类型；数值有限；运行时C.number边界abs(value)<9e15；相关跨字段约束必须导入和启动均检查；tier键1..5完整；相对权重/系数；保持原字典顺序	"[""space-battleship/scripts/drone_forge.gd:134""]"
space-battleship/data/hyperspace_config.json	/modernization_tier_weights/5	float	0.5	"{""sheet"":""hyperspace_config"",""row"":50,""value_column"":""C"",""type_column"":""B""}"	词缀阶级权重	5	balance	True	consumed	无量纲/按字段	现代化费用的词缀阶级附加系数	保留当前JSON类型；数值有限；运行时C.number边界abs(value)<9e15；相关跨字段约束必须导入和启动均检查；tier键1..5完整；相对权重/系数；保持原字典顺序	"[""space-battleship/scripts/drone_forge.gd:134""]"
space-battleship/data/hyperspace_config.json	/hull_capacities/Frigate	int	1	"{""sheet"":""hyperspace_config"",""row"":52,""value_column"":""C"",""type_column"":""B""}"	舰型槽位	Frigate	balance	True	consumed	无量纲/按字段	按现有舰型ID的无人机槽位	保留当前JSON类型；数值有限；运行时C.number边界abs(value)<9e15；相关跨字段约束必须导入和启动均检查	"[""space-battleship/scripts/hyperspace_permissions.gd:4"",""space-battleship/scripts/hyperspace_permissions.gd:49""]"
space-battleship/data/hyperspace_config.json	/hull_capacities/Destroyer	int	2	"{""sheet"":""hyperspace_config"",""row"":53,""value_column"":""C"",""type_column"":""B""}"	舰型槽位	Destroyer	balance	True	consumed	无量纲/按字段	按现有舰型ID的无人机槽位	保留当前JSON类型；数值有限；运行时C.number边界abs(value)<9e15；相关跨字段约束必须导入和启动均检查	"[""space-battleship/scripts/hyperspace_permissions.gd:4"",""space-battleship/scripts/hyperspace_permissions.gd:49""]"
space-battleship/data/hyperspace_config.json	/hull_capacities/Cruiser	int	3	"{""sheet"":""hyperspace_config"",""row"":54,""value_column"":""C"",""type_column"":""B""}"	舰型槽位	Cruiser	balance	True	consumed	无量纲/按字段	按现有舰型ID的无人机槽位	保留当前JSON类型；数值有限；运行时C.number边界abs(value)<9e15；相关跨字段约束必须导入和启动均检查	"[""space-battleship/scripts/hyperspace_permissions.gd:4"",""space-battleship/scripts/hyperspace_permissions.gd:49""]"
space-battleship/data/hyperspace_config.json	/hull_capacities/Battleship	int	4	"{""sheet"":""hyperspace_config"",""row"":55,""value_column"":""C"",""type_column"":""B""}"	舰型槽位	Battleship	balance	True	consumed	无量纲/按字段	按现有舰型ID的无人机槽位	保留当前JSON类型；数值有限；运行时C.number边界abs(value)<9e15；相关跨字段约束必须导入和启动均检查	"[""space-battleship/scripts/hyperspace_permissions.gd:4"",""space-battleship/scripts/hyperspace_permissions.gd:49""]"
space-battleship/data/hyperspace_config.json	/hull_capacities/Heavy_Battleship	int	5	"{""sheet"":""hyperspace_config"",""row"":56,""value_column"":""C"",""type_column"":""B""}"	舰型槽位	Heavy_Battleship	balance	True	consumed	无量纲/按字段	按现有舰型ID的无人机槽位	保留当前JSON类型；数值有限；运行时C.number边界abs(value)<9e15；相关跨字段约束必须导入和启动均检查	"[""space-battleship/scripts/hyperspace_permissions.gd:4"",""space-battleship/scripts/hyperspace_permissions.gd:49""]"
space-battleship/data/hyperspace_config.json	/quality_weights/white	float	0.5	"{""sheet"":""hyperspace_config"",""row"":58,""value_column"":""C"",""type_column"":""B""}"	奖励结果权重	white	balance	True	consumed	相对权重	相对抽签权重，按权重合计归一，不是独立概率	保留当前JSON类型；数值有限；运行时C.number边界abs(value)<9e15；相关跨字段约束必须导入和启动均检查；非负且合计>0；固定支持结果ID；按原插入顺序输出	"[""space-battleship/scripts/drone_rewards.gd:51"",""space-battleship/scripts/drone_rewards.gd:56""]"
space-battleship/data/hyperspace_config.json	/quality_weights/blue	float	0.26	"{""sheet"":""hyperspace_config"",""row"":59,""value_column"":""C"",""type_column"":""B""}"	奖励结果权重	blue	balance	True	consumed	相对权重	相对抽签权重，按权重合计归一，不是独立概率	保留当前JSON类型；数值有限；运行时C.number边界abs(value)<9e15；相关跨字段约束必须导入和启动均检查；非负且合计>0；固定支持结果ID；按原插入顺序输出	"[""space-battleship/scripts/drone_rewards.gd:51"",""space-battleship/scripts/drone_rewards.gd:56""]"
space-battleship/data/hyperspace_config.json	/quality_weights/gold	float	0.15	"{""sheet"":""hyperspace_config"",""row"":60,""value_column"":""C"",""type_column"":""B""}"	奖励结果权重	gold	balance	True	consumed	相对权重	相对抽签权重，按权重合计归一，不是独立概率	保留当前JSON类型；数值有限；运行时C.number边界abs(value)<9e15；相关跨字段约束必须导入和启动均检查；非负且合计>0；固定支持结果ID；按原插入顺序输出	"[""space-battleship/scripts/drone_rewards.gd:51"",""space-battleship/scripts/drone_rewards.gd:56""]"
space-battleship/data/hyperspace_config.json	/quality_weights/legendary	float	0.08	"{""sheet"":""hyperspace_config"",""row"":61,""value_column"":""C"",""type_column"":""B""}"	奖励结果权重	legendary	balance	True	consumed	相对权重	相对抽签权重，按权重合计归一，不是独立概率	保留当前JSON类型；数值有限；运行时C.number边界abs(value)<9e15；相关跨字段约束必须导入和启动均检查；非负且合计>0；固定支持结果ID；按原插入顺序输出	"[""space-battleship/scripts/drone_rewards.gd:51"",""space-battleship/scripts/drone_rewards.gd:56""]"
space-battleship/data/hyperspace_config.json	/quality_weights/ultimate_core	float	0.1	"{""sheet"":""hyperspace_config"",""row"":62,""value_column"":""C"",""type_column"":""B""}"	奖励结果权重	ultimate_core	balance	True	consumed	相对权重	相对抽签权重，按权重合计归一，不是独立概率	保留当前JSON类型；数值有限；运行时C.number边界abs(value)<9e15；相关跨字段约束必须导入和启动均检查；非负且合计>0；固定支持结果ID；按原插入顺序输出	"[""space-battleship/scripts/drone_rewards.gd:51"",""space-battleship/scripts/drone_rewards.gd:56""]"
space-battleship/data/hyperspace_config.json	/weapon_level_bonuses/white	int	0	"{""sheet"":""hyperspace_config"",""row"":64,""value_column"":""C"",""type_column"":""B""}"	品质等级奖励	white	balance	True	consumed	无量纲/按字段	按来源品质增加武器有效等级，蓝色来源奖励保留	保留当前JSON类型；数值有限；运行时C.number边界abs(value)<9e15；相关跨字段约束必须导入和启动均检查	"[""space-battleship/scripts/drone_effect_aggregator.gd:41"",""space-battleship/scripts/drone_effect_aggregator.gd:42""]"
space-battleship/data/hyperspace_config.json	/weapon_level_bonuses/blue	int	3	"{""sheet"":""hyperspace_config"",""row"":65,""value_column"":""C"",""type_column"":""B""}"	品质等级奖励	blue	balance	True	consumed	无量纲/按字段	按来源品质增加武器有效等级，蓝色来源奖励保留	保留当前JSON类型；数值有限；运行时C.number边界abs(value)<9e15；相关跨字段约束必须导入和启动均检查	"[""space-battleship/scripts/drone_effect_aggregator.gd:41"",""space-battleship/scripts/drone_effect_aggregator.gd:42""]"
space-battleship/data/hyperspace_config.json	/weapon_level_bonuses/gold	int	1	"{""sheet"":""hyperspace_config"",""row"":66,""value_column"":""C"",""type_column"":""B""}"	品质等级奖励	gold	balance	True	consumed	无量纲/按字段	按来源品质增加武器有效等级，蓝色来源奖励保留	保留当前JSON类型；数值有限；运行时C.number边界abs(value)<9e15；相关跨字段约束必须导入和启动均检查	"[""space-battleship/scripts/drone_effect_aggregator.gd:41"",""space-battleship/scripts/drone_effect_aggregator.gd:42""]"
space-battleship/data/hyperspace_config.json	/weapon_level_bonuses/legendary	int	1	"{""sheet"":""hyperspace_config"",""row"":67,""value_column"":""C"",""type_column"":""B""}"	品质等级奖励	legendary	balance	True	consumed	无量纲/按字段	按来源品质增加武器有效等级，蓝色来源奖励保留	保留当前JSON类型；数值有限；运行时C.number边界abs(value)<9e15；相关跨字段约束必须导入和启动均检查	"[""space-battleship/scripts/drone_effect_aggregator.gd:41"",""space-battleship/scripts/drone_effect_aggregator.gd:42""]"
space-battleship/data/hyperspace_config.json	/ultimate_weapon_bonus	int	5	"{""sheet"":""hyperspace_config"",""row"":68,""value_column"":""C"",""type_column"":""B""}"	全局标量	value	balance	True	consumed	武器有效等级增量	究极武器等级增量覆盖普通来源加成，不叠加；究极状态优先	保留当前JSON类型；数值有限；运行时C.number边界abs(value)<9e15；相关跨字段约束必须导入和启动均检查	"[""space-battleship/scripts/drone_effect_aggregator.gd:40""]"
space-battleship/data/hyperspace_config.json	/affix_initial_probability	float	1.0	"{""sheet"":""hyperspace_config"",""row"":69,""value_column"":""C"",""type_column"":""B""}"	全局标量	value	balance	True	consumed	无量纲/按字段	首个词缀抽取概率	保留当前JSON类型；数值有限；运行时C.number边界abs(value)<9e15；相关跨字段约束必须导入和启动均检查；0≤value≤1	"[""space-battleship/scripts/drone_rewards.gd:40""]"
space-battleship/data/hyperspace_config.json	/hanging_initial_probability	float	0.2	"{""sheet"":""hyperspace_config"",""row"":70,""value_column"":""C"",""type_column"":""B""}"	全局标量	value	balance	True	consumed	无量纲/按字段	首个挂设槽抽取概率	保留当前JSON类型；数值有限；运行时C.number边界abs(value)<9e15；相关跨字段约束必须导入和启动均检查；0≤value≤1	"[""space-battleship/scripts/drone_rewards.gd:39""]"
space-battleship/data/hyperspace_config.json	/additional_probability_factor	float	0.25	"{""sheet"":""hyperspace_config"",""row"":71,""value_column"":""C"",""type_column"":""B""}"	全局标量	value	balance	True	consumed	无量纲/按字段	后续槽位概率递乘因子	保留当前JSON类型；数值有限；运行时C.number边界abs(value)<9e15；相关跨字段约束必须导入和启动均检查；0≤value≤1	"[""space-battleship/scripts/drone_rewards.gd:39"",""space-battleship/scripts/drone_rewards.gd:40""]"
space-battleship/data/hyperspace_config.json	/tier_weights/1	int	1	"{""sheet"":""hyperspace_config"",""row"":73,""value_column"":""C"",""type_column"":""B""}"	词缀阶级权重	1	balance	True	consumed	相对权重	新生成阶及升阶成功判定的相对权重；抽中更强阶时只升1阶	保留当前JSON类型；数值有限；运行时C.number边界abs(value)<9e15；相关跨字段约束必须导入和启动均检查；tier键1..5完整；相对权重/系数；保持原字典顺序	"[""space-battleship/scripts/drone_rewards.gd:14"",""space-battleship/scripts/drone_rewards.gd:16""]"
space-battleship/data/hyperspace_config.json	/tier_weights/2	int	5	"{""sheet"":""hyperspace_config"",""row"":74,""value_column"":""C"",""type_column"":""B""}"	词缀阶级权重	2	balance	True	consumed	相对权重	新生成阶及升阶成功判定的相对权重；抽中更强阶时只升1阶	保留当前JSON类型；数值有限；运行时C.number边界abs(value)<9e15；相关跨字段约束必须导入和启动均检查；tier键1..5完整；相对权重/系数；保持原字典顺序	"[""space-battleship/scripts/drone_rewards.gd:14"",""space-battleship/scripts/drone_rewards.gd:16""]"
space-battleship/data/hyperspace_config.json	/tier_weights/3	int	15	"{""sheet"":""hyperspace_config"",""row"":75,""value_column"":""C"",""type_column"":""B""}"	词缀阶级权重	3	balance	True	consumed	相对权重	新生成阶及升阶成功判定的相对权重；抽中更强阶时只升1阶	保留当前JSON类型；数值有限；运行时C.number边界abs(value)<9e15；相关跨字段约束必须导入和启动均检查；tier键1..5完整；相对权重/系数；保持原字典顺序	"[""space-battleship/scripts/drone_rewards.gd:14"",""space-battleship/scripts/drone_rewards.gd:16""]"
space-battleship/data/hyperspace_config.json	/tier_weights/4	int	45	"{""sheet"":""hyperspace_config"",""row"":76,""value_column"":""C"",""type_column"":""B""}"	词缀阶级权重	4	balance	True	consumed	相对权重	新生成阶及升阶成功判定的相对权重；抽中更强阶时只升1阶	保留当前JSON类型；数值有限；运行时C.number边界abs(value)<9e15；相关跨字段约束必须导入和启动均检查；tier键1..5完整；相对权重/系数；保持原字典顺序	"[""space-battleship/scripts/drone_rewards.gd:14"",""space-battleship/scripts/drone_rewards.gd:16""]"
space-battleship/data/hyperspace_config.json	/tier_weights/5	int	135	"{""sheet"":""hyperspace_config"",""row"":77,""value_column"":""C"",""type_column"":""B""}"	词缀阶级权重	5	balance	True	consumed	相对权重	新生成阶及升阶成功判定的相对权重；抽中更强阶时只升1阶	保留当前JSON类型；数值有限；运行时C.number边界abs(value)<9e15；相关跨字段约束必须导入和启动均检查；tier键1..5完整；相对权重/系数；保持原字典顺序	"[""space-battleship/scripts/drone_rewards.gd:14"",""space-battleship/scripts/drone_rewards.gd:16""]"
space-battleship/data/hyperspace_config.json	/value_precision	float	0.001	"{""sheet"":""hyperspace_config"",""row"":78,""value_column"":""C"",""type_column"":""B""}"	全局标量	value	balance	True	consumed	无量纲/按字段	随机参数量化网格	保留当前JSON类型；数值有限；运行时C.number边界abs(value)<9e15；相关跨字段约束必须导入和启动均检查；>0	"[""space-battleship/scripts/drone_rewards.gd:20"",""space-battleship/scripts/drone_rewards.gd:27""]"
space-battleship/data/hyperspace_config.json	/amplification_rate	float	0.05	"{""sheet"":""hyperspace_config"",""row"":79,""value_column"":""C"",""type_column"":""B""}"	全局标量	value	balance	True	consumed	每无人机等级复合增长率	每等级复合因子1+rate；0.05表示1.05	保留当前JSON类型；数值有限；运行时C.number边界abs(value)<9e15；相关跨字段约束必须导入和启动均检查	"[""space-battleship/scripts/drone_effect_aggregator.gd:7""]"
space-battleship/data/hyperspace_config.json	/amplification_start_level	int	4	"{""sheet"":""hyperspace_config"",""row"":80,""value_column"":""C"",""type_column"":""B""}"	全局标量	value	balance	False	not_consumed	无人机等级	词缀复合放大指数起点，拟接线；当前冻结代码固定4。无人机level=start时原值×1，低于起点负指数缩小	保留当前JSON类型；数值有限；运行时C.number边界abs(value)<9e15；相关跨字段约束必须导入和启动均检查	[]
space-battleship/data/hyperspace_config.json	/material_base_reward	int	1	"{""sheet"":""hyperspace_config"",""row"":81,""value_column"":""C"",""type_column"":""B""}"	全局标量	value	balance	True	consumed	份	探索基础材料奖励	保留当前JSON类型；数值有限；运行时C.number边界abs(value)<9e15；相关跨字段约束必须导入和启动均检查	"[""space-battleship/scripts/drone_rewards.gd:9""]"
space-battleship/data/hyperspace_config.json	/material_reward_level_step	int	3	"{""sheet"":""hyperspace_config"",""row"":82,""value_column"":""C"",""type_column"":""B""}"	全局标量	value	balance	True	consumed	关/份	每隔多少关增加1份基础材料	保留当前JSON类型；数值有限；运行时C.number边界abs(value)<9e15；相关跨字段约束必须导入和启动均检查	"[""space-battleship/scripts/drone_rewards.gd:9""]"
space-battleship/data/hyperspace_config.json	/material_reward_start_level	int	5	"{""sheet"":""hyperspace_config"",""row"":83,""value_column"":""C"",""type_column"":""B""}"	全局标量	value	balance	True	consumed	关	材料成长起点，同时用于现代化报价；保留联动	保留当前JSON类型；数值有限；运行时C.number边界abs(value)<9e15；相关跨字段约束必须导入和启动均检查；奖励起点与改造价格既有联动不拆分	"[""space-battleship/scripts/drone_rewards.gd:9""]"
space-battleship/data/hyperspace_config.json	/dismantle_amounts/white	int	1	"{""sheet"":""hyperspace_config"",""row"":85,""value_column"":""C"",""type_column"":""B""}"	品质拆解奖励	white	balance	True	consumed	无量纲/按字段	按品质的拆解材料数和随机挂设副本数	保留当前JSON类型；数值有限；运行时C.number边界abs(value)<9e15；相关跨字段约束必须导入和启动均检查	"[""space-battleship/scripts/drone_rewards.gd:66""]"
space-battleship/data/hyperspace_config.json	/dismantle_amounts/blue	int	2	"{""sheet"":""hyperspace_config"",""row"":86,""value_column"":""C"",""type_column"":""B""}"	品质拆解奖励	blue	balance	True	consumed	无量纲/按字段	按品质的拆解材料数和随机挂设副本数	保留当前JSON类型；数值有限；运行时C.number边界abs(value)<9e15；相关跨字段约束必须导入和启动均检查	"[""space-battleship/scripts/drone_rewards.gd:66""]"
space-battleship/data/hyperspace_config.json	/dismantle_amounts/gold	int	5	"{""sheet"":""hyperspace_config"",""row"":87,""value_column"":""C"",""type_column"":""B""}"	品质拆解奖励	gold	balance	True	consumed	无量纲/按字段	按品质的拆解材料数和随机挂设副本数	保留当前JSON类型；数值有限；运行时C.number边界abs(value)<9e15；相关跨字段约束必须导入和启动均检查	"[""space-battleship/scripts/drone_rewards.gd:66""]"
space-battleship/data/hyperspace_config.json	/dismantle_amounts/legendary	int	10	"{""sheet"":""hyperspace_config"",""row"":88,""value_column"":""C"",""type_column"":""B""}"	品质拆解奖励	legendary	balance	True	consumed	无量纲/按字段	按品质的拆解材料数和随机挂设副本数	保留当前JSON类型；数值有限；运行时C.number边界abs(value)<9e15；相关跨字段约束必须导入和启动均检查	"[""space-battleship/scripts/drone_rewards.gd:66""]"
space-battleship/data/hyperspace_config.json	/maximum_filter_conditions	int	5	"{""sheet"":""hyperspace_config"",""row"":89,""value_column"":""C"",""type_column"":""B""}"	安全与运行约束（锁定）	value	technical_or_schema	False	consumed	条	筛选条件数量安全上限	保留当前JSON类型；数值有限；运行时C.number边界abs(value)<9e15；相关跨字段约束必须导入和启动均检查；锁定，不提供任意玩法开关	"[""space-battleship/scripts/hyperspace_filter.gd:9""]"
space-battleship/data/hyperspace_config.json	/maximum_filter_string_length	int	4096	"{""sheet"":""hyperspace_config"",""row"":90,""value_column"":""C"",""type_column"":""B""}"	安全与运行约束（锁定）	value	technical_or_schema	False	consumed	字符	筛选导入文本长度安全上限	保留当前JSON类型；数值有限；运行时C.number边界abs(value)<9e15；相关跨字段约束必须导入和启动均检查；锁定，不提供任意玩法开关	"[""space-battleship/scripts/hyperspace_filter.gd:47""]"
space-battleship/data/hyperspace_config.json	/maximum_forecast_attempts	int	10000	"{""sheet"":""hyperspace_config"",""row"":91,""value_column"":""C"",""type_column"":""B""}"	安全与运行约束（锁定）	value	technical_or_schema	False	consumed	次	改造预估循环次数安全上限	保留当前JSON类型；数值有限；运行时C.number边界abs(value)<9e15；相关跨字段约束必须导入和启动均检查；锁定，不提供任意玩法开关	"[""space-battleship/scripts/drone_forge.gd:66"",""space-battleship/scripts/drone_forge.gd:120""]"
space-battleship/data/hyperspace_config.json	/maximum_command_id_length	int	96	"{""sheet"":""hyperspace_config"",""row"":92,""value_column"":""C"",""type_column"":""B""}"	安全与运行约束（锁定）	value	technical_or_schema	False	not_consumed	字符	未消费的命令ID长度说明，不应假装有效参数	保留当前JSON类型；数值有限；运行时C.number边界abs(value)<9e15；相关跨字段约束必须导入和启动均检查；锁定，不提供任意玩法开关	[]
space-battleship/data/hyperspace_config.json	/policies/core_reward	string	exclusive	"{""sheet"":""hyperspace_config"",""row"":94,""value_column"":""C"",""type_column"":""B""}"	固定规则与已支持策略	core_reward	supported_policy	True	consumed	枚举/null	已支持策略或固定规则声明；未消费项锁定	保留当前JSON类型；数值有限；运行时C.number边界abs(value)<9e15；相关跨字段约束必须导入和启动均检查	"[""space-battleship/scripts/drone_rewards.gd:49"",""space-battleship/scripts/drone_rewards.gd:55"",""space-battleship/scripts/hyperspace_system.gd:259""]"
space-battleship/data/hyperspace_config.json	/policies/promotion_success	string	weighted_draw_stronger	"{""sheet"":""hyperspace_config"",""row"":95,""value_column"":""C"",""type_column"":""B""}"	固定规则与已支持策略	promotion_success	supported_policy	False	consumed	枚举/null	已支持策略或固定规则声明；未消费项锁定	保留当前JSON类型；数值有限；运行时C.number边界abs(value)<9e15；相关跨字段约束必须导入和启动均检查	"[""space-battleship/scripts/drone_forge.gd:81""]"
space-battleship/data/hyperspace_config.json	/policies/omen_scope	string	drone	"{""sheet"":""hyperspace_config"",""row"":96,""value_column"":""C"",""type_column"":""B""}"	固定规则与已支持策略	omen_scope	supported_policy	False	consumed	枚举/null	已支持策略或固定规则声明；未消费项锁定	保留当前JSON类型；数值有限；运行时C.number边界abs(value)<9e15；相关跨字段约束必须导入和启动均检查	"[""space-battleship/scripts/drone_forge.gd:13"",""space-battleship/scripts/drone_forge.gd:108""]"
space-battleship/data/hyperspace_config.json	/policies/legendary_selection	string	strongest_primary_stable_id	"{""sheet"":""hyperspace_config"",""row"":97,""value_column"":""C"",""type_column"":""B""}"	固定规则与已支持策略	legendary_selection	descriptive_rule	False	not_consumed	枚举/null	已支持策略或固定规则声明；未消费项锁定	保留当前JSON类型；数值有限；运行时C.number边界abs(value)<9e15；相关跨字段约束必须导入和启动均检查；锁定，不提供任意玩法开关	[]
space-battleship/data/hyperspace_config.json	/policies/sealed_unlock	string	reached_planet_stage	"{""sheet"":""hyperspace_config"",""row"":98,""value_column"":""C"",""type_column"":""B""}"	固定规则与已支持策略	sealed_unlock	descriptive_rule	False	not_consumed	枚举/null	已支持策略或固定规则声明；未消费项锁定	保留当前JSON类型；数值有限；运行时C.number边界abs(value)<9e15；相关跨字段约束必须导入和启动均检查；锁定，不提供任意玩法开关	[]
space-battleship/data/hyperspace_config.json	/policies/legendary_repeat_action	null	null	"{""sheet"":""hyperspace_config"",""row"":99,""value_column"":""C"",""type_column"":""B""}"	固定规则与已支持策略	legendary_repeat_action	supported_policy	True	consumed	枚举/null	已支持策略或固定规则声明；未消费项锁定	保留当前JSON类型；数值有限；运行时C.number边界abs(value)<9e15；相关跨字段约束必须导入和启动均检查	"[""space-battleship/scripts/drone_forge.gd:114""]"
space-battleship/data/hyperspace_config.json	/forge_costs/add_affix/degenerate_matter	int	1	"{""sheet"":""hyperspace_config"",""row"":102,""value_column"":""C"",""type_column"":""B""}"	改造费用	degenerate_matter	balance	True	consumed	无量纲/按字段	改造操作各材料/核心单价	保留当前JSON类型；数值有限；运行时C.number边界abs(value)<9e15；相关跨字段约束必须导入和启动均检查；已支持操作与已存在材料/core键；非负整数	"[""space-battleship/scripts/drone_forge.gd:49""]"
space-battleship/data/hyperspace_config.json	/forge_costs/replace_affix/degenerate_matter	int	5	"{""sheet"":""hyperspace_config"",""row"":104,""value_column"":""C"",""type_column"":""B""}"	改造费用	degenerate_matter	balance	True	consumed	无量纲/按字段	改造操作各材料/核心单价	保留当前JSON类型；数值有限；运行时C.number边界abs(value)<9e15；相关跨字段约束必须导入和启动均检查；已支持操作与已存在材料/core键；非负整数	"[""space-battleship/scripts/drone_forge.gd:49""]"
space-battleship/data/hyperspace_config.json	/forge_costs/add_hanging_slot/glueball	int	10	"{""sheet"":""hyperspace_config"",""row"":106,""value_column"":""C"",""type_column"":""B""}"	改造费用	glueball	balance	True	consumed	无量纲/按字段	改造操作各材料/核心单价	保留当前JSON类型；数值有限；运行时C.number边界abs(value)<9e15；相关跨字段约束必须导入和启动均检查；已支持操作与已存在材料/core键；非负整数	"[""space-battleship/scripts/drone_forge.gd:49""]"
space-battleship/data/hyperspace_config.json	/forge_costs/lock_affix/glueball	int	100	"{""sheet"":""hyperspace_config"",""row"":108,""value_column"":""C"",""type_column"":""B""}"	改造费用	glueball	balance	True	consumed	无量纲/按字段	改造操作各材料/核心单价	保留当前JSON类型；数值有限；运行时C.number边界abs(value)<9e15；相关跨字段约束必须导入和启动均检查；已支持操作与已存在材料/core键；非负整数	"[""space-battleship/scripts/drone_forge.gd:49""]"
space-battleship/data/hyperspace_config.json	/forge_costs/promote_affix/antiproton	int	1	"{""sheet"":""hyperspace_config"",""row"":110,""value_column"":""C"",""type_column"":""B""}"	改造费用	antiproton	balance	True	consumed	无量纲/按字段	改造操作各材料/核心单价	保留当前JSON类型；数值有限；运行时C.number边界abs(value)<9e15；相关跨字段约束必须导入和启动均检查；已支持操作与已存在材料/core键；非负整数	"[""space-battleship/scripts/drone_forge.gd:49""]"
space-battleship/data/hyperspace_config.json	/forge_costs/reroll_values/antiproton	int	5	"{""sheet"":""hyperspace_config"",""row"":112,""value_column"":""C"",""type_column"":""B""}"	改造费用	antiproton	balance	True	consumed	无量纲/按字段	改造操作各材料/核心单价	保留当前JSON类型；数值有限；运行时C.number边界abs(value)<9e15；相关跨字段约束必须导入和启动均检查；已支持操作与已存在材料/core键；非负整数	"[""space-battleship/scripts/drone_forge.gd:49""]"
space-battleship/data/hyperspace_config.json	/forge_costs/enable_omen/zero_point_energy	int	5	"{""sheet"":""hyperspace_config"",""row"":114,""value_column"":""C"",""type_column"":""B""}"	改造费用	zero_point_energy	balance	True	consumed	无量纲/按字段	改造操作各材料/核心单价	保留当前JSON类型；数值有限；运行时C.number边界abs(value)<9e15；相关跨字段约束必须导入和启动均检查；已支持操作与已存在材料/core键；非负整数	"[""space-battleship/scripts/drone_forge.gd:49""]"
space-battleship/data/hyperspace_config.json	/forge_costs/legendary/zero_point_energy	int	100	"{""sheet"":""hyperspace_config"",""row"":116,""value_column"":""C"",""type_column"":""B""}"	改造费用	zero_point_energy	balance	True	consumed	无量纲/按字段	改造操作各材料/核心单价	保留当前JSON类型；数值有限；运行时C.number边界abs(value)<9e15；相关跨字段约束必须导入和启动均检查；已支持操作与已存在材料/core键；非负整数	"[""space-battleship/scripts/drone_forge.gd:49""]"
space-battleship/data/hyperspace_config.json	/forge_costs/ultimate/ultimate_cores	int	1	"{""sheet"":""hyperspace_config"",""row"":118,""value_column"":""C"",""type_column"":""B""}"	改造费用	ultimate_cores	balance	True	consumed	无量纲/按字段	改造操作各材料/核心单价	保留当前JSON类型；数值有限；运行时C.number边界abs(value)<9e15；相关跨字段约束必须导入和启动均检查；已支持操作与已存在材料/core键；非负整数	"[""space-battleship/scripts/drone_forge.gd:49""]"
space-battleship/data/hyperspace_config.json	/forge_costs/restore_ultimate/ultimate_cores	int	1	"{""sheet"":""hyperspace_config"",""row"":120,""value_column"":""C"",""type_column"":""B""}"	改造费用	ultimate_cores	balance	True	consumed	无量纲/按字段	改造操作各材料/核心单价	保留当前JSON类型；数值有限；运行时C.number边界abs(value)<9e15；相关跨字段约束必须导入和启动均检查；已支持操作与已存在材料/core键；非负整数	"[""space-battleship/scripts/drone_forge.gd:49""]"
space-battleship/data/hyperspace_config.json	/lock_cost_multiplier	int	4	"{""sheet"":""hyperspace_config"",""row"":121,""value_column"":""C"",""type_column"":""B""}"	全局标量	value	balance	True	consumed	无量纲/按字段	每个已锁词缀对下次锁定费用的倍增系数	保留当前JSON类型；数值有限；运行时C.number边界abs(value)<9e15；相关跨字段约束必须导入和启动均检查	"[""space-battleship/scripts/drone_forge.gd:78""]"
space-battleship/data/hyperspace_config.json	/reroll_guarantee_multiplier	int	3	"{""sheet"":""hyperspace_config"",""row"":122,""value_column"":""C"",""type_column"":""B""}"	全局标量	value	balance	True	consumed	无量纲/按字段	保底最大值重洗的期望价倍数	保留当前JSON类型；数值有限；运行时C.number边界abs(value)<9e15；相关跨字段约束必须导入和启动均检查	"[""space-battleship/scripts/drone_forge.gd:105""]"
space-battleship/data/hyperspace_config.json	/modernization_cost_base	int	10	"{""sheet"":""hyperspace_config"",""row"":123,""value_column"":""C"",""type_column"":""B""}"	全局标量	value	balance	True	consumed	材料份	现代化费用基数与舍入粒度	保留当前JSON类型；数值有限；运行时C.number边界abs(value)<9e15；相关跨字段约束必须导入和启动均检查；>0	"[""space-battleship/scripts/drone_forge.gd:135"",""space-battleship/scripts/drone_forge.gd:136""]"
space-battleship/data/hyperspace_config.json	/modernization_level_step	int	3	"{""sheet"":""hyperspace_config"",""row"":124,""value_column"":""C"",""type_column"":""B""}"	全局标量	value	balance	True	consumed	关	现代化等级成本步长	保留当前JSON类型；数值有限；运行时C.number边界abs(value)<9e15；相关跨字段约束必须导入和启动均检查；>0；奖励起点与改造价格既有联动不拆分	"[""space-battleship/scripts/drone_forge.gd:135""]"
space-battleship/data/hyperspace_config.json	/modernization_legendary_multiplier	int	2	"{""sheet"":""hyperspace_config"",""row"":125,""value_column"":""C"",""type_column"":""B""}"	全局标量	value	balance	True	consumed	无量纲/按字段	传说现代化费用乘数	保留当前JSON类型；数值有限；运行时C.number边界abs(value)<9e15；相关跨字段约束必须导入和启动均检查	"[""space-battleship/scripts/drone_forge.gd:135""]"
space-battleship/data/hyperspace_config.json	/affixes/damage_laser/ranges/1/0	float	1.8	"{""sheet"":""hyperspace_config"",""row"":130,""value_column"":""C"",""type_column"":""B""}"	词缀定义与阶级区间	minimum	balance	True	consumed	原始加成；数量词缀最终投影有int截断	已实现词缀定义、适用武器及各阶原值区间	保留当前JSON类型；数值有限；运行时C.number边界abs(value)<9e15；相关跨字段约束必须导入和启动均检查；仅已有实现ID/武器；阶1..5；min≤max，量化网格非空	"[""space-battleship/scripts/drone_rewards.gd:15"",""space-battleship/scripts/drone_rewards.gd:16"",""space-battleship/scripts/drone_rewards.gd:18"",""space-battleship/scripts/drone_rewards.gd:20"",""space-battleship/scripts/drone_rewards.gd:39"",""space-battleship/scripts/drone_rewards.gd:40"",""space-battleship/scripts/drone_rewards.gd:41"",""space-battleship/scripts/drone_forge.gd:11"",""space-battleship/scripts/drone_forge.gd:12"",""space-battleship/scripts/drone_forge.gd:15"",""space-battleship/scripts/drone_forge.gd:16"",""space-battleship/scripts/drone_forge.gd:56"",""space-battleship/scripts/drone_forge.gd:57"",""space-battleship/scripts/drone_forge.gd:61"",""space-battleship/scripts/drone_forge.gd:64"",""space-battleship/scripts/drone_forge.gd:69"",""space-battleship/scripts/drone_forge.gd:71"",""space-battleship/scripts/drone_forge.gd:77"",""space-battleship/scripts/drone_forge.gd:79"",""space-battleship/scripts/drone_forge.gd:84"",""space-battleship/scripts/drone_forge.gd:89"",""space-battleship/scripts/drone_forge.gd:91"",""space-battleship/scripts/drone_forge.gd:96"",""space-battleship/scripts/drone_forge.gd:134"",""space-battleship/scripts/drone_forge.gd:160"",""space-battleship/scripts/drone_inventory.gd:6"",""space-battleship/scripts/drone_inventory.gd:38"",""space-battleship/scripts/drone_inventory.gd:40"",""space-battleship/scripts/drone_inventory.gd:41"",""space-battleship/scripts/drone_inventory.gd:66"",""space-battleship/scripts/drone_effect_aggregator.gd:5"",""space-battleship/scripts/drone_effect_aggregator.gd:7"",""space-battleship/scripts/drone_effect_aggregator.gd:15"",""space-battleship/scripts/drone_effect_aggregator.gd:16"",""space-battleship/scripts/drone_effect_aggregator.gd:18"",""space-battleship/scripts/drone_effect_aggregator.gd:32""]"
space-battleship/data/hyperspace_config.json	/affixes/damage_laser/ranges/1/1	float	2.0	"{""sheet"":""hyperspace_config"",""row"":131,""value_column"":""C"",""type_column"":""B""}"	词缀定义与阶级区间	maximum	balance	True	consumed	原始加成；数量词缀最终投影有int截断	已实现词缀定义、适用武器及各阶原值区间	保留当前JSON类型；数值有限；运行时C.number边界abs(value)<9e15；相关跨字段约束必须导入和启动均检查；仅已有实现ID/武器；阶1..5；min≤max，量化网格非空	"[""space-battleship/scripts/drone_rewards.gd:15"",""space-battleship/scripts/drone_rewards.gd:16"",""space-battleship/scripts/drone_rewards.gd:18"",""space-battleship/scripts/drone_rewards.gd:20"",""space-battleship/scripts/drone_rewards.gd:39"",""space-battleship/scripts/drone_rewards.gd:40"",""space-battleship/scripts/drone_rewards.gd:41"",""space-battleship/scripts/drone_forge.gd:11"",""space-battleship/scripts/drone_forge.gd:12"",""space-battleship/scripts/drone_forge.gd:15"",""space-battleship/scripts/drone_forge.gd:16"",""space-battleship/scripts/drone_forge.gd:56"",""space-battleship/scripts/drone_forge.gd:57"",""space-battleship/scripts/drone_forge.gd:61"",""space-battleship/scripts/drone_forge.gd:64"",""space-battleship/scripts/drone_forge.gd:69"",""space-battleship/scripts/drone_forge.gd:71"",""space-battleship/scripts/drone_forge.gd:77"",""space-battleship/scripts/drone_forge.gd:79"",""space-battleship/scripts/drone_forge.gd:84"",""space-battleship/scripts/drone_forge.gd:89"",""space-battleship/scripts/drone_forge.gd:91"",""space-battleship/scripts/drone_forge.gd:96"",""space-battleship/scripts/drone_forge.gd:134"",""space-battleship/scripts/drone_forge.gd:160"",""space-battleship/scripts/drone_inventory.gd:6"",""space-battleship/scripts/drone_inventory.gd:38"",""space-battleship/scripts/drone_inventory.gd:40"",""space-battleship/scripts/drone_inventory.gd:41"",""space-battleship/scripts/drone_inventory.gd:66"",""space-battleship/scripts/drone_effect_aggregator.gd:5"",""space-battleship/scripts/drone_effect_aggregator.gd:7"",""space-battleship/scripts/drone_effect_aggregator.gd:15"",""space-battleship/scripts/drone_effect_aggregator.gd:16"",""space-battleship/scripts/drone_effect_aggregator.gd:18"",""space-battleship/scripts/drone_effect_aggregator.gd:32""]"
space-battleship/data/hyperspace_config.json	/affixes/damage_laser/ranges/2/0	float	1.2	"{""sheet"":""hyperspace_config"",""row"":133,""value_column"":""C"",""type_column"":""B""}"	词缀定义与阶级区间	minimum	balance	True	consumed	原始加成；数量词缀最终投影有int截断	已实现词缀定义、适用武器及各阶原值区间	保留当前JSON类型；数值有限；运行时C.number边界abs(value)<9e15；相关跨字段约束必须导入和启动均检查；仅已有实现ID/武器；阶1..5；min≤max，量化网格非空	"[""space-battleship/scripts/drone_rewards.gd:15"",""space-battleship/scripts/drone_rewards.gd:16"",""space-battleship/scripts/drone_rewards.gd:18"",""space-battleship/scripts/drone_rewards.gd:20"",""space-battleship/scripts/drone_rewards.gd:39"",""space-battleship/scripts/drone_rewards.gd:40"",""space-battleship/scripts/drone_rewards.gd:41"",""space-battleship/scripts/drone_forge.gd:11"",""space-battleship/scripts/drone_forge.gd:12"",""space-battleship/scripts/drone_forge.gd:15"",""space-battleship/scripts/drone_forge.gd:16"",""space-battleship/scripts/drone_forge.gd:56"",""space-battleship/scripts/drone_forge.gd:57"",""space-battleship/scripts/drone_forge.gd:61"",""space-battleship/scripts/drone_forge.gd:64"",""space-battleship/scripts/drone_forge.gd:69"",""space-battleship/scripts/drone_forge.gd:71"",""space-battleship/scripts/drone_forge.gd:77"",""space-battleship/scripts/drone_forge.gd:79"",""space-battleship/scripts/drone_forge.gd:84"",""space-battleship/scripts/drone_forge.gd:89"",""space-battleship/scripts/drone_forge.gd:91"",""space-battleship/scripts/drone_forge.gd:96"",""space-battleship/scripts/drone_forge.gd:134"",""space-battleship/scripts/drone_forge.gd:160"",""space-battleship/scripts/drone_inventory.gd:6"",""space-battleship/scripts/drone_inventory.gd:38"",""space-battleship/scripts/drone_inventory.gd:40"",""space-battleship/scripts/drone_inventory.gd:41"",""space-battleship/scripts/drone_inventory.gd:66"",""space-battleship/scripts/drone_effect_aggregator.gd:5"",""space-battleship/scripts/drone_effect_aggregator.gd:7"",""space-battleship/scripts/drone_effect_aggregator.gd:15"",""space-battleship/scripts/drone_effect_aggregator.gd:16"",""space-battleship/scripts/drone_effect_aggregator.gd:18"",""space-battleship/scripts/drone_effect_aggregator.gd:32""]"
space-battleship/data/hyperspace_config.json	/affixes/damage_laser/ranges/2/1	float	1.5	"{""sheet"":""hyperspace_config"",""row"":134,""value_column"":""C"",""type_column"":""B""}"	词缀定义与阶级区间	maximum	balance	True	consumed	原始加成；数量词缀最终投影有int截断	已实现词缀定义、适用武器及各阶原值区间	保留当前JSON类型；数值有限；运行时C.number边界abs(value)<9e15；相关跨字段约束必须导入和启动均检查；仅已有实现ID/武器；阶1..5；min≤max，量化网格非空	"[""space-battleship/scripts/drone_rewards.gd:15"",""space-battleship/scripts/drone_rewards.gd:16"",""space-battleship/scripts/drone_rewards.gd:18"",""space-battleship/scripts/drone_rewards.gd:20"",""space-battleship/scripts/drone_rewards.gd:39"",""space-battleship/scripts/drone_rewards.gd:40"",""space-battleship/scripts/drone_rewards.gd:41"",""space-battleship/scripts/drone_forge.gd:11"",""space-battleship/scripts/drone_forge.gd:12"",""space-battleship/scripts/drone_forge.gd:15"",""space-battleship/scripts/drone_forge.gd:16"",""space-battleship/scripts/drone_forge.gd:56"",""space-battleship/scripts/drone_forge.gd:57"",""space-battleship/scripts/drone_forge.gd:61"",""space-battleship/scripts/drone_forge.gd:64"",""space-battleship/scripts/drone_forge.gd:69"",""space-battleship/scripts/drone_forge.gd:71"",""space-battleship/scripts/drone_forge.gd:77"",""space-battleship/scripts/drone_forge.gd:79"",""space-battleship/scripts/drone_forge.gd:84"",""space-battleship/scripts/drone_forge.gd:89"",""space-battleship/scripts/drone_forge.gd:91"",""space-battleship/scripts/drone_forge.gd:96"",""space-battleship/scripts/drone_forge.gd:134"",""space-battleship/scripts/drone_forge.gd:160"",""space-battleship/scripts/drone_inventory.gd:6"",""space-battleship/scripts/drone_inventory.gd:38"",""space-battleship/scripts/drone_inventory.gd:40"",""space-battleship/scripts/drone_inventory.gd:41"",""space-battleship/scripts/drone_inventory.gd:66"",""space-battleship/scripts/drone_effect_aggregator.gd:5"",""space-battleship/scripts/drone_effect_aggregator.gd:7"",""space-battleship/scripts/drone_effect_aggregator.gd:15"",""space-battleship/scripts/drone_effect_aggregator.gd:16"",""space-battleship/scripts/drone_effect_aggregator.gd:18"",""space-battleship/scripts/drone_effect_aggregator.gd:32""]"
space-battleship/data/hyperspace_config.json	/affixes/damage_laser/ranges/3/0	float	0.8	"{""sheet"":""hyperspace_config"",""row"":136,""value_column"":""C"",""type_column"":""B""}"	词缀定义与阶级区间	minimum	balance	True	consumed	原始加成；数量词缀最终投影有int截断	已实现词缀定义、适用武器及各阶原值区间	保留当前JSON类型；数值有限；运行时C.number边界abs(value)<9e15；相关跨字段约束必须导入和启动均检查；仅已有实现ID/武器；阶1..5；min≤max，量化网格非空	"[""space-battleship/scripts/drone_rewards.gd:15"",""space-battleship/scripts/drone_rewards.gd:16"",""space-battleship/scripts/drone_rewards.gd:18"",""space-battleship/scripts/drone_rewards.gd:20"",""space-battleship/scripts/drone_rewards.gd:39"",""space-battleship/scripts/drone_rewards.gd:40"",""space-battleship/scripts/drone_rewards.gd:41"",""space-battleship/scripts/drone_forge.gd:11"",""space-battleship/scripts/drone_forge.gd:12"",""space-battleship/scripts/drone_forge.gd:15"",""space-battleship/scripts/drone_forge.gd:16"",""space-battleship/scripts/drone_forge.gd:56"",""space-battleship/scripts/drone_forge.gd:57"",""space-battleship/scripts/drone_forge.gd:61"",""space-battleship/scripts/drone_forge.gd:64"",""space-battleship/scripts/drone_forge.gd:69"",""space-battleship/scripts/drone_forge.gd:71"",""space-battleship/scripts/drone_forge.gd:77"",""space-battleship/scripts/drone_forge.gd:79"",""space-battleship/scripts/drone_forge.gd:84"",""space-battleship/scripts/drone_forge.gd:89"",""space-battleship/scripts/drone_forge.gd:91"",""space-battleship/scripts/drone_forge.gd:96"",""space-battleship/scripts/drone_forge.gd:134"",""space-battleship/scripts/drone_forge.gd:160"",""space-battleship/scripts/drone_inventory.gd:6"",""space-battleship/scripts/drone_inventory.gd:38"",""space-battleship/scripts/drone_inventory.gd:40"",""space-battleship/scripts/drone_inventory.gd:41"",""space-battleship/scripts/drone_inventory.gd:66"",""space-battleship/scripts/drone_effect_aggregator.gd:5"",""space-battleship/scripts/drone_effect_aggregator.gd:7"",""space-battleship/scripts/drone_effect_aggregator.gd:15"",""space-battleship/scripts/drone_effect_aggregator.gd:16"",""space-battleship/scripts/drone_effect_aggregator.gd:18"",""space-battleship/scripts/drone_effect_aggregator.gd:32""]"
space-battleship/data/hyperspace_config.json	/affixes/damage_laser/ranges/3/1	int	1	"{""sheet"":""hyperspace_config"",""row"":137,""value_column"":""C"",""type_column"":""B""}"	词缀定义与阶级区间	maximum	balance	True	consumed	原始加成；数量词缀最终投影有int截断	已实现词缀定义、适用武器及各阶原值区间	保留当前JSON类型；数值有限；运行时C.number边界abs(value)<9e15；相关跨字段约束必须导入和启动均检查；仅已有实现ID/武器；阶1..5；min≤max，量化网格非空	"[""space-battleship/scripts/drone_rewards.gd:15"",""space-battleship/scripts/drone_rewards.gd:16"",""space-battleship/scripts/drone_rewards.gd:18"",""space-battleship/scripts/drone_rewards.gd:20"",""space-battleship/scripts/drone_rewards.gd:39"",""space-battleship/scripts/drone_rewards.gd:40"",""space-battleship/scripts/drone_rewards.gd:41"",""space-battleship/scripts/drone_forge.gd:11"",""space-battleship/scripts/drone_forge.gd:12"",""space-battleship/scripts/drone_forge.gd:15"",""space-battleship/scripts/drone_forge.gd:16"",""space-battleship/scripts/drone_forge.gd:56"",""space-battleship/scripts/drone_forge.gd:57"",""space-battleship/scripts/drone_forge.gd:61"",""space-battleship/scripts/drone_forge.gd:64"",""space-battleship/scripts/drone_forge.gd:69"",""space-battleship/scripts/drone_forge.gd:71"",""space-battleship/scripts/drone_forge.gd:77"",""space-battleship/scripts/drone_forge.gd:79"",""space-battleship/scripts/drone_forge.gd:84"",""space-battleship/scripts/drone_forge.gd:89"",""space-battleship/scripts/drone_forge.gd:91"",""space-battleship/scripts/drone_forge.gd:96"",""space-battleship/scripts/drone_forge.gd:134"",""space-battleship/scripts/drone_forge.gd:160"",""space-battleship/scripts/drone_inventory.gd:6"",""space-battleship/scripts/drone_inventory.gd:38"",""space-battleship/scripts/drone_inventory.gd:40"",""space-battleship/scripts/drone_inventory.gd:41"",""space-battleship/scripts/drone_inventory.gd:66"",""space-battleship/scripts/drone_effect_aggregator.gd:5"",""space-battleship/scripts/drone_effect_aggregator.gd:7"",""space-battleship/scripts/drone_effect_aggregator.gd:15"",""space-battleship/scripts/drone_effect_aggregator.gd:16"",""space-battleship/scripts/drone_effect_aggregator.gd:18"",""space-battleship/scripts/drone_effect_aggregator.gd:32""]"
space-battleship/data/hyperspace_config.json	/affixes/damage_laser/ranges/4/0	float	0.4	"{""sheet"":""hyperspace_config"",""row"":139,""value_column"":""C"",""type_column"":""B""}"	词缀定义与阶级区间	minimum	balance	True	consumed	原始加成；数量词缀最终投影有int截断	已实现词缀定义、适用武器及各阶原值区间	保留当前JSON类型；数值有限；运行时C.number边界abs(value)<9e15；相关跨字段约束必须导入和启动均检查；仅已有实现ID/武器；阶1..5；min≤max，量化网格非空	"[""space-battleship/scripts/drone_rewards.gd:15"",""space-battleship/scripts/drone_rewards.gd:16"",""space-battleship/scripts/drone_rewards.gd:18"",""space-battleship/scripts/drone_rewards.gd:20"",""space-battleship/scripts/drone_rewards.gd:39"",""space-battleship/scripts/drone_rewards.gd:40"",""space-battleship/scripts/drone_rewards.gd:41"",""space-battleship/scripts/drone_forge.gd:11"",""space-battleship/scripts/drone_forge.gd:12"",""space-battleship/scripts/drone_forge.gd:15"",""space-battleship/scripts/drone_forge.gd:16"",""space-battleship/scripts/drone_forge.gd:56"",""space-battleship/scripts/drone_forge.gd:57"",""space-battleship/scripts/drone_forge.gd:61"",""space-battleship/scripts/drone_forge.gd:64"",""space-battleship/scripts/drone_forge.gd:69"",""space-battleship/scripts/drone_forge.gd:71"",""space-battleship/scripts/drone_forge.gd:77"",""space-battleship/scripts/drone_forge.gd:79"",""space-battleship/scripts/drone_forge.gd:84"",""space-battleship/scripts/drone_forge.gd:89"",""space-battleship/scripts/drone_forge.gd:91"",""space-battleship/scripts/drone_forge.gd:96"",""space-battleship/scripts/drone_forge.gd:134"",""space-battleship/scripts/drone_forge.gd:160"",""space-battleship/scripts/drone_inventory.gd:6"",""space-battleship/scripts/drone_inventory.gd:38"",""space-battleship/scripts/drone_inventory.gd:40"",""space-battleship/scripts/drone_inventory.gd:41"",""space-battleship/scripts/drone_inventory.gd:66"",""space-battleship/scripts/drone_effect_aggregator.gd:5"",""space-battleship/scripts/drone_effect_aggregator.gd:7"",""space-battleship/scripts/drone_effect_aggregator.gd:15"",""space-battleship/scripts/drone_effect_aggregator.gd:16"",""space-battleship/scripts/drone_effect_aggregator.gd:18"",""space-battleship/scripts/drone_effect_aggregator.gd:32""]"
space-battleship/data/hyperspace_config.json	/affixes/damage_laser/ranges/4/1	float	0.6	"{""sheet"":""hyperspace_config"",""row"":140,""value_column"":""C"",""type_column"":""B""}"	词缀定义与阶级区间	maximum	balance	True	consumed	原始加成；数量词缀最终投影有int截断	已实现词缀定义、适用武器及各阶原值区间	保留当前JSON类型；数值有限；运行时C.number边界abs(value)<9e15；相关跨字段约束必须导入和启动均检查；仅已有实现ID/武器；阶1..5；min≤max，量化网格非空	"[""space-battleship/scripts/drone_rewards.gd:15"",""space-battleship/scripts/drone_rewards.gd:16"",""space-battleship/scripts/drone_rewards.gd:18"",""space-battleship/scripts/drone_rewards.gd:20"",""space-battleship/scripts/drone_rewards.gd:39"",""space-battleship/scripts/drone_rewards.gd:40"",""space-battleship/scripts/drone_rewards.gd:41"",""space-battleship/scripts/drone_forge.gd:11"",""space-battleship/scripts/drone_forge.gd:12"",""space-battleship/scripts/drone_forge.gd:15"",""space-battleship/scripts/drone_forge.gd:16"",""space-battleship/scripts/drone_forge.gd:56"",""space-battleship/scripts/drone_forge.gd:57"",""space-battleship/scripts/drone_forge.gd:61"",""space-battleship/scripts/drone_forge.gd:64"",""space-battleship/scripts/drone_forge.gd:69"",""space-battleship/scripts/drone_forge.gd:71"",""space-battleship/scripts/drone_forge.gd:77"",""space-battleship/scripts/drone_forge.gd:79"",""space-battleship/scripts/drone_forge.gd:84"",""space-battleship/scripts/drone_forge.gd:89"",""space-battleship/scripts/drone_forge.gd:91"",""space-battleship/scripts/drone_forge.gd:96"",""space-battleship/scripts/drone_forge.gd:134"",""space-battleship/scripts/drone_forge.gd:160"",""space-battleship/scripts/drone_inventory.gd:6"",""space-battleship/scripts/drone_inventory.gd:38"",""space-battleship/scripts/drone_inventory.gd:40"",""space-battleship/scripts/drone_inventory.gd:41"",""space-battleship/scripts/drone_inventory.gd:66"",""space-battleship/scripts/drone_effect_aggregator.gd:5"",""space-battleship/scripts/drone_effect_aggregator.gd:7"",""space-battleship/scripts/drone_effect_aggregator.gd:15"",""space-battleship/scripts/drone_effect_aggregator.gd:16"",""space-battleship/scripts/drone_effect_aggregator.gd:18"",""space-battleship/scripts/drone_effect_aggregator.gd:32""]"
space-battleship/data/hyperspace_config.json	/affixes/damage_laser/ranges/5/0	float	0.1	"{""sheet"":""hyperspace_config"",""row"":142,""value_column"":""C"",""type_column"":""B""}"	词缀定义与阶级区间	minimum	balance	True	consumed	原始加成；数量词缀最终投影有int截断	已实现词缀定义、适用武器及各阶原值区间	保留当前JSON类型；数值有限；运行时C.number边界abs(value)<9e15；相关跨字段约束必须导入和启动均检查；仅已有实现ID/武器；阶1..5；min≤max，量化网格非空	"[""space-battleship/scripts/drone_rewards.gd:15"",""space-battleship/scripts/drone_rewards.gd:16"",""space-battleship/scripts/drone_rewards.gd:18"",""space-battleship/scripts/drone_rewards.gd:20"",""space-battleship/scripts/drone_rewards.gd:39"",""space-battleship/scripts/drone_rewards.gd:40"",""space-battleship/scripts/drone_rewards.gd:41"",""space-battleship/scripts/drone_forge.gd:11"",""space-battleship/scripts/drone_forge.gd:12"",""space-battleship/scripts/drone_forge.gd:15"",""space-battleship/scripts/drone_forge.gd:16"",""space-battleship/scripts/drone_forge.gd:56"",""space-battleship/scripts/drone_forge.gd:57"",""space-battleship/scripts/drone_forge.gd:61"",""space-battleship/scripts/drone_forge.gd:64"",""space-battleship/scripts/drone_forge.gd:69"",""space-battleship/scripts/drone_forge.gd:71"",""space-battleship/scripts/drone_forge.gd:77"",""space-battleship/scripts/drone_forge.gd:79"",""space-battleship/scripts/drone_forge.gd:84"",""space-battleship/scripts/drone_forge.gd:89"",""space-battleship/scripts/drone_forge.gd:91"",""space-battleship/scripts/drone_forge.gd:96"",""space-battleship/scripts/drone_forge.gd:134"",""space-battleship/scripts/drone_forge.gd:160"",""space-battleship/scripts/drone_inventory.gd:6"",""space-battleship/scripts/drone_inventory.gd:38"",""space-battleship/scripts/drone_inventory.gd:40"",""space-battleship/scripts/drone_inventory.gd:41"",""space-battleship/scripts/drone_inventory.gd:66"",""space-battleship/scripts/drone_effect_aggregator.gd:5"",""space-battleship/scripts/drone_effect_aggregator.gd:7"",""space-battleship/scripts/drone_effect_aggregator.gd:15"",""space-battleship/scripts/drone_effect_aggregator.gd:16"",""space-battleship/scripts/drone_effect_aggregator.gd:18"",""space-battleship/scripts/drone_effect_aggregator.gd:32""]"
space-battleship/data/hyperspace_config.json	/affixes/damage_laser/ranges/5/1	float	0.2	"{""sheet"":""hyperspace_config"",""row"":143,""value_column"":""C"",""type_column"":""B""}"	词缀定义与阶级区间	maximum	balance	True	consumed	原始加成；数量词缀最终投影有int截断	已实现词缀定义、适用武器及各阶原值区间	保留当前JSON类型；数值有限；运行时C.number边界abs(value)<9e15；相关跨字段约束必须导入和启动均检查；仅已有实现ID/武器；阶1..5；min≤max，量化网格非空	"[""space-battleship/scripts/drone_rewards.gd:15"",""space-battleship/scripts/drone_rewards.gd:16"",""space-battleship/scripts/drone_rewards.gd:18"",""space-battleship/scripts/drone_rewards.gd:20"",""space-battleship/scripts/drone_rewards.gd:39"",""space-battleship/scripts/drone_rewards.gd:40"",""space-battleship/scripts/drone_rewards.gd:41"",""space-battleship/scripts/drone_forge.gd:11"",""space-battleship/scripts/drone_forge.gd:12"",""space-battleship/scripts/drone_forge.gd:15"",""space-battleship/scripts/drone_forge.gd:16"",""space-battleship/scripts/drone_forge.gd:56"",""space-battleship/scripts/drone_forge.gd:57"",""space-battleship/scripts/drone_forge.gd:61"",""space-battleship/scripts/drone_forge.gd:64"",""space-battleship/scripts/drone_forge.gd:69"",""space-battleship/scripts/drone_forge.gd:71"",""space-battleship/scripts/drone_forge.gd:77"",""space-battleship/scripts/drone_forge.gd:79"",""space-battleship/scripts/drone_forge.gd:84"",""space-battleship/scripts/drone_forge.gd:89"",""space-battleship/scripts/drone_forge.gd:91"",""space-battleship/scripts/drone_forge.gd:96"",""space-battleship/scripts/drone_forge.gd:134"",""space-battleship/scripts/drone_forge.gd:160"",""space-battleship/scripts/drone_inventory.gd:6"",""space-battleship/scripts/drone_inventory.gd:38"",""space-battleship/scripts/drone_inventory.gd:40"",""space-battleship/scripts/drone_inventory.gd:41"",""space-battleship/scripts/drone_inventory.gd:66"",""space-battleship/scripts/drone_effect_aggregator.gd:5"",""space-battleship/scripts/drone_effect_aggregator.gd:7"",""space-battleship/scripts/drone_effect_aggregator.gd:15"",""space-battleship/scripts/drone_effect_aggregator.gd:16"",""space-battleship/scripts/drone_effect_aggregator.gd:18"",""space-battleship/scripts/drone_effect_aggregator.gd:32""]"
space-battleship/data/hyperspace_config.json	/affixes/damage_laser/amplified	bool	true	"{""sheet"":""hyperspace_config"",""row"":144,""value_column"":""C"",""type_column"":""B""}"	词缀定义与阶级区间	amplified	balance	True	consumed	bool	已实现词缀定义、适用武器及各阶原值区间	保留当前JSON类型；数值有限；运行时C.number边界abs(value)<9e15；相关跨字段约束必须导入和启动均检查；仅已有实现ID/武器；阶1..5；min≤max，量化网格非空	"[""space-battleship/scripts/drone_rewards.gd:15"",""space-battleship/scripts/drone_rewards.gd:16"",""space-battleship/scripts/drone_rewards.gd:18"",""space-battleship/scripts/drone_rewards.gd:20"",""space-battleship/scripts/drone_rewards.gd:39"",""space-battleship/scripts/drone_rewards.gd:40"",""space-battleship/scripts/drone_rewards.gd:41"",""space-battleship/scripts/drone_forge.gd:11"",""space-battleship/scripts/drone_forge.gd:12"",""space-battleship/scripts/drone_forge.gd:15"",""space-battleship/scripts/drone_forge.gd:16"",""space-battleship/scripts/drone_forge.gd:56"",""space-battleship/scripts/drone_forge.gd:57"",""space-battleship/scripts/drone_forge.gd:61"",""space-battleship/scripts/drone_forge.gd:64"",""space-battleship/scripts/drone_forge.gd:69"",""space-battleship/scripts/drone_forge.gd:71"",""space-battleship/scripts/drone_forge.gd:77"",""space-battleship/scripts/drone_forge.gd:79"",""space-battleship/scripts/drone_forge.gd:84"",""space-battleship/scripts/drone_forge.gd:89"",""space-battleship/scripts/drone_forge.gd:91"",""space-battleship/scripts/drone_forge.gd:96"",""space-battleship/scripts/drone_forge.gd:134"",""space-battleship/scripts/drone_forge.gd:160"",""space-battleship/scripts/drone_inventory.gd:6"",""space-battleship/scripts/drone_inventory.gd:38"",""space-battleship/scripts/drone_inventory.gd:40"",""space-battleship/scripts/drone_inventory.gd:41"",""space-battleship/scripts/drone_inventory.gd:66"",""space-battleship/scripts/drone_effect_aggregator.gd:5"",""space-battleship/scripts/drone_effect_aggregator.gd:7"",""space-battleship/scripts/drone_effect_aggregator.gd:15"",""space-battleship/scripts/drone_effect_aggregator.gd:16"",""space-battleship/scripts/drone_effect_aggregator.gd:18"",""space-battleship/scripts/drone_effect_aggregator.gd:32""]"
space-battleship/data/hyperspace_config.json	/affixes/damage_laser/weapon	string	laser	"{""sheet"":""hyperspace_config"",""row"":145,""value_column"":""C"",""type_column"":""B""}"	词缀定义与阶级区间	weapon	balance	True	consumed	武器ID	已实现词缀定义、适用武器及各阶原值区间	保留当前JSON类型；数值有限；运行时C.number边界abs(value)<9e15；相关跨字段约束必须导入和启动均检查；仅已有实现ID/武器；阶1..5；min≤max，量化网格非空	"[""space-battleship/scripts/drone_rewards.gd:15"",""space-battleship/scripts/drone_rewards.gd:16"",""space-battleship/scripts/drone_rewards.gd:18"",""space-battleship/scripts/drone_rewards.gd:20"",""space-battleship/scripts/drone_rewards.gd:39"",""space-battleship/scripts/drone_rewards.gd:40"",""space-battleship/scripts/drone_rewards.gd:41"",""space-battleship/scripts/drone_forge.gd:11"",""space-battleship/scripts/drone_forge.gd:12"",""space-battleship/scripts/drone_forge.gd:15"",""space-battleship/scripts/drone_forge.gd:16"",""space-battleship/scripts/drone_forge.gd:56"",""space-battleship/scripts/drone_forge.gd:57"",""space-battleship/scripts/drone_forge.gd:61"",""space-battleship/scripts/drone_forge.gd:64"",""space-battleship/scripts/drone_forge.gd:69"",""space-battleship/scripts/drone_forge.gd:71"",""space-battleship/scripts/drone_forge.gd:77"",""space-battleship/scripts/drone_forge.gd:79"",""space-battleship/scripts/drone_forge.gd:84"",""space-battleship/scripts/drone_forge.gd:89"",""space-battleship/scripts/drone_forge.gd:91"",""space-battleship/scripts/drone_forge.gd:96"",""space-battleship/scripts/drone_forge.gd:134"",""space-battleship/scripts/drone_forge.gd:160"",""space-battleship/scripts/drone_inventory.gd:6"",""space-battleship/scripts/drone_inventory.gd:38"",""space-battleship/scripts/drone_inventory.gd:40"",""space-battleship/scripts/drone_inventory.gd:41"",""space-battleship/scripts/drone_inventory.gd:66"",""space-battleship/scripts/drone_effect_aggregator.gd:5"",""space-battleship/scripts/drone_effect_aggregator.gd:7"",""space-battleship/scripts/drone_effect_aggregator.gd:15"",""space-battleship/scripts/drone_effect_aggregator.gd:16"",""space-battleship/scripts/drone_effect_aggregator.gd:18"",""space-battleship/scripts/drone_effect_aggregator.gd:32""]"
space-battleship/data/hyperspace_config.json	/affixes/damage_missile/ranges/1/0	float	1.8	"{""sheet"":""hyperspace_config"",""row"":149,""value_column"":""C"",""type_column"":""B""}"	词缀定义与阶级区间	minimum	balance	True	consumed	原始加成；数量词缀最终投影有int截断	已实现词缀定义、适用武器及各阶原值区间	保留当前JSON类型；数值有限；运行时C.number边界abs(value)<9e15；相关跨字段约束必须导入和启动均检查；仅已有实现ID/武器；阶1..5；min≤max，量化网格非空	"[""space-battleship/scripts/drone_rewards.gd:15"",""space-battleship/scripts/drone_rewards.gd:16"",""space-battleship/scripts/drone_rewards.gd:18"",""space-battleship/scripts/drone_rewards.gd:20"",""space-battleship/scripts/drone_rewards.gd:39"",""space-battleship/scripts/drone_rewards.gd:40"",""space-battleship/scripts/drone_rewards.gd:41"",""space-battleship/scripts/drone_forge.gd:11"",""space-battleship/scripts/drone_forge.gd:12"",""space-battleship/scripts/drone_forge.gd:15"",""space-battleship/scripts/drone_forge.gd:16"",""space-battleship/scripts/drone_forge.gd:56"",""space-battleship/scripts/drone_forge.gd:57"",""space-battleship/scripts/drone_forge.gd:61"",""space-battleship/scripts/drone_forge.gd:64"",""space-battleship/scripts/drone_forge.gd:69"",""space-battleship/scripts/drone_forge.gd:71"",""space-battleship/scripts/drone_forge.gd:77"",""space-battleship/scripts/drone_forge.gd:79"",""space-battleship/scripts/drone_forge.gd:84"",""space-battleship/scripts/drone_forge.gd:89"",""space-battleship/scripts/drone_forge.gd:91"",""space-battleship/scripts/drone_forge.gd:96"",""space-battleship/scripts/drone_forge.gd:134"",""space-battleship/scripts/drone_forge.gd:160"",""space-battleship/scripts/drone_inventory.gd:6"",""space-battleship/scripts/drone_inventory.gd:38"",""space-battleship/scripts/drone_inventory.gd:40"",""space-battleship/scripts/drone_inventory.gd:41"",""space-battleship/scripts/drone_inventory.gd:66"",""space-battleship/scripts/drone_effect_aggregator.gd:5"",""space-battleship/scripts/drone_effect_aggregator.gd:7"",""space-battleship/scripts/drone_effect_aggregator.gd:15"",""space-battleship/scripts/drone_effect_aggregator.gd:16"",""space-battleship/scripts/drone_effect_aggregator.gd:18"",""space-battleship/scripts/drone_effect_aggregator.gd:32""]"
space-battleship/data/hyperspace_config.json	/affixes/damage_missile/ranges/1/1	float	2.0	"{""sheet"":""hyperspace_config"",""row"":150,""value_column"":""C"",""type_column"":""B""}"	词缀定义与阶级区间	maximum	balance	True	consumed	原始加成；数量词缀最终投影有int截断	已实现词缀定义、适用武器及各阶原值区间	保留当前JSON类型；数值有限；运行时C.number边界abs(value)<9e15；相关跨字段约束必须导入和启动均检查；仅已有实现ID/武器；阶1..5；min≤max，量化网格非空	"[""space-battleship/scripts/drone_rewards.gd:15"",""space-battleship/scripts/drone_rewards.gd:16"",""space-battleship/scripts/drone_rewards.gd:18"",""space-battleship/scripts/drone_rewards.gd:20"",""space-battleship/scripts/drone_rewards.gd:39"",""space-battleship/scripts/drone_rewards.gd:40"",""space-battleship/scripts/drone_rewards.gd:41"",""space-battleship/scripts/drone_forge.gd:11"",""space-battleship/scripts/drone_forge.gd:12"",""space-battleship/scripts/drone_forge.gd:15"",""space-battleship/scripts/drone_forge.gd:16"",""space-battleship/scripts/drone_forge.gd:56"",""space-battleship/scripts/drone_forge.gd:57"",""space-battleship/scripts/drone_forge.gd:61"",""space-battleship/scripts/drone_forge.gd:64"",""space-battleship/scripts/drone_forge.gd:69"",""space-battleship/scripts/drone_forge.gd:71"",""space-battleship/scripts/drone_forge.gd:77"",""space-battleship/scripts/drone_forge.gd:79"",""space-battleship/scripts/drone_forge.gd:84"",""space-battleship/scripts/drone_forge.gd:89"",""space-battleship/scripts/drone_forge.gd:91"",""space-battleship/scripts/drone_forge.gd:96"",""space-battleship/scripts/drone_forge.gd:134"",""space-battleship/scripts/drone_forge.gd:160"",""space-battleship/scripts/drone_inventory.gd:6"",""space-battleship/scripts/drone_inventory.gd:38"",""space-battleship/scripts/drone_inventory.gd:40"",""space-battleship/scripts/drone_inventory.gd:41"",""space-battleship/scripts/drone_inventory.gd:66"",""space-battleship/scripts/drone_effect_aggregator.gd:5"",""space-battleship/scripts/drone_effect_aggregator.gd:7"",""space-battleship/scripts/drone_effect_aggregator.gd:15"",""space-battleship/scripts/drone_effect_aggregator.gd:16"",""space-battleship/scripts/drone_effect_aggregator.gd:18"",""space-battleship/scripts/drone_effect_aggregator.gd:32""]"
space-battleship/data/hyperspace_config.json	/affixes/damage_missile/ranges/2/0	float	1.2	"{""sheet"":""hyperspace_config"",""row"":152,""value_column"":""C"",""type_column"":""B""}"	词缀定义与阶级区间	minimum	balance	True	consumed	原始加成；数量词缀最终投影有int截断	已实现词缀定义、适用武器及各阶原值区间	保留当前JSON类型；数值有限；运行时C.number边界abs(value)<9e15；相关跨字段约束必须导入和启动均检查；仅已有实现ID/武器；阶1..5；min≤max，量化网格非空	"[""space-battleship/scripts/drone_rewards.gd:15"",""space-battleship/scripts/drone_rewards.gd:16"",""space-battleship/scripts/drone_rewards.gd:18"",""space-battleship/scripts/drone_rewards.gd:20"",""space-battleship/scripts/drone_rewards.gd:39"",""space-battleship/scripts/drone_rewards.gd:40"",""space-battleship/scripts/drone_rewards.gd:41"",""space-battleship/scripts/drone_forge.gd:11"",""space-battleship/scripts/drone_forge.gd:12"",""space-battleship/scripts/drone_forge.gd:15"",""space-battleship/scripts/drone_forge.gd:16"",""space-battleship/scripts/drone_forge.gd:56"",""space-battleship/scripts/drone_forge.gd:57"",""space-battleship/scripts/drone_forge.gd:61"",""space-battleship/scripts/drone_forge.gd:64"",""space-battleship/scripts/drone_forge.gd:69"",""space-battleship/scripts/drone_forge.gd:71"",""space-battleship/scripts/drone_forge.gd:77"",""space-battleship/scripts/drone_forge.gd:79"",""space-battleship/scripts/drone_forge.gd:84"",""space-battleship/scripts/drone_forge.gd:89"",""space-battleship/scripts/drone_forge.gd:91"",""space-battleship/scripts/drone_forge.gd:96"",""space-battleship/scripts/drone_forge.gd:134"",""space-battleship/scripts/drone_forge.gd:160"",""space-battleship/scripts/drone_inventory.gd:6"",""space-battleship/scripts/drone_inventory.gd:38"",""space-battleship/scripts/drone_inventory.gd:40"",""space-battleship/scripts/drone_inventory.gd:41"",""space-battleship/scripts/drone_inventory.gd:66"",""space-battleship/scripts/drone_effect_aggregator.gd:5"",""space-battleship/scripts/drone_effect_aggregator.gd:7"",""space-battleship/scripts/drone_effect_aggregator.gd:15"",""space-battleship/scripts/drone_effect_aggregator.gd:16"",""space-battleship/scripts/drone_effect_aggregator.gd:18"",""space-battleship/scripts/drone_effect_aggregator.gd:32""]"
space-battleship/data/hyperspace_config.json	/affixes/damage_missile/ranges/2/1	float	1.5	"{""sheet"":""hyperspace_config"",""row"":153,""value_column"":""C"",""type_column"":""B""}"	词缀定义与阶级区间	maximum	balance	True	consumed	原始加成；数量词缀最终投影有int截断	已实现词缀定义、适用武器及各阶原值区间	保留当前JSON类型；数值有限；运行时C.number边界abs(value)<9e15；相关跨字段约束必须导入和启动均检查；仅已有实现ID/武器；阶1..5；min≤max，量化网格非空	"[""space-battleship/scripts/drone_rewards.gd:15"",""space-battleship/scripts/drone_rewards.gd:16"",""space-battleship/scripts/drone_rewards.gd:18"",""space-battleship/scripts/drone_rewards.gd:20"",""space-battleship/scripts/drone_rewards.gd:39"",""space-battleship/scripts/drone_rewards.gd:40"",""space-battleship/scripts/drone_rewards.gd:41"",""space-battleship/scripts/drone_forge.gd:11"",""space-battleship/scripts/drone_forge.gd:12"",""space-battleship/scripts/drone_forge.gd:15"",""space-battleship/scripts/drone_forge.gd:16"",""space-battleship/scripts/drone_forge.gd:56"",""space-battleship/scripts/drone_forge.gd:57"",""space-battleship/scripts/drone_forge.gd:61"",""space-battleship/scripts/drone_forge.gd:64"",""space-battleship/scripts/drone_forge.gd:69"",""space-battleship/scripts/drone_forge.gd:71"",""space-battleship/scripts/drone_forge.gd:77"",""space-battleship/scripts/drone_forge.gd:79"",""space-battleship/scripts/drone_forge.gd:84"",""space-battleship/scripts/drone_forge.gd:89"",""space-battleship/scripts/drone_forge.gd:91"",""space-battleship/scripts/drone_forge.gd:96"",""space-battleship/scripts/drone_forge.gd:134"",""space-battleship/scripts/drone_forge.gd:160"",""space-battleship/scripts/drone_inventory.gd:6"",""space-battleship/scripts/drone_inventory.gd:38"",""space-battleship/scripts/drone_inventory.gd:40"",""space-battleship/scripts/drone_inventory.gd:41"",""space-battleship/scripts/drone_inventory.gd:66"",""space-battleship/scripts/drone_effect_aggregator.gd:5"",""space-battleship/scripts/drone_effect_aggregator.gd:7"",""space-battleship/scripts/drone_effect_aggregator.gd:15"",""space-battleship/scripts/drone_effect_aggregator.gd:16"",""space-battleship/scripts/drone_effect_aggregator.gd:18"",""space-battleship/scripts/drone_effect_aggregator.gd:32""]"
space-battleship/data/hyperspace_config.json	/affixes/damage_missile/ranges/3/0	float	0.8	"{""sheet"":""hyperspace_config"",""row"":155,""value_column"":""C"",""type_column"":""B""}"	词缀定义与阶级区间	minimum	balance	True	consumed	原始加成；数量词缀最终投影有int截断	已实现词缀定义、适用武器及各阶原值区间	保留当前JSON类型；数值有限；运行时C.number边界abs(value)<9e15；相关跨字段约束必须导入和启动均检查；仅已有实现ID/武器；阶1..5；min≤max，量化网格非空	"[""space-battleship/scripts/drone_rewards.gd:15"",""space-battleship/scripts/drone_rewards.gd:16"",""space-battleship/scripts/drone_rewards.gd:18"",""space-battleship/scripts/drone_rewards.gd:20"",""space-battleship/scripts/drone_rewards.gd:39"",""space-battleship/scripts/drone_rewards.gd:40"",""space-battleship/scripts/drone_rewards.gd:41"",""space-battleship/scripts/drone_forge.gd:11"",""space-battleship/scripts/drone_forge.gd:12"",""space-battleship/scripts/drone_forge.gd:15"",""space-battleship/scripts/drone_forge.gd:16"",""space-battleship/scripts/drone_forge.gd:56"",""space-battleship/scripts/drone_forge.gd:57"",""space-battleship/scripts/drone_forge.gd:61"",""space-battleship/scripts/drone_forge.gd:64"",""space-battleship/scripts/drone_forge.gd:69"",""space-battleship/scripts/drone_forge.gd:71"",""space-battleship/scripts/drone_forge.gd:77"",""space-battleship/scripts/drone_forge.gd:79"",""space-battleship/scripts/drone_forge.gd:84"",""space-battleship/scripts/drone_forge.gd:89"",""space-battleship/scripts/drone_forge.gd:91"",""space-battleship/scripts/drone_forge.gd:96"",""space-battleship/scripts/drone_forge.gd:134"",""space-battleship/scripts/drone_forge.gd:160"",""space-battleship/scripts/drone_inventory.gd:6"",""space-battleship/scripts/drone_inventory.gd:38"",""space-battleship/scripts/drone_inventory.gd:40"",""space-battleship/scripts/drone_inventory.gd:41"",""space-battleship/scripts/drone_inventory.gd:66"",""space-battleship/scripts/drone_effect_aggregator.gd:5"",""space-battleship/scripts/drone_effect_aggregator.gd:7"",""space-battleship/scripts/drone_effect_aggregator.gd:15"",""space-battleship/scripts/drone_effect_aggregator.gd:16"",""space-battleship/scripts/drone_effect_aggregator.gd:18"",""space-battleship/scripts/drone_effect_aggregator.gd:32""]"
space-battleship/data/hyperspace_config.json	/affixes/damage_missile/ranges/3/1	int	1	"{""sheet"":""hyperspace_config"",""row"":156,""value_column"":""C"",""type_column"":""B""}"	词缀定义与阶级区间	maximum	balance	True	consumed	原始加成；数量词缀最终投影有int截断	已实现词缀定义、适用武器及各阶原值区间	保留当前JSON类型；数值有限；运行时C.number边界abs(value)<9e15；相关跨字段约束必须导入和启动均检查；仅已有实现ID/武器；阶1..5；min≤max，量化网格非空	"[""space-battleship/scripts/drone_rewards.gd:15"",""space-battleship/scripts/drone_rewards.gd:16"",""space-battleship/scripts/drone_rewards.gd:18"",""space-battleship/scripts/drone_rewards.gd:20"",""space-battleship/scripts/drone_rewards.gd:39"",""space-battleship/scripts/drone_rewards.gd:40"",""space-battleship/scripts/drone_rewards.gd:41"",""space-battleship/scripts/drone_forge.gd:11"",""space-battleship/scripts/drone_forge.gd:12"",""space-battleship/scripts/drone_forge.gd:15"",""space-battleship/scripts/drone_forge.gd:16"",""space-battleship/scripts/drone_forge.gd:56"",""space-battleship/scripts/drone_forge.gd:57"",""space-battleship/scripts/drone_forge.gd:61"",""space-battleship/scripts/drone_forge.gd:64"",""space-battleship/scripts/drone_forge.gd:69"",""space-battleship/scripts/drone_forge.gd:71"",""space-battleship/scripts/drone_forge.gd:77"",""space-battleship/scripts/drone_forge.gd:79"",""space-battleship/scripts/drone_forge.gd:84"",""space-battleship/scripts/drone_forge.gd:89"",""space-battleship/scripts/drone_forge.gd:91"",""space-battleship/scripts/drone_forge.gd:96"",""space-battleship/scripts/drone_forge.gd:134"",""space-battleship/scripts/drone_forge.gd:160"",""space-battleship/scripts/drone_inventory.gd:6"",""space-battleship/scripts/drone_inventory.gd:38"",""space-battleship/scripts/drone_inventory.gd:40"",""space-battleship/scripts/drone_inventory.gd:41"",""space-battleship/scripts/drone_inventory.gd:66"",""space-battleship/scripts/drone_effect_aggregator.gd:5"",""space-battleship/scripts/drone_effect_aggregator.gd:7"",""space-battleship/scripts/drone_effect_aggregator.gd:15"",""space-battleship/scripts/drone_effect_aggregator.gd:16"",""space-battleship/scripts/drone_effect_aggregator.gd:18"",""space-battleship/scripts/drone_effect_aggregator.gd:32""]"
space-battleship/data/hyperspace_config.json	/affixes/damage_missile/ranges/4/0	float	0.4	"{""sheet"":""hyperspace_config"",""row"":158,""value_column"":""C"",""type_column"":""B""}"	词缀定义与阶级区间	minimum	balance	True	consumed	原始加成；数量词缀最终投影有int截断	已实现词缀定义、适用武器及各阶原值区间	保留当前JSON类型；数值有限；运行时C.number边界abs(value)<9e15；相关跨字段约束必须导入和启动均检查；仅已有实现ID/武器；阶1..5；min≤max，量化网格非空	"[""space-battleship/scripts/drone_rewards.gd:15"",""space-battleship/scripts/drone_rewards.gd:16"",""space-battleship/scripts/drone_rewards.gd:18"",""space-battleship/scripts/drone_rewards.gd:20"",""space-battleship/scripts/drone_rewards.gd:39"",""space-battleship/scripts/drone_rewards.gd:40"",""space-battleship/scripts/drone_rewards.gd:41"",""space-battleship/scripts/drone_forge.gd:11"",""space-battleship/scripts/drone_forge.gd:12"",""space-battleship/scripts/drone_forge.gd:15"",""space-battleship/scripts/drone_forge.gd:16"",""space-battleship/scripts/drone_forge.gd:56"",""space-battleship/scripts/drone_forge.gd:57"",""space-battleship/scripts/drone_forge.gd:61"",""space-battleship/scripts/drone_forge.gd:64"",""space-battleship/scripts/drone_forge.gd:69"",""space-battleship/scripts/drone_forge.gd:71"",""space-battleship/scripts/drone_forge.gd:77"",""space-battleship/scripts/drone_forge.gd:79"",""space-battleship/scripts/drone_forge.gd:84"",""space-battleship/scripts/drone_forge.gd:89"",""space-battleship/scripts/drone_forge.gd:91"",""space-battleship/scripts/drone_forge.gd:96"",""space-battleship/scripts/drone_forge.gd:134"",""space-battleship/scripts/drone_forge.gd:160"",""space-battleship/scripts/drone_inventory.gd:6"",""space-battleship/scripts/drone_inventory.gd:38"",""space-battleship/scripts/drone_inventory.gd:40"",""space-battleship/scripts/drone_inventory.gd:41"",""space-battleship/scripts/drone_inventory.gd:66"",""space-battleship/scripts/drone_effect_aggregator.gd:5"",""space-battleship/scripts/drone_effect_aggregator.gd:7"",""space-battleship/scripts/drone_effect_aggregator.gd:15"",""space-battleship/scripts/drone_effect_aggregator.gd:16"",""space-battleship/scripts/drone_effect_aggregator.gd:18"",""space-battleship/scripts/drone_effect_aggregator.gd:32""]"
space-battleship/data/hyperspace_config.json	/affixes/damage_missile/ranges/4/1	float	0.6	"{""sheet"":""hyperspace_config"",""row"":159,""value_column"":""C"",""type_column"":""B""}"	词缀定义与阶级区间	maximum	balance	True	consumed	原始加成；数量词缀最终投影有int截断	已实现词缀定义、适用武器及各阶原值区间	保留当前JSON类型；数值有限；运行时C.number边界abs(value)<9e15；相关跨字段约束必须导入和启动均检查；仅已有实现ID/武器；阶1..5；min≤max，量化网格非空	"[""space-battleship/scripts/drone_rewards.gd:15"",""space-battleship/scripts/drone_rewards.gd:16"",""space-battleship/scripts/drone_rewards.gd:18"",""space-battleship/scripts/drone_rewards.gd:20"",""space-battleship/scripts/drone_rewards.gd:39"",""space-battleship/scripts/drone_rewards.gd:40"",""space-battleship/scripts/drone_rewards.gd:41"",""space-battleship/scripts/drone_forge.gd:11"",""space-battleship/scripts/drone_forge.gd:12"",""space-battleship/scripts/drone_forge.gd:15"",""space-battleship/scripts/drone_forge.gd:16"",""space-battleship/scripts/drone_forge.gd:56"",""space-battleship/scripts/drone_forge.gd:57"",""space-battleship/scripts/drone_forge.gd:61"",""space-battleship/scripts/drone_forge.gd:64"",""space-battleship/scripts/drone_forge.gd:69"",""space-battleship/scripts/drone_forge.gd:71"",""space-battleship/scripts/drone_forge.gd:77"",""space-battleship/scripts/drone_forge.gd:79"",""space-battleship/scripts/drone_forge.gd:84"",""space-battleship/scripts/drone_forge.gd:89"",""space-battleship/scripts/drone_forge.gd:91"",""space-battleship/scripts/drone_forge.gd:96"",""space-battleship/scripts/drone_forge.gd:134"",""space-battleship/scripts/drone_forge.gd:160"",""space-battleship/scripts/drone_inventory.gd:6"",""space-battleship/scripts/drone_inventory.gd:38"",""space-battleship/scripts/drone_inventory.gd:40"",""space-battleship/scripts/drone_inventory.gd:41"",""space-battleship/scripts/drone_inventory.gd:66"",""space-battleship/scripts/drone_effect_aggregator.gd:5"",""space-battleship/scripts/drone_effect_aggregator.gd:7"",""space-battleship/scripts/drone_effect_aggregator.gd:15"",""space-battleship/scripts/drone_effect_aggregator.gd:16"",""space-battleship/scripts/drone_effect_aggregator.gd:18"",""space-battleship/scripts/drone_effect_aggregator.gd:32""]"
space-battleship/data/hyperspace_config.json	/affixes/damage_missile/ranges/5/0	float	0.1	"{""sheet"":""hyperspace_config"",""row"":161,""value_column"":""C"",""type_column"":""B""}"	词缀定义与阶级区间	minimum	balance	True	consumed	原始加成；数量词缀最终投影有int截断	已实现词缀定义、适用武器及各阶原值区间	保留当前JSON类型；数值有限；运行时C.number边界abs(value)<9e15；相关跨字段约束必须导入和启动均检查；仅已有实现ID/武器；阶1..5；min≤max，量化网格非空	"[""space-battleship/scripts/drone_rewards.gd:15"",""space-battleship/scripts/drone_rewards.gd:16"",""space-battleship/scripts/drone_rewards.gd:18"",""space-battleship/scripts/drone_rewards.gd:20"",""space-battleship/scripts/drone_rewards.gd:39"",""space-battleship/scripts/drone_rewards.gd:40"",""space-battleship/scripts/drone_rewards.gd:41"",""space-battleship/scripts/drone_forge.gd:11"",""space-battleship/scripts/drone_forge.gd:12"",""space-battleship/scripts/drone_forge.gd:15"",""space-battleship/scripts/drone_forge.gd:16"",""space-battleship/scripts/drone_forge.gd:56"",""space-battleship/scripts/drone_forge.gd:57"",""space-battleship/scripts/drone_forge.gd:61"",""space-battleship/scripts/drone_forge.gd:64"",""space-battleship/scripts/drone_forge.gd:69"",""space-battleship/scripts/drone_forge.gd:71"",""space-battleship/scripts/drone_forge.gd:77"",""space-battleship/scripts/drone_forge.gd:79"",""space-battleship/scripts/drone_forge.gd:84"",""space-battleship/scripts/drone_forge.gd:89"",""space-battleship/scripts/drone_forge.gd:91"",""space-battleship/scripts/drone_forge.gd:96"",""space-battleship/scripts/drone_forge.gd:134"",""space-battleship/scripts/drone_forge.gd:160"",""space-battleship/scripts/drone_inventory.gd:6"",""space-battleship/scripts/drone_inventory.gd:38"",""space-battleship/scripts/drone_inventory.gd:40"",""space-battleship/scripts/drone_inventory.gd:41"",""space-battleship/scripts/drone_inventory.gd:66"",""space-battleship/scripts/drone_effect_aggregator.gd:5"",""space-battleship/scripts/drone_effect_aggregator.gd:7"",""space-battleship/scripts/drone_effect_aggregator.gd:15"",""space-battleship/scripts/drone_effect_aggregator.gd:16"",""space-battleship/scripts/drone_effect_aggregator.gd:18"",""space-battleship/scripts/drone_effect_aggregator.gd:32""]"
space-battleship/data/hyperspace_config.json	/affixes/damage_missile/ranges/5/1	float	0.2	"{""sheet"":""hyperspace_config"",""row"":162,""value_column"":""C"",""type_column"":""B""}"	词缀定义与阶级区间	maximum	balance	True	consumed	原始加成；数量词缀最终投影有int截断	已实现词缀定义、适用武器及各阶原值区间	保留当前JSON类型；数值有限；运行时C.number边界abs(value)<9e15；相关跨字段约束必须导入和启动均检查；仅已有实现ID/武器；阶1..5；min≤max，量化网格非空	"[""space-battleship/scripts/drone_rewards.gd:15"",""space-battleship/scripts/drone_rewards.gd:16"",""space-battleship/scripts/drone_rewards.gd:18"",""space-battleship/scripts/drone_rewards.gd:20"",""space-battleship/scripts/drone_rewards.gd:39"",""space-battleship/scripts/drone_rewards.gd:40"",""space-battleship/scripts/drone_rewards.gd:41"",""space-battleship/scripts/drone_forge.gd:11"",""space-battleship/scripts/drone_forge.gd:12"",""space-battleship/scripts/drone_forge.gd:15"",""space-battleship/scripts/drone_forge.gd:16"",""space-battleship/scripts/drone_forge.gd:56"",""space-battleship/scripts/drone_forge.gd:57"",""space-battleship/scripts/drone_forge.gd:61"",""space-battleship/scripts/drone_forge.gd:64"",""space-battleship/scripts/drone_forge.gd:69"",""space-battleship/scripts/drone_forge.gd:71"",""space-battleship/scripts/drone_forge.gd:77"",""space-battleship/scripts/drone_forge.gd:79"",""space-battleship/scripts/drone_forge.gd:84"",""space-battleship/scripts/drone_forge.gd:89"",""space-battleship/scripts/drone_forge.gd:91"",""space-battleship/scripts/drone_forge.gd:96"",""space-battleship/scripts/drone_forge.gd:134"",""space-battleship/scripts/drone_forge.gd:160"",""space-battleship/scripts/drone_inventory.gd:6"",""space-battleship/scripts/drone_inventory.gd:38"",""space-battleship/scripts/drone_inventory.gd:40"",""space-battleship/scripts/drone_inventory.gd:41"",""space-battleship/scripts/drone_inventory.gd:66"",""space-battleship/scripts/drone_effect_aggregator.gd:5"",""space-battleship/scripts/drone_effect_aggregator.gd:7"",""space-battleship/scripts/drone_effect_aggregator.gd:15"",""space-battleship/scripts/drone_effect_aggregator.gd:16"",""space-battleship/scripts/drone_effect_aggregator.gd:18"",""space-battleship/scripts/drone_effect_aggregator.gd:32""]"
space-battleship/data/hyperspace_config.json	/affixes/damage_missile/amplified	bool	true	"{""sheet"":""hyperspace_config"",""row"":163,""value_column"":""C"",""type_column"":""B""}"	词缀定义与阶级区间	amplified	balance	True	consumed	bool	已实现词缀定义、适用武器及各阶原值区间	保留当前JSON类型；数值有限；运行时C.number边界abs(value)<9e15；相关跨字段约束必须导入和启动均检查；仅已有实现ID/武器；阶1..5；min≤max，量化网格非空	"[""space-battleship/scripts/drone_rewards.gd:15"",""space-battleship/scripts/drone_rewards.gd:16"",""space-battleship/scripts/drone_rewards.gd:18"",""space-battleship/scripts/drone_rewards.gd:20"",""space-battleship/scripts/drone_rewards.gd:39"",""space-battleship/scripts/drone_rewards.gd:40"",""space-battleship/scripts/drone_rewards.gd:41"",""space-battleship/scripts/drone_forge.gd:11"",""space-battleship/scripts/drone_forge.gd:12"",""space-battleship/scripts/drone_forge.gd:15"",""space-battleship/scripts/drone_forge.gd:16"",""space-battleship/scripts/drone_forge.gd:56"",""space-battleship/scripts/drone_forge.gd:57"",""space-battleship/scripts/drone_forge.gd:61"",""space-battleship/scripts/drone_forge.gd:64"",""space-battleship/scripts/drone_forge.gd:69"",""space-battleship/scripts/drone_forge.gd:71"",""space-battleship/scripts/drone_forge.gd:77"",""space-battleship/scripts/drone_forge.gd:79"",""space-battleship/scripts/drone_forge.gd:84"",""space-battleship/scripts/drone_forge.gd:89"",""space-battleship/scripts/drone_forge.gd:91"",""space-battleship/scripts/drone_forge.gd:96"",""space-battleship/scripts/drone_forge.gd:134"",""space-battleship/scripts/drone_forge.gd:160"",""space-battleship/scripts/drone_inventory.gd:6"",""space-battleship/scripts/drone_inventory.gd:38"",""space-battleship/scripts/drone_inventory.gd:40"",""space-battleship/scripts/drone_inventory.gd:41"",""space-battleship/scripts/drone_inventory.gd:66"",""space-battleship/scripts/drone_effect_aggregator.gd:5"",""space-battleship/scripts/drone_effect_aggregator.gd:7"",""space-battleship/scripts/drone_effect_aggregator.gd:15"",""space-battleship/scripts/drone_effect_aggregator.gd:16"",""space-battleship/scripts/drone_effect_aggregator.gd:18"",""space-battleship/scripts/drone_effect_aggregator.gd:32""]"
space-battleship/data/hyperspace_config.json	/affixes/damage_missile/weapon	string	missile	"{""sheet"":""hyperspace_config"",""row"":164,""value_column"":""C"",""type_column"":""B""}"	词缀定义与阶级区间	weapon	balance	True	consumed	武器ID	已实现词缀定义、适用武器及各阶原值区间	保留当前JSON类型；数值有限；运行时C.number边界abs(value)<9e15；相关跨字段约束必须导入和启动均检查；仅已有实现ID/武器；阶1..5；min≤max，量化网格非空	"[""space-battleship/scripts/drone_rewards.gd:15"",""space-battleship/scripts/drone_rewards.gd:16"",""space-battleship/scripts/drone_rewards.gd:18"",""space-battleship/scripts/drone_rewards.gd:20"",""space-battleship/scripts/drone_rewards.gd:39"",""space-battleship/scripts/drone_rewards.gd:40"",""space-battleship/scripts/drone_rewards.gd:41"",""space-battleship/scripts/drone_forge.gd:11"",""space-battleship/scripts/drone_forge.gd:12"",""space-battleship/scripts/drone_forge.gd:15"",""space-battleship/scripts/drone_forge.gd:16"",""space-battleship/scripts/drone_forge.gd:56"",""space-battleship/scripts/drone_forge.gd:57"",""space-battleship/scripts/drone_forge.gd:61"",""space-battleship/scripts/drone_forge.gd:64"",""space-battleship/scripts/drone_forge.gd:69"",""space-battleship/scripts/drone_forge.gd:71"",""space-battleship/scripts/drone_forge.gd:77"",""space-battleship/scripts/drone_forge.gd:79"",""space-battleship/scripts/drone_forge.gd:84"",""space-battleship/scripts/drone_forge.gd:89"",""space-battleship/scripts/drone_forge.gd:91"",""space-battleship/scripts/drone_forge.gd:96"",""space-battleship/scripts/drone_forge.gd:134"",""space-battleship/scripts/drone_forge.gd:160"",""space-battleship/scripts/drone_inventory.gd:6"",""space-battleship/scripts/drone_inventory.gd:38"",""space-battleship/scripts/drone_inventory.gd:40"",""space-battleship/scripts/drone_inventory.gd:41"",""space-battleship/scripts/drone_inventory.gd:66"",""space-battleship/scripts/drone_effect_aggregator.gd:5"",""space-battleship/scripts/drone_effect_aggregator.gd:7"",""space-battleship/scripts/drone_effect_aggregator.gd:15"",""space-battleship/scripts/drone_effect_aggregator.gd:16"",""space-battleship/scripts/drone_effect_aggregator.gd:18"",""space-battleship/scripts/drone_effect_aggregator.gd:32""]"
space-battleship/data/hyperspace_config.json	/affixes/damage_cannon/ranges/1/0	float	1.8	"{""sheet"":""hyperspace_config"",""row"":168,""value_column"":""C"",""type_column"":""B""}"	词缀定义与阶级区间	minimum	balance	True	consumed	原始加成；数量词缀最终投影有int截断	已实现词缀定义、适用武器及各阶原值区间	保留当前JSON类型；数值有限；运行时C.number边界abs(value)<9e15；相关跨字段约束必须导入和启动均检查；仅已有实现ID/武器；阶1..5；min≤max，量化网格非空	"[""space-battleship/scripts/drone_rewards.gd:15"",""space-battleship/scripts/drone_rewards.gd:16"",""space-battleship/scripts/drone_rewards.gd:18"",""space-battleship/scripts/drone_rewards.gd:20"",""space-battleship/scripts/drone_rewards.gd:39"",""space-battleship/scripts/drone_rewards.gd:40"",""space-battleship/scripts/drone_rewards.gd:41"",""space-battleship/scripts/drone_forge.gd:11"",""space-battleship/scripts/drone_forge.gd:12"",""space-battleship/scripts/drone_forge.gd:15"",""space-battleship/scripts/drone_forge.gd:16"",""space-battleship/scripts/drone_forge.gd:56"",""space-battleship/scripts/drone_forge.gd:57"",""space-battleship/scripts/drone_forge.gd:61"",""space-battleship/scripts/drone_forge.gd:64"",""space-battleship/scripts/drone_forge.gd:69"",""space-battleship/scripts/drone_forge.gd:71"",""space-battleship/scripts/drone_forge.gd:77"",""space-battleship/scripts/drone_forge.gd:79"",""space-battleship/scripts/drone_forge.gd:84"",""space-battleship/scripts/drone_forge.gd:89"",""space-battleship/scripts/drone_forge.gd:91"",""space-battleship/scripts/drone_forge.gd:96"",""space-battleship/scripts/drone_forge.gd:134"",""space-battleship/scripts/drone_forge.gd:160"",""space-battleship/scripts/drone_inventory.gd:6"",""space-battleship/scripts/drone_inventory.gd:38"",""space-battleship/scripts/drone_inventory.gd:40"",""space-battleship/scripts/drone_inventory.gd:41"",""space-battleship/scripts/drone_inventory.gd:66"",""space-battleship/scripts/drone_effect_aggregator.gd:5"",""space-battleship/scripts/drone_effect_aggregator.gd:7"",""space-battleship/scripts/drone_effect_aggregator.gd:15"",""space-battleship/scripts/drone_effect_aggregator.gd:16"",""space-battleship/scripts/drone_effect_aggregator.gd:18"",""space-battleship/scripts/drone_effect_aggregator.gd:32""]"
space-battleship/data/hyperspace_config.json	/affixes/damage_cannon/ranges/1/1	float	2.0	"{""sheet"":""hyperspace_config"",""row"":169,""value_column"":""C"",""type_column"":""B""}"	词缀定义与阶级区间	maximum	balance	True	consumed	原始加成；数量词缀最终投影有int截断	已实现词缀定义、适用武器及各阶原值区间	保留当前JSON类型；数值有限；运行时C.number边界abs(value)<9e15；相关跨字段约束必须导入和启动均检查；仅已有实现ID/武器；阶1..5；min≤max，量化网格非空	"[""space-battleship/scripts/drone_rewards.gd:15"",""space-battleship/scripts/drone_rewards.gd:16"",""space-battleship/scripts/drone_rewards.gd:18"",""space-battleship/scripts/drone_rewards.gd:20"",""space-battleship/scripts/drone_rewards.gd:39"",""space-battleship/scripts/drone_rewards.gd:40"",""space-battleship/scripts/drone_rewards.gd:41"",""space-battleship/scripts/drone_forge.gd:11"",""space-battleship/scripts/drone_forge.gd:12"",""space-battleship/scripts/drone_forge.gd:15"",""space-battleship/scripts/drone_forge.gd:16"",""space-battleship/scripts/drone_forge.gd:56"",""space-battleship/scripts/drone_forge.gd:57"",""space-battleship/scripts/drone_forge.gd:61"",""space-battleship/scripts/drone_forge.gd:64"",""space-battleship/scripts/drone_forge.gd:69"",""space-battleship/scripts/drone_forge.gd:71"",""space-battleship/scripts/drone_forge.gd:77"",""space-battleship/scripts/drone_forge.gd:79"",""space-battleship/scripts/drone_forge.gd:84"",""space-battleship/scripts/drone_forge.gd:89"",""space-battleship/scripts/drone_forge.gd:91"",""space-battleship/scripts/drone_forge.gd:96"",""space-battleship/scripts/drone_forge.gd:134"",""space-battleship/scripts/drone_forge.gd:160"",""space-battleship/scripts/drone_inventory.gd:6"",""space-battleship/scripts/drone_inventory.gd:38"",""space-battleship/scripts/drone_inventory.gd:40"",""space-battleship/scripts/drone_inventory.gd:41"",""space-battleship/scripts/drone_inventory.gd:66"",""space-battleship/scripts/drone_effect_aggregator.gd:5"",""space-battleship/scripts/drone_effect_aggregator.gd:7"",""space-battleship/scripts/drone_effect_aggregator.gd:15"",""space-battleship/scripts/drone_effect_aggregator.gd:16"",""space-battleship/scripts/drone_effect_aggregator.gd:18"",""space-battleship/scripts/drone_effect_aggregator.gd:32""]"
space-battleship/data/hyperspace_config.json	/affixes/damage_cannon/ranges/2/0	float	1.2	"{""sheet"":""hyperspace_config"",""row"":171,""value_column"":""C"",""type_column"":""B""}"	词缀定义与阶级区间	minimum	balance	True	consumed	原始加成；数量词缀最终投影有int截断	已实现词缀定义、适用武器及各阶原值区间	保留当前JSON类型；数值有限；运行时C.number边界abs(value)<9e15；相关跨字段约束必须导入和启动均检查；仅已有实现ID/武器；阶1..5；min≤max，量化网格非空	"[""space-battleship/scripts/drone_rewards.gd:15"",""space-battleship/scripts/drone_rewards.gd:16"",""space-battleship/scripts/drone_rewards.gd:18"",""space-battleship/scripts/drone_rewards.gd:20"",""space-battleship/scripts/drone_rewards.gd:39"",""space-battleship/scripts/drone_rewards.gd:40"",""space-battleship/scripts/drone_rewards.gd:41"",""space-battleship/scripts/drone_forge.gd:11"",""space-battleship/scripts/drone_forge.gd:12"",""space-battleship/scripts/drone_forge.gd:15"",""space-battleship/scripts/drone_forge.gd:16"",""space-battleship/scripts/drone_forge.gd:56"",""space-battleship/scripts/drone_forge.gd:57"",""space-battleship/scripts/drone_forge.gd:61"",""space-battleship/scripts/drone_forge.gd:64"",""space-battleship/scripts/drone_forge.gd:69"",""space-battleship/scripts/drone_forge.gd:71"",""space-battleship/scripts/drone_forge.gd:77"",""space-battleship/scripts/drone_forge.gd:79"",""space-battleship/scripts/drone_forge.gd:84"",""space-battleship/scripts/drone_forge.gd:89"",""space-battleship/scripts/drone_forge.gd:91"",""space-battleship/scripts/drone_forge.gd:96"",""space-battleship/scripts/drone_forge.gd:134"",""space-battleship/scripts/drone_forge.gd:160"",""space-battleship/scripts/drone_inventory.gd:6"",""space-battleship/scripts/drone_inventory.gd:38"",""space-battleship/scripts/drone_inventory.gd:40"",""space-battleship/scripts/drone_inventory.gd:41"",""space-battleship/scripts/drone_inventory.gd:66"",""space-battleship/scripts/drone_effect_aggregator.gd:5"",""space-battleship/scripts/drone_effect_aggregator.gd:7"",""space-battleship/scripts/drone_effect_aggregator.gd:15"",""space-battleship/scripts/drone_effect_aggregator.gd:16"",""space-battleship/scripts/drone_effect_aggregator.gd:18"",""space-battleship/scripts/drone_effect_aggregator.gd:32""]"
space-battleship/data/hyperspace_config.json	/affixes/damage_cannon/ranges/2/1	float	1.5	"{""sheet"":""hyperspace_config"",""row"":172,""value_column"":""C"",""type_column"":""B""}"	词缀定义与阶级区间	maximum	balance	True	consumed	原始加成；数量词缀最终投影有int截断	已实现词缀定义、适用武器及各阶原值区间	保留当前JSON类型；数值有限；运行时C.number边界abs(value)<9e15；相关跨字段约束必须导入和启动均检查；仅已有实现ID/武器；阶1..5；min≤max，量化网格非空	"[""space-battleship/scripts/drone_rewards.gd:15"",""space-battleship/scripts/drone_rewards.gd:16"",""space-battleship/scripts/drone_rewards.gd:18"",""space-battleship/scripts/drone_rewards.gd:20"",""space-battleship/scripts/drone_rewards.gd:39"",""space-battleship/scripts/drone_rewards.gd:40"",""space-battleship/scripts/drone_rewards.gd:41"",""space-battleship/scripts/drone_forge.gd:11"",""space-battleship/scripts/drone_forge.gd:12"",""space-battleship/scripts/drone_forge.gd:15"",""space-battleship/scripts/drone_forge.gd:16"",""space-battleship/scripts/drone_forge.gd:56"",""space-battleship/scripts/drone_forge.gd:57"",""space-battleship/scripts/drone_forge.gd:61"",""space-battleship/scripts/drone_forge.gd:64"",""space-battleship/scripts/drone_forge.gd:69"",""space-battleship/scripts/drone_forge.gd:71"",""space-battleship/scripts/drone_forge.gd:77"",""space-battleship/scripts/drone_forge.gd:79"",""space-battleship/scripts/drone_forge.gd:84"",""space-battleship/scripts/drone_forge.gd:89"",""space-battleship/scripts/drone_forge.gd:91"",""space-battleship/scripts/drone_forge.gd:96"",""space-battleship/scripts/drone_forge.gd:134"",""space-battleship/scripts/drone_forge.gd:160"",""space-battleship/scripts/drone_inventory.gd:6"",""space-battleship/scripts/drone_inventory.gd:38"",""space-battleship/scripts/drone_inventory.gd:40"",""space-battleship/scripts/drone_inventory.gd:41"",""space-battleship/scripts/drone_inventory.gd:66"",""space-battleship/scripts/drone_effect_aggregator.gd:5"",""space-battleship/scripts/drone_effect_aggregator.gd:7"",""space-battleship/scripts/drone_effect_aggregator.gd:15"",""space-battleship/scripts/drone_effect_aggregator.gd:16"",""space-battleship/scripts/drone_effect_aggregator.gd:18"",""space-battleship/scripts/drone_effect_aggregator.gd:32""]"
space-battleship/data/hyperspace_config.json	/affixes/damage_cannon/ranges/3/0	float	0.8	"{""sheet"":""hyperspace_config"",""row"":174,""value_column"":""C"",""type_column"":""B""}"	词缀定义与阶级区间	minimum	balance	True	consumed	原始加成；数量词缀最终投影有int截断	已实现词缀定义、适用武器及各阶原值区间	保留当前JSON类型；数值有限；运行时C.number边界abs(value)<9e15；相关跨字段约束必须导入和启动均检查；仅已有实现ID/武器；阶1..5；min≤max，量化网格非空	"[""space-battleship/scripts/drone_rewards.gd:15"",""space-battleship/scripts/drone_rewards.gd:16"",""space-battleship/scripts/drone_rewards.gd:18"",""space-battleship/scripts/drone_rewards.gd:20"",""space-battleship/scripts/drone_rewards.gd:39"",""space-battleship/scripts/drone_rewards.gd:40"",""space-battleship/scripts/drone_rewards.gd:41"",""space-battleship/scripts/drone_forge.gd:11"",""space-battleship/scripts/drone_forge.gd:12"",""space-battleship/scripts/drone_forge.gd:15"",""space-battleship/scripts/drone_forge.gd:16"",""space-battleship/scripts/drone_forge.gd:56"",""space-battleship/scripts/drone_forge.gd:57"",""space-battleship/scripts/drone_forge.gd:61"",""space-battleship/scripts/drone_forge.gd:64"",""space-battleship/scripts/drone_forge.gd:69"",""space-battleship/scripts/drone_forge.gd:71"",""space-battleship/scripts/drone_forge.gd:77"",""space-battleship/scripts/drone_forge.gd:79"",""space-battleship/scripts/drone_forge.gd:84"",""space-battleship/scripts/drone_forge.gd:89"",""space-battleship/scripts/drone_forge.gd:91"",""space-battleship/scripts/drone_forge.gd:96"",""space-battleship/scripts/drone_forge.gd:134"",""space-battleship/scripts/drone_forge.gd:160"",""space-battleship/scripts/drone_inventory.gd:6"",""space-battleship/scripts/drone_inventory.gd:38"",""space-battleship/scripts/drone_inventory.gd:40"",""space-battleship/scripts/drone_inventory.gd:41"",""space-battleship/scripts/drone_inventory.gd:66"",""space-battleship/scripts/drone_effect_aggregator.gd:5"",""space-battleship/scripts/drone_effect_aggregator.gd:7"",""space-battleship/scripts/drone_effect_aggregator.gd:15"",""space-battleship/scripts/drone_effect_aggregator.gd:16"",""space-battleship/scripts/drone_effect_aggregator.gd:18"",""space-battleship/scripts/drone_effect_aggregator.gd:32""]"
space-battleship/data/hyperspace_config.json	/affixes/damage_cannon/ranges/3/1	int	1	"{""sheet"":""hyperspace_config"",""row"":175,""value_column"":""C"",""type_column"":""B""}"	词缀定义与阶级区间	maximum	balance	True	consumed	原始加成；数量词缀最终投影有int截断	已实现词缀定义、适用武器及各阶原值区间	保留当前JSON类型；数值有限；运行时C.number边界abs(value)<9e15；相关跨字段约束必须导入和启动均检查；仅已有实现ID/武器；阶1..5；min≤max，量化网格非空	"[""space-battleship/scripts/drone_rewards.gd:15"",""space-battleship/scripts/drone_rewards.gd:16"",""space-battleship/scripts/drone_rewards.gd:18"",""space-battleship/scripts/drone_rewards.gd:20"",""space-battleship/scripts/drone_rewards.gd:39"",""space-battleship/scripts/drone_rewards.gd:40"",""space-battleship/scripts/drone_rewards.gd:41"",""space-battleship/scripts/drone_forge.gd:11"",""space-battleship/scripts/drone_forge.gd:12"",""space-battleship/scripts/drone_forge.gd:15"",""space-battleship/scripts/drone_forge.gd:16"",""space-battleship/scripts/drone_forge.gd:56"",""space-battleship/scripts/drone_forge.gd:57"",""space-battleship/scripts/drone_forge.gd:61"",""space-battleship/scripts/drone_forge.gd:64"",""space-battleship/scripts/drone_forge.gd:69"",""space-battleship/scripts/drone_forge.gd:71"",""space-battleship/scripts/drone_forge.gd:77"",""space-battleship/scripts/drone_forge.gd:79"",""space-battleship/scripts/drone_forge.gd:84"",""space-battleship/scripts/drone_forge.gd:89"",""space-battleship/scripts/drone_forge.gd:91"",""space-battleship/scripts/drone_forge.gd:96"",""space-battleship/scripts/drone_forge.gd:134"",""space-battleship/scripts/drone_forge.gd:160"",""space-battleship/scripts/drone_inventory.gd:6"",""space-battleship/scripts/drone_inventory.gd:38"",""space-battleship/scripts/drone_inventory.gd:40"",""space-battleship/scripts/drone_inventory.gd:41"",""space-battleship/scripts/drone_inventory.gd:66"",""space-battleship/scripts/drone_effect_aggregator.gd:5"",""space-battleship/scripts/drone_effect_aggregator.gd:7"",""space-battleship/scripts/drone_effect_aggregator.gd:15"",""space-battleship/scripts/drone_effect_aggregator.gd:16"",""space-battleship/scripts/drone_effect_aggregator.gd:18"",""space-battleship/scripts/drone_effect_aggregator.gd:32""]"
space-battleship/data/hyperspace_config.json	/affixes/damage_cannon/ranges/4/0	float	0.4	"{""sheet"":""hyperspace_config"",""row"":177,""value_column"":""C"",""type_column"":""B""}"	词缀定义与阶级区间	minimum	balance	True	consumed	原始加成；数量词缀最终投影有int截断	已实现词缀定义、适用武器及各阶原值区间	保留当前JSON类型；数值有限；运行时C.number边界abs(value)<9e15；相关跨字段约束必须导入和启动均检查；仅已有实现ID/武器；阶1..5；min≤max，量化网格非空	"[""space-battleship/scripts/drone_rewards.gd:15"",""space-battleship/scripts/drone_rewards.gd:16"",""space-battleship/scripts/drone_rewards.gd:18"",""space-battleship/scripts/drone_rewards.gd:20"",""space-battleship/scripts/drone_rewards.gd:39"",""space-battleship/scripts/drone_rewards.gd:40"",""space-battleship/scripts/drone_rewards.gd:41"",""space-battleship/scripts/drone_forge.gd:11"",""space-battleship/scripts/drone_forge.gd:12"",""space-battleship/scripts/drone_forge.gd:15"",""space-battleship/scripts/drone_forge.gd:16"",""space-battleship/scripts/drone_forge.gd:56"",""space-battleship/scripts/drone_forge.gd:57"",""space-battleship/scripts/drone_forge.gd:61"",""space-battleship/scripts/drone_forge.gd:64"",""space-battleship/scripts/drone_forge.gd:69"",""space-battleship/scripts/drone_forge.gd:71"",""space-battleship/scripts/drone_forge.gd:77"",""space-battleship/scripts/drone_forge.gd:79"",""space-battleship/scripts/drone_forge.gd:84"",""space-battleship/scripts/drone_forge.gd:89"",""space-battleship/scripts/drone_forge.gd:91"",""space-battleship/scripts/drone_forge.gd:96"",""space-battleship/scripts/drone_forge.gd:134"",""space-battleship/scripts/drone_forge.gd:160"",""space-battleship/scripts/drone_inventory.gd:6"",""space-battleship/scripts/drone_inventory.gd:38"",""space-battleship/scripts/drone_inventory.gd:40"",""space-battleship/scripts/drone_inventory.gd:41"",""space-battleship/scripts/drone_inventory.gd:66"",""space-battleship/scripts/drone_effect_aggregator.gd:5"",""space-battleship/scripts/drone_effect_aggregator.gd:7"",""space-battleship/scripts/drone_effect_aggregator.gd:15"",""space-battleship/scripts/drone_effect_aggregator.gd:16"",""space-battleship/scripts/drone_effect_aggregator.gd:18"",""space-battleship/scripts/drone_effect_aggregator.gd:32""]"
space-battleship/data/hyperspace_config.json	/affixes/damage_cannon/ranges/4/1	float	0.6	"{""sheet"":""hyperspace_config"",""row"":178,""value_column"":""C"",""type_column"":""B""}"	词缀定义与阶级区间	maximum	balance	True	consumed	原始加成；数量词缀最终投影有int截断	已实现词缀定义、适用武器及各阶原值区间	保留当前JSON类型；数值有限；运行时C.number边界abs(value)<9e15；相关跨字段约束必须导入和启动均检查；仅已有实现ID/武器；阶1..5；min≤max，量化网格非空	"[""space-battleship/scripts/drone_rewards.gd:15"",""space-battleship/scripts/drone_rewards.gd:16"",""space-battleship/scripts/drone_rewards.gd:18"",""space-battleship/scripts/drone_rewards.gd:20"",""space-battleship/scripts/drone_rewards.gd:39"",""space-battleship/scripts/drone_rewards.gd:40"",""space-battleship/scripts/drone_rewards.gd:41"",""space-battleship/scripts/drone_forge.gd:11"",""space-battleship/scripts/drone_forge.gd:12"",""space-battleship/scripts/drone_forge.gd:15"",""space-battleship/scripts/drone_forge.gd:16"",""space-battleship/scripts/drone_forge.gd:56"",""space-battleship/scripts/drone_forge.gd:57"",""space-battleship/scripts/drone_forge.gd:61"",""space-battleship/scripts/drone_forge.gd:64"",""space-battleship/scripts/drone_forge.gd:69"",""space-battleship/scripts/drone_forge.gd:71"",""space-battleship/scripts/drone_forge.gd:77"",""space-battleship/scripts/drone_forge.gd:79"",""space-battleship/scripts/drone_forge.gd:84"",""space-battleship/scripts/drone_forge.gd:89"",""space-battleship/scripts/drone_forge.gd:91"",""space-battleship/scripts/drone_forge.gd:96"",""space-battleship/scripts/drone_forge.gd:134"",""space-battleship/scripts/drone_forge.gd:160"",""space-battleship/scripts/drone_inventory.gd:6"",""space-battleship/scripts/drone_inventory.gd:38"",""space-battleship/scripts/drone_inventory.gd:40"",""space-battleship/scripts/drone_inventory.gd:41"",""space-battleship/scripts/drone_inventory.gd:66"",""space-battleship/scripts/drone_effect_aggregator.gd:5"",""space-battleship/scripts/drone_effect_aggregator.gd:7"",""space-battleship/scripts/drone_effect_aggregator.gd:15"",""space-battleship/scripts/drone_effect_aggregator.gd:16"",""space-battleship/scripts/drone_effect_aggregator.gd:18"",""space-battleship/scripts/drone_effect_aggregator.gd:32""]"
space-battleship/data/hyperspace_config.json	/affixes/damage_cannon/ranges/5/0	float	0.1	"{""sheet"":""hyperspace_config"",""row"":180,""value_column"":""C"",""type_column"":""B""}"	词缀定义与阶级区间	minimum	balance	True	consumed	原始加成；数量词缀最终投影有int截断	已实现词缀定义、适用武器及各阶原值区间	保留当前JSON类型；数值有限；运行时C.number边界abs(value)<9e15；相关跨字段约束必须导入和启动均检查；仅已有实现ID/武器；阶1..5；min≤max，量化网格非空	"[""space-battleship/scripts/drone_rewards.gd:15"",""space-battleship/scripts/drone_rewards.gd:16"",""space-battleship/scripts/drone_rewards.gd:18"",""space-battleship/scripts/drone_rewards.gd:20"",""space-battleship/scripts/drone_rewards.gd:39"",""space-battleship/scripts/drone_rewards.gd:40"",""space-battleship/scripts/drone_rewards.gd:41"",""space-battleship/scripts/drone_forge.gd:11"",""space-battleship/scripts/drone_forge.gd:12"",""space-battleship/scripts/drone_forge.gd:15"",""space-battleship/scripts/drone_forge.gd:16"",""space-battleship/scripts/drone_forge.gd:56"",""space-battleship/scripts/drone_forge.gd:57"",""space-battleship/scripts/drone_forge.gd:61"",""space-battleship/scripts/drone_forge.gd:64"",""space-battleship/scripts/drone_forge.gd:69"",""space-battleship/scripts/drone_forge.gd:71"",""space-battleship/scripts/drone_forge.gd:77"",""space-battleship/scripts/drone_forge.gd:79"",""space-battleship/scripts/drone_forge.gd:84"",""space-battleship/scripts/drone_forge.gd:89"",""space-battleship/scripts/drone_forge.gd:91"",""space-battleship/scripts/drone_forge.gd:96"",""space-battleship/scripts/drone_forge.gd:134"",""space-battleship/scripts/drone_forge.gd:160"",""space-battleship/scripts/drone_inventory.gd:6"",""space-battleship/scripts/drone_inventory.gd:38"",""space-battleship/scripts/drone_inventory.gd:40"",""space-battleship/scripts/drone_inventory.gd:41"",""space-battleship/scripts/drone_inventory.gd:66"",""space-battleship/scripts/drone_effect_aggregator.gd:5"",""space-battleship/scripts/drone_effect_aggregator.gd:7"",""space-battleship/scripts/drone_effect_aggregator.gd:15"",""space-battleship/scripts/drone_effect_aggregator.gd:16"",""space-battleship/scripts/drone_effect_aggregator.gd:18"",""space-battleship/scripts/drone_effect_aggregator.gd:32""]"
space-battleship/data/hyperspace_config.json	/affixes/damage_cannon/ranges/5/1	float	0.2	"{""sheet"":""hyperspace_config"",""row"":181,""value_column"":""C"",""type_column"":""B""}"	词缀定义与阶级区间	maximum	balance	True	consumed	原始加成；数量词缀最终投影有int截断	已实现词缀定义、适用武器及各阶原值区间	保留当前JSON类型；数值有限；运行时C.number边界abs(value)<9e15；相关跨字段约束必须导入和启动均检查；仅已有实现ID/武器；阶1..5；min≤max，量化网格非空	"[""space-battleship/scripts/drone_rewards.gd:15"",""space-battleship/scripts/drone_rewards.gd:16"",""space-battleship/scripts/drone_rewards.gd:18"",""space-battleship/scripts/drone_rewards.gd:20"",""space-battleship/scripts/drone_rewards.gd:39"",""space-battleship/scripts/drone_rewards.gd:40"",""space-battleship/scripts/drone_rewards.gd:41"",""space-battleship/scripts/drone_forge.gd:11"",""space-battleship/scripts/drone_forge.gd:12"",""space-battleship/scripts/drone_forge.gd:15"",""space-battleship/scripts/drone_forge.gd:16"",""space-battleship/scripts/drone_forge.gd:56"",""space-battleship/scripts/drone_forge.gd:57"",""space-battleship/scripts/drone_forge.gd:61"",""space-battleship/scripts/drone_forge.gd:64"",""space-battleship/scripts/drone_forge.gd:69"",""space-battleship/scripts/drone_forge.gd:71"",""space-battleship/scripts/drone_forge.gd:77"",""space-battleship/scripts/drone_forge.gd:79"",""space-battleship/scripts/drone_forge.gd:84"",""space-battleship/scripts/drone_forge.gd:89"",""space-battleship/scripts/drone_forge.gd:91"",""space-battleship/scripts/drone_forge.gd:96"",""space-battleship/scripts/drone_forge.gd:134"",""space-battleship/scripts/drone_forge.gd:160"",""space-battleship/scripts/drone_inventory.gd:6"",""space-battleship/scripts/drone_inventory.gd:38"",""space-battleship/scripts/drone_inventory.gd:40"",""space-battleship/scripts/drone_inventory.gd:41"",""space-battleship/scripts/drone_inventory.gd:66"",""space-battleship/scripts/drone_effect_aggregator.gd:5"",""space-battleship/scripts/drone_effect_aggregator.gd:7"",""space-battleship/scripts/drone_effect_aggregator.gd:15"",""space-battleship/scripts/drone_effect_aggregator.gd:16"",""space-battleship/scripts/drone_effect_aggregator.gd:18"",""space-battleship/scripts/drone_effect_aggregator.gd:32""]"
space-battleship/data/hyperspace_config.json	/affixes/damage_cannon/amplified	bool	true	"{""sheet"":""hyperspace_config"",""row"":182,""value_column"":""C"",""type_column"":""B""}"	词缀定义与阶级区间	amplified	balance	True	consumed	bool	已实现词缀定义、适用武器及各阶原值区间	保留当前JSON类型；数值有限；运行时C.number边界abs(value)<9e15；相关跨字段约束必须导入和启动均检查；仅已有实现ID/武器；阶1..5；min≤max，量化网格非空	"[""space-battleship/scripts/drone_rewards.gd:15"",""space-battleship/scripts/drone_rewards.gd:16"",""space-battleship/scripts/drone_rewards.gd:18"",""space-battleship/scripts/drone_rewards.gd:20"",""space-battleship/scripts/drone_rewards.gd:39"",""space-battleship/scripts/drone_rewards.gd:40"",""space-battleship/scripts/drone_rewards.gd:41"",""space-battleship/scripts/drone_forge.gd:11"",""space-battleship/scripts/drone_forge.gd:12"",""space-battleship/scripts/drone_forge.gd:15"",""space-battleship/scripts/drone_forge.gd:16"",""space-battleship/scripts/drone_forge.gd:56"",""space-battleship/scripts/drone_forge.gd:57"",""space-battleship/scripts/drone_forge.gd:61"",""space-battleship/scripts/drone_forge.gd:64"",""space-battleship/scripts/drone_forge.gd:69"",""space-battleship/scripts/drone_forge.gd:71"",""space-battleship/scripts/drone_forge.gd:77"",""space-battleship/scripts/drone_forge.gd:79"",""space-battleship/scripts/drone_forge.gd:84"",""space-battleship/scripts/drone_forge.gd:89"",""space-battleship/scripts/drone_forge.gd:91"",""space-battleship/scripts/drone_forge.gd:96"",""space-battleship/scripts/drone_forge.gd:134"",""space-battleship/scripts/drone_forge.gd:160"",""space-battleship/scripts/drone_inventory.gd:6"",""space-battleship/scripts/drone_inventory.gd:38"",""space-battleship/scripts/drone_inventory.gd:40"",""space-battleship/scripts/drone_inventory.gd:41"",""space-battleship/scripts/drone_inventory.gd:66"",""space-battleship/scripts/drone_effect_aggregator.gd:5"",""space-battleship/scripts/drone_effect_aggregator.gd:7"",""space-battleship/scripts/drone_effect_aggregator.gd:15"",""space-battleship/scripts/drone_effect_aggregator.gd:16"",""space-battleship/scripts/drone_effect_aggregator.gd:18"",""space-battleship/scripts/drone_effect_aggregator.gd:32""]"
space-battleship/data/hyperspace_config.json	/affixes/damage_cannon/weapon	string	cannon	"{""sheet"":""hyperspace_config"",""row"":183,""value_column"":""C"",""type_column"":""B""}"	词缀定义与阶级区间	weapon	balance	True	consumed	武器ID	已实现词缀定义、适用武器及各阶原值区间	保留当前JSON类型；数值有限；运行时C.number边界abs(value)<9e15；相关跨字段约束必须导入和启动均检查；仅已有实现ID/武器；阶1..5；min≤max，量化网格非空	"[""space-battleship/scripts/drone_rewards.gd:15"",""space-battleship/scripts/drone_rewards.gd:16"",""space-battleship/scripts/drone_rewards.gd:18"",""space-battleship/scripts/drone_rewards.gd:20"",""space-battleship/scripts/drone_rewards.gd:39"",""space-battleship/scripts/drone_rewards.gd:40"",""space-battleship/scripts/drone_rewards.gd:41"",""space-battleship/scripts/drone_forge.gd:11"",""space-battleship/scripts/drone_forge.gd:12"",""space-battleship/scripts/drone_forge.gd:15"",""space-battleship/scripts/drone_forge.gd:16"",""space-battleship/scripts/drone_forge.gd:56"",""space-battleship/scripts/drone_forge.gd:57"",""space-battleship/scripts/drone_forge.gd:61"",""space-battleship/scripts/drone_forge.gd:64"",""space-battleship/scripts/drone_forge.gd:69"",""space-battleship/scripts/drone_forge.gd:71"",""space-battleship/scripts/drone_forge.gd:77"",""space-battleship/scripts/drone_forge.gd:79"",""space-battleship/scripts/drone_forge.gd:84"",""space-battleship/scripts/drone_forge.gd:89"",""space-battleship/scripts/drone_forge.gd:91"",""space-battleship/scripts/drone_forge.gd:96"",""space-battleship/scripts/drone_forge.gd:134"",""space-battleship/scripts/drone_forge.gd:160"",""space-battleship/scripts/drone_inventory.gd:6"",""space-battleship/scripts/drone_inventory.gd:38"",""space-battleship/scripts/drone_inventory.gd:40"",""space-battleship/scripts/drone_inventory.gd:41"",""space-battleship/scripts/drone_inventory.gd:66"",""space-battleship/scripts/drone_effect_aggregator.gd:5"",""space-battleship/scripts/drone_effect_aggregator.gd:7"",""space-battleship/scripts/drone_effect_aggregator.gd:15"",""space-battleship/scripts/drone_effect_aggregator.gd:16"",""space-battleship/scripts/drone_effect_aggregator.gd:18"",""space-battleship/scripts/drone_effect_aggregator.gd:32""]"
space-battleship/data/hyperspace_config.json	/affixes/damage_longLaser/ranges/1/0	float	1.8	"{""sheet"":""hyperspace_config"",""row"":187,""value_column"":""C"",""type_column"":""B""}"	词缀定义与阶级区间	minimum	balance	True	consumed	原始加成；数量词缀最终投影有int截断	已实现词缀定义、适用武器及各阶原值区间	保留当前JSON类型；数值有限；运行时C.number边界abs(value)<9e15；相关跨字段约束必须导入和启动均检查；仅已有实现ID/武器；阶1..5；min≤max，量化网格非空	"[""space-battleship/scripts/drone_rewards.gd:15"",""space-battleship/scripts/drone_rewards.gd:16"",""space-battleship/scripts/drone_rewards.gd:18"",""space-battleship/scripts/drone_rewards.gd:20"",""space-battleship/scripts/drone_rewards.gd:39"",""space-battleship/scripts/drone_rewards.gd:40"",""space-battleship/scripts/drone_rewards.gd:41"",""space-battleship/scripts/drone_forge.gd:11"",""space-battleship/scripts/drone_forge.gd:12"",""space-battleship/scripts/drone_forge.gd:15"",""space-battleship/scripts/drone_forge.gd:16"",""space-battleship/scripts/drone_forge.gd:56"",""space-battleship/scripts/drone_forge.gd:57"",""space-battleship/scripts/drone_forge.gd:61"",""space-battleship/scripts/drone_forge.gd:64"",""space-battleship/scripts/drone_forge.gd:69"",""space-battleship/scripts/drone_forge.gd:71"",""space-battleship/scripts/drone_forge.gd:77"",""space-battleship/scripts/drone_forge.gd:79"",""space-battleship/scripts/drone_forge.gd:84"",""space-battleship/scripts/drone_forge.gd:89"",""space-battleship/scripts/drone_forge.gd:91"",""space-battleship/scripts/drone_forge.gd:96"",""space-battleship/scripts/drone_forge.gd:134"",""space-battleship/scripts/drone_forge.gd:160"",""space-battleship/scripts/drone_inventory.gd:6"",""space-battleship/scripts/drone_inventory.gd:38"",""space-battleship/scripts/drone_inventory.gd:40"",""space-battleship/scripts/drone_inventory.gd:41"",""space-battleship/scripts/drone_inventory.gd:66"",""space-battleship/scripts/drone_effect_aggregator.gd:5"",""space-battleship/scripts/drone_effect_aggregator.gd:7"",""space-battleship/scripts/drone_effect_aggregator.gd:15"",""space-battleship/scripts/drone_effect_aggregator.gd:16"",""space-battleship/scripts/drone_effect_aggregator.gd:18"",""space-battleship/scripts/drone_effect_aggregator.gd:32""]"
space-battleship/data/hyperspace_config.json	/affixes/damage_longLaser/ranges/1/1	float	2.0	"{""sheet"":""hyperspace_config"",""row"":188,""value_column"":""C"",""type_column"":""B""}"	词缀定义与阶级区间	maximum	balance	True	consumed	原始加成；数量词缀最终投影有int截断	已实现词缀定义、适用武器及各阶原值区间	保留当前JSON类型；数值有限；运行时C.number边界abs(value)<9e15；相关跨字段约束必须导入和启动均检查；仅已有实现ID/武器；阶1..5；min≤max，量化网格非空	"[""space-battleship/scripts/drone_rewards.gd:15"",""space-battleship/scripts/drone_rewards.gd:16"",""space-battleship/scripts/drone_rewards.gd:18"",""space-battleship/scripts/drone_rewards.gd:20"",""space-battleship/scripts/drone_rewards.gd:39"",""space-battleship/scripts/drone_rewards.gd:40"",""space-battleship/scripts/drone_rewards.gd:41"",""space-battleship/scripts/drone_forge.gd:11"",""space-battleship/scripts/drone_forge.gd:12"",""space-battleship/scripts/drone_forge.gd:15"",""space-battleship/scripts/drone_forge.gd:16"",""space-battleship/scripts/drone_forge.gd:56"",""space-battleship/scripts/drone_forge.gd:57"",""space-battleship/scripts/drone_forge.gd:61"",""space-battleship/scripts/drone_forge.gd:64"",""space-battleship/scripts/drone_forge.gd:69"",""space-battleship/scripts/drone_forge.gd:71"",""space-battleship/scripts/drone_forge.gd:77"",""space-battleship/scripts/drone_forge.gd:79"",""space-battleship/scripts/drone_forge.gd:84"",""space-battleship/scripts/drone_forge.gd:89"",""space-battleship/scripts/drone_forge.gd:91"",""space-battleship/scripts/drone_forge.gd:96"",""space-battleship/scripts/drone_forge.gd:134"",""space-battleship/scripts/drone_forge.gd:160"",""space-battleship/scripts/drone_inventory.gd:6"",""space-battleship/scripts/drone_inventory.gd:38"",""space-battleship/scripts/drone_inventory.gd:40"",""space-battleship/scripts/drone_inventory.gd:41"",""space-battleship/scripts/drone_inventory.gd:66"",""space-battleship/scripts/drone_effect_aggregator.gd:5"",""space-battleship/scripts/drone_effect_aggregator.gd:7"",""space-battleship/scripts/drone_effect_aggregator.gd:15"",""space-battleship/scripts/drone_effect_aggregator.gd:16"",""space-battleship/scripts/drone_effect_aggregator.gd:18"",""space-battleship/scripts/drone_effect_aggregator.gd:32""]"
space-battleship/data/hyperspace_config.json	/affixes/damage_longLaser/ranges/2/0	float	1.2	"{""sheet"":""hyperspace_config"",""row"":190,""value_column"":""C"",""type_column"":""B""}"	词缀定义与阶级区间	minimum	balance	True	consumed	原始加成；数量词缀最终投影有int截断	已实现词缀定义、适用武器及各阶原值区间	保留当前JSON类型；数值有限；运行时C.number边界abs(value)<9e15；相关跨字段约束必须导入和启动均检查；仅已有实现ID/武器；阶1..5；min≤max，量化网格非空	"[""space-battleship/scripts/drone_rewards.gd:15"",""space-battleship/scripts/drone_rewards.gd:16"",""space-battleship/scripts/drone_rewards.gd:18"",""space-battleship/scripts/drone_rewards.gd:20"",""space-battleship/scripts/drone_rewards.gd:39"",""space-battleship/scripts/drone_rewards.gd:40"",""space-battleship/scripts/drone_rewards.gd:41"",""space-battleship/scripts/drone_forge.gd:11"",""space-battleship/scripts/drone_forge.gd:12"",""space-battleship/scripts/drone_forge.gd:15"",""space-battleship/scripts/drone_forge.gd:16"",""space-battleship/scripts/drone_forge.gd:56"",""space-battleship/scripts/drone_forge.gd:57"",""space-battleship/scripts/drone_forge.gd:61"",""space-battleship/scripts/drone_forge.gd:64"",""space-battleship/scripts/drone_forge.gd:69"",""space-battleship/scripts/drone_forge.gd:71"",""space-battleship/scripts/drone_forge.gd:77"",""space-battleship/scripts/drone_forge.gd:79"",""space-battleship/scripts/drone_forge.gd:84"",""space-battleship/scripts/drone_forge.gd:89"",""space-battleship/scripts/drone_forge.gd:91"",""space-battleship/scripts/drone_forge.gd:96"",""space-battleship/scripts/drone_forge.gd:134"",""space-battleship/scripts/drone_forge.gd:160"",""space-battleship/scripts/drone_inventory.gd:6"",""space-battleship/scripts/drone_inventory.gd:38"",""space-battleship/scripts/drone_inventory.gd:40"",""space-battleship/scripts/drone_inventory.gd:41"",""space-battleship/scripts/drone_inventory.gd:66"",""space-battleship/scripts/drone_effect_aggregator.gd:5"",""space-battleship/scripts/drone_effect_aggregator.gd:7"",""space-battleship/scripts/drone_effect_aggregator.gd:15"",""space-battleship/scripts/drone_effect_aggregator.gd:16"",""space-battleship/scripts/drone_effect_aggregator.gd:18"",""space-battleship/scripts/drone_effect_aggregator.gd:32""]"
space-battleship/data/hyperspace_config.json	/affixes/damage_longLaser/ranges/2/1	float	1.5	"{""sheet"":""hyperspace_config"",""row"":191,""value_column"":""C"",""type_column"":""B""}"	词缀定义与阶级区间	maximum	balance	True	consumed	原始加成；数量词缀最终投影有int截断	已实现词缀定义、适用武器及各阶原值区间	保留当前JSON类型；数值有限；运行时C.number边界abs(value)<9e15；相关跨字段约束必须导入和启动均检查；仅已有实现ID/武器；阶1..5；min≤max，量化网格非空	"[""space-battleship/scripts/drone_rewards.gd:15"",""space-battleship/scripts/drone_rewards.gd:16"",""space-battleship/scripts/drone_rewards.gd:18"",""space-battleship/scripts/drone_rewards.gd:20"",""space-battleship/scripts/drone_rewards.gd:39"",""space-battleship/scripts/drone_rewards.gd:40"",""space-battleship/scripts/drone_rewards.gd:41"",""space-battleship/scripts/drone_forge.gd:11"",""space-battleship/scripts/drone_forge.gd:12"",""space-battleship/scripts/drone_forge.gd:15"",""space-battleship/scripts/drone_forge.gd:16"",""space-battleship/scripts/drone_forge.gd:56"",""space-battleship/scripts/drone_forge.gd:57"",""space-battleship/scripts/drone_forge.gd:61"",""space-battleship/scripts/drone_forge.gd:64"",""space-battleship/scripts/drone_forge.gd:69"",""space-battleship/scripts/drone_forge.gd:71"",""space-battleship/scripts/drone_forge.gd:77"",""space-battleship/scripts/drone_forge.gd:79"",""space-battleship/scripts/drone_forge.gd:84"",""space-battleship/scripts/drone_forge.gd:89"",""space-battleship/scripts/drone_forge.gd:91"",""space-battleship/scripts/drone_forge.gd:96"",""space-battleship/scripts/drone_forge.gd:134"",""space-battleship/scripts/drone_forge.gd:160"",""space-battleship/scripts/drone_inventory.gd:6"",""space-battleship/scripts/drone_inventory.gd:38"",""space-battleship/scripts/drone_inventory.gd:40"",""space-battleship/scripts/drone_inventory.gd:41"",""space-battleship/scripts/drone_inventory.gd:66"",""space-battleship/scripts/drone_effect_aggregator.gd:5"",""space-battleship/scripts/drone_effect_aggregator.gd:7"",""space-battleship/scripts/drone_effect_aggregator.gd:15"",""space-battleship/scripts/drone_effect_aggregator.gd:16"",""space-battleship/scripts/drone_effect_aggregator.gd:18"",""space-battleship/scripts/drone_effect_aggregator.gd:32""]"
space-battleship/data/hyperspace_config.json	/affixes/damage_longLaser/ranges/3/0	float	0.8	"{""sheet"":""hyperspace_config"",""row"":193,""value_column"":""C"",""type_column"":""B""}"	词缀定义与阶级区间	minimum	balance	True	consumed	原始加成；数量词缀最终投影有int截断	已实现词缀定义、适用武器及各阶原值区间	保留当前JSON类型；数值有限；运行时C.number边界abs(value)<9e15；相关跨字段约束必须导入和启动均检查；仅已有实现ID/武器；阶1..5；min≤max，量化网格非空	"[""space-battleship/scripts/drone_rewards.gd:15"",""space-battleship/scripts/drone_rewards.gd:16"",""space-battleship/scripts/drone_rewards.gd:18"",""space-battleship/scripts/drone_rewards.gd:20"",""space-battleship/scripts/drone_rewards.gd:39"",""space-battleship/scripts/drone_rewards.gd:40"",""space-battleship/scripts/drone_rewards.gd:41"",""space-battleship/scripts/drone_forge.gd:11"",""space-battleship/scripts/drone_forge.gd:12"",""space-battleship/scripts/drone_forge.gd:15"",""space-battleship/scripts/drone_forge.gd:16"",""space-battleship/scripts/drone_forge.gd:56"",""space-battleship/scripts/drone_forge.gd:57"",""space-battleship/scripts/drone_forge.gd:61"",""space-battleship/scripts/drone_forge.gd:64"",""space-battleship/scripts/drone_forge.gd:69"",""space-battleship/scripts/drone_forge.gd:71"",""space-battleship/scripts/drone_forge.gd:77"",""space-battleship/scripts/drone_forge.gd:79"",""space-battleship/scripts/drone_forge.gd:84"",""space-battleship/scripts/drone_forge.gd:89"",""space-battleship/scripts/drone_forge.gd:91"",""space-battleship/scripts/drone_forge.gd:96"",""space-battleship/scripts/drone_forge.gd:134"",""space-battleship/scripts/drone_forge.gd:160"",""space-battleship/scripts/drone_inventory.gd:6"",""space-battleship/scripts/drone_inventory.gd:38"",""space-battleship/scripts/drone_inventory.gd:40"",""space-battleship/scripts/drone_inventory.gd:41"",""space-battleship/scripts/drone_inventory.gd:66"",""space-battleship/scripts/drone_effect_aggregator.gd:5"",""space-battleship/scripts/drone_effect_aggregator.gd:7"",""space-battleship/scripts/drone_effect_aggregator.gd:15"",""space-battleship/scripts/drone_effect_aggregator.gd:16"",""space-battleship/scripts/drone_effect_aggregator.gd:18"",""space-battleship/scripts/drone_effect_aggregator.gd:32""]"
space-battleship/data/hyperspace_config.json	/affixes/damage_longLaser/ranges/3/1	int	1	"{""sheet"":""hyperspace_config"",""row"":194,""value_column"":""C"",""type_column"":""B""}"	词缀定义与阶级区间	maximum	balance	True	consumed	原始加成；数量词缀最终投影有int截断	已实现词缀定义、适用武器及各阶原值区间	保留当前JSON类型；数值有限；运行时C.number边界abs(value)<9e15；相关跨字段约束必须导入和启动均检查；仅已有实现ID/武器；阶1..5；min≤max，量化网格非空	"[""space-battleship/scripts/drone_rewards.gd:15"",""space-battleship/scripts/drone_rewards.gd:16"",""space-battleship/scripts/drone_rewards.gd:18"",""space-battleship/scripts/drone_rewards.gd:20"",""space-battleship/scripts/drone_rewards.gd:39"",""space-battleship/scripts/drone_rewards.gd:40"",""space-battleship/scripts/drone_rewards.gd:41"",""space-battleship/scripts/drone_forge.gd:11"",""space-battleship/scripts/drone_forge.gd:12"",""space-battleship/scripts/drone_forge.gd:15"",""space-battleship/scripts/drone_forge.gd:16"",""space-battleship/scripts/drone_forge.gd:56"",""space-battleship/scripts/drone_forge.gd:57"",""space-battleship/scripts/drone_forge.gd:61"",""space-battleship/scripts/drone_forge.gd:64"",""space-battleship/scripts/drone_forge.gd:69"",""space-battleship/scripts/drone_forge.gd:71"",""space-battleship/scripts/drone_forge.gd:77"",""space-battleship/scripts/drone_forge.gd:79"",""space-battleship/scripts/drone_forge.gd:84"",""space-battleship/scripts/drone_forge.gd:89"",""space-battleship/scripts/drone_forge.gd:91"",""space-battleship/scripts/drone_forge.gd:96"",""space-battleship/scripts/drone_forge.gd:134"",""space-battleship/scripts/drone_forge.gd:160"",""space-battleship/scripts/drone_inventory.gd:6"",""space-battleship/scripts/drone_inventory.gd:38"",""space-battleship/scripts/drone_inventory.gd:40"",""space-battleship/scripts/drone_inventory.gd:41"",""space-battleship/scripts/drone_inventory.gd:66"",""space-battleship/scripts/drone_effect_aggregator.gd:5"",""space-battleship/scripts/drone_effect_aggregator.gd:7"",""space-battleship/scripts/drone_effect_aggregator.gd:15"",""space-battleship/scripts/drone_effect_aggregator.gd:16"",""space-battleship/scripts/drone_effect_aggregator.gd:18"",""space-battleship/scripts/drone_effect_aggregator.gd:32""]"
space-battleship/data/hyperspace_config.json	/affixes/damage_longLaser/ranges/4/0	float	0.4	"{""sheet"":""hyperspace_config"",""row"":196,""value_column"":""C"",""type_column"":""B""}"	词缀定义与阶级区间	minimum	balance	True	consumed	原始加成；数量词缀最终投影有int截断	已实现词缀定义、适用武器及各阶原值区间	保留当前JSON类型；数值有限；运行时C.number边界abs(value)<9e15；相关跨字段约束必须导入和启动均检查；仅已有实现ID/武器；阶1..5；min≤max，量化网格非空	"[""space-battleship/scripts/drone_rewards.gd:15"",""space-battleship/scripts/drone_rewards.gd:16"",""space-battleship/scripts/drone_rewards.gd:18"",""space-battleship/scripts/drone_rewards.gd:20"",""space-battleship/scripts/drone_rewards.gd:39"",""space-battleship/scripts/drone_rewards.gd:40"",""space-battleship/scripts/drone_rewards.gd:41"",""space-battleship/scripts/drone_forge.gd:11"",""space-battleship/scripts/drone_forge.gd:12"",""space-battleship/scripts/drone_forge.gd:15"",""space-battleship/scripts/drone_forge.gd:16"",""space-battleship/scripts/drone_forge.gd:56"",""space-battleship/scripts/drone_forge.gd:57"",""space-battleship/scripts/drone_forge.gd:61"",""space-battleship/scripts/drone_forge.gd:64"",""space-battleship/scripts/drone_forge.gd:69"",""space-battleship/scripts/drone_forge.gd:71"",""space-battleship/scripts/drone_forge.gd:77"",""space-battleship/scripts/drone_forge.gd:79"",""space-battleship/scripts/drone_forge.gd:84"",""space-battleship/scripts/drone_forge.gd:89"",""space-battleship/scripts/drone_forge.gd:91"",""space-battleship/scripts/drone_forge.gd:96"",""space-battleship/scripts/drone_forge.gd:134"",""space-battleship/scripts/drone_forge.gd:160"",""space-battleship/scripts/drone_inventory.gd:6"",""space-battleship/scripts/drone_inventory.gd:38"",""space-battleship/scripts/drone_inventory.gd:40"",""space-battleship/scripts/drone_inventory.gd:41"",""space-battleship/scripts/drone_inventory.gd:66"",""space-battleship/scripts/drone_effect_aggregator.gd:5"",""space-battleship/scripts/drone_effect_aggregator.gd:7"",""space-battleship/scripts/drone_effect_aggregator.gd:15"",""space-battleship/scripts/drone_effect_aggregator.gd:16"",""space-battleship/scripts/drone_effect_aggregator.gd:18"",""space-battleship/scripts/drone_effect_aggregator.gd:32""]"
space-battleship/data/hyperspace_config.json	/affixes/damage_longLaser/ranges/4/1	float	0.6	"{""sheet"":""hyperspace_config"",""row"":197,""value_column"":""C"",""type_column"":""B""}"	词缀定义与阶级区间	maximum	balance	True	consumed	原始加成；数量词缀最终投影有int截断	已实现词缀定义、适用武器及各阶原值区间	保留当前JSON类型；数值有限；运行时C.number边界abs(value)<9e15；相关跨字段约束必须导入和启动均检查；仅已有实现ID/武器；阶1..5；min≤max，量化网格非空	"[""space-battleship/scripts/drone_rewards.gd:15"",""space-battleship/scripts/drone_rewards.gd:16"",""space-battleship/scripts/drone_rewards.gd:18"",""space-battleship/scripts/drone_rewards.gd:20"",""space-battleship/scripts/drone_rewards.gd:39"",""space-battleship/scripts/drone_rewards.gd:40"",""space-battleship/scripts/drone_rewards.gd:41"",""space-battleship/scripts/drone_forge.gd:11"",""space-battleship/scripts/drone_forge.gd:12"",""space-battleship/scripts/drone_forge.gd:15"",""space-battleship/scripts/drone_forge.gd:16"",""space-battleship/scripts/drone_forge.gd:56"",""space-battleship/scripts/drone_forge.gd:57"",""space-battleship/scripts/drone_forge.gd:61"",""space-battleship/scripts/drone_forge.gd:64"",""space-battleship/scripts/drone_forge.gd:69"",""space-battleship/scripts/drone_forge.gd:71"",""space-battleship/scripts/drone_forge.gd:77"",""space-battleship/scripts/drone_forge.gd:79"",""space-battleship/scripts/drone_forge.gd:84"",""space-battleship/scripts/drone_forge.gd:89"",""space-battleship/scripts/drone_forge.gd:91"",""space-battleship/scripts/drone_forge.gd:96"",""space-battleship/scripts/drone_forge.gd:134"",""space-battleship/scripts/drone_forge.gd:160"",""space-battleship/scripts/drone_inventory.gd:6"",""space-battleship/scripts/drone_inventory.gd:38"",""space-battleship/scripts/drone_inventory.gd:40"",""space-battleship/scripts/drone_inventory.gd:41"",""space-battleship/scripts/drone_inventory.gd:66"",""space-battleship/scripts/drone_effect_aggregator.gd:5"",""space-battleship/scripts/drone_effect_aggregator.gd:7"",""space-battleship/scripts/drone_effect_aggregator.gd:15"",""space-battleship/scripts/drone_effect_aggregator.gd:16"",""space-battleship/scripts/drone_effect_aggregator.gd:18"",""space-battleship/scripts/drone_effect_aggregator.gd:32""]"
space-battleship/data/hyperspace_config.json	/affixes/damage_longLaser/ranges/5/0	float	0.1	"{""sheet"":""hyperspace_config"",""row"":199,""value_column"":""C"",""type_column"":""B""}"	词缀定义与阶级区间	minimum	balance	True	consumed	原始加成；数量词缀最终投影有int截断	已实现词缀定义、适用武器及各阶原值区间	保留当前JSON类型；数值有限；运行时C.number边界abs(value)<9e15；相关跨字段约束必须导入和启动均检查；仅已有实现ID/武器；阶1..5；min≤max，量化网格非空	"[""space-battleship/scripts/drone_rewards.gd:15"",""space-battleship/scripts/drone_rewards.gd:16"",""space-battleship/scripts/drone_rewards.gd:18"",""space-battleship/scripts/drone_rewards.gd:20"",""space-battleship/scripts/drone_rewards.gd:39"",""space-battleship/scripts/drone_rewards.gd:40"",""space-battleship/scripts/drone_rewards.gd:41"",""space-battleship/scripts/drone_forge.gd:11"",""space-battleship/scripts/drone_forge.gd:12"",""space-battleship/scripts/drone_forge.gd:15"",""space-battleship/scripts/drone_forge.gd:16"",""space-battleship/scripts/drone_forge.gd:56"",""space-battleship/scripts/drone_forge.gd:57"",""space-battleship/scripts/drone_forge.gd:61"",""space-battleship/scripts/drone_forge.gd:64"",""space-battleship/scripts/drone_forge.gd:69"",""space-battleship/scripts/drone_forge.gd:71"",""space-battleship/scripts/drone_forge.gd:77"",""space-battleship/scripts/drone_forge.gd:79"",""space-battleship/scripts/drone_forge.gd:84"",""space-battleship/scripts/drone_forge.gd:89"",""space-battleship/scripts/drone_forge.gd:91"",""space-battleship/scripts/drone_forge.gd:96"",""space-battleship/scripts/drone_forge.gd:134"",""space-battleship/scripts/drone_forge.gd:160"",""space-battleship/scripts/drone_inventory.gd:6"",""space-battleship/scripts/drone_inventory.gd:38"",""space-battleship/scripts/drone_inventory.gd:40"",""space-battleship/scripts/drone_inventory.gd:41"",""space-battleship/scripts/drone_inventory.gd:66"",""space-battleship/scripts/drone_effect_aggregator.gd:5"",""space-battleship/scripts/drone_effect_aggregator.gd:7"",""space-battleship/scripts/drone_effect_aggregator.gd:15"",""space-battleship/scripts/drone_effect_aggregator.gd:16"",""space-battleship/scripts/drone_effect_aggregator.gd:18"",""space-battleship/scripts/drone_effect_aggregator.gd:32""]"
space-battleship/data/hyperspace_config.json	/affixes/damage_longLaser/ranges/5/1	float	0.2	"{""sheet"":""hyperspace_config"",""row"":200,""value_column"":""C"",""type_column"":""B""}"	词缀定义与阶级区间	maximum	balance	True	consumed	原始加成；数量词缀最终投影有int截断	已实现词缀定义、适用武器及各阶原值区间	保留当前JSON类型；数值有限；运行时C.number边界abs(value)<9e15；相关跨字段约束必须导入和启动均检查；仅已有实现ID/武器；阶1..5；min≤max，量化网格非空	"[""space-battleship/scripts/drone_rewards.gd:15"",""space-battleship/scripts/drone_rewards.gd:16"",""space-battleship/scripts/drone_rewards.gd:18"",""space-battleship/scripts/drone_rewards.gd:20"",""space-battleship/scripts/drone_rewards.gd:39"",""space-battleship/scripts/drone_rewards.gd:40"",""space-battleship/scripts/drone_rewards.gd:41"",""space-battleship/scripts/drone_forge.gd:11"",""space-battleship/scripts/drone_forge.gd:12"",""space-battleship/scripts/drone_forge.gd:15"",""space-battleship/scripts/drone_forge.gd:16"",""space-battleship/scripts/drone_forge.gd:56"",""space-battleship/scripts/drone_forge.gd:57"",""space-battleship/scripts/drone_forge.gd:61"",""space-battleship/scripts/drone_forge.gd:64"",""space-battleship/scripts/drone_forge.gd:69"",""space-battleship/scripts/drone_forge.gd:71"",""space-battleship/scripts/drone_forge.gd:77"",""space-battleship/scripts/drone_forge.gd:79"",""space-battleship/scripts/drone_forge.gd:84"",""space-battleship/scripts/drone_forge.gd:89"",""space-battleship/scripts/drone_forge.gd:91"",""space-battleship/scripts/drone_forge.gd:96"",""space-battleship/scripts/drone_forge.gd:134"",""space-battleship/scripts/drone_forge.gd:160"",""space-battleship/scripts/drone_inventory.gd:6"",""space-battleship/scripts/drone_inventory.gd:38"",""space-battleship/scripts/drone_inventory.gd:40"",""space-battleship/scripts/drone_inventory.gd:41"",""space-battleship/scripts/drone_inventory.gd:66"",""space-battleship/scripts/drone_effect_aggregator.gd:5"",""space-battleship/scripts/drone_effect_aggregator.gd:7"",""space-battleship/scripts/drone_effect_aggregator.gd:15"",""space-battleship/scripts/drone_effect_aggregator.gd:16"",""space-battleship/scripts/drone_effect_aggregator.gd:18"",""space-battleship/scripts/drone_effect_aggregator.gd:32""]"
space-battleship/data/hyperspace_config.json	/affixes/damage_longLaser/amplified	bool	true	"{""sheet"":""hyperspace_config"",""row"":201,""value_column"":""C"",""type_column"":""B""}"	词缀定义与阶级区间	amplified	balance	True	consumed	bool	已实现词缀定义、适用武器及各阶原值区间	保留当前JSON类型；数值有限；运行时C.number边界abs(value)<9e15；相关跨字段约束必须导入和启动均检查；仅已有实现ID/武器；阶1..5；min≤max，量化网格非空	"[""space-battleship/scripts/drone_rewards.gd:15"",""space-battleship/scripts/drone_rewards.gd:16"",""space-battleship/scripts/drone_rewards.gd:18"",""space-battleship/scripts/drone_rewards.gd:20"",""space-battleship/scripts/drone_rewards.gd:39"",""space-battleship/scripts/drone_rewards.gd:40"",""space-battleship/scripts/drone_rewards.gd:41"",""space-battleship/scripts/drone_forge.gd:11"",""space-battleship/scripts/drone_forge.gd:12"",""space-battleship/scripts/drone_forge.gd:15"",""space-battleship/scripts/drone_forge.gd:16"",""space-battleship/scripts/drone_forge.gd:56"",""space-battleship/scripts/drone_forge.gd:57"",""space-battleship/scripts/drone_forge.gd:61"",""space-battleship/scripts/drone_forge.gd:64"",""space-battleship/scripts/drone_forge.gd:69"",""space-battleship/scripts/drone_forge.gd:71"",""space-battleship/scripts/drone_forge.gd:77"",""space-battleship/scripts/drone_forge.gd:79"",""space-battleship/scripts/drone_forge.gd:84"",""space-battleship/scripts/drone_forge.gd:89"",""space-battleship/scripts/drone_forge.gd:91"",""space-battleship/scripts/drone_forge.gd:96"",""space-battleship/scripts/drone_forge.gd:134"",""space-battleship/scripts/drone_forge.gd:160"",""space-battleship/scripts/drone_inventory.gd:6"",""space-battleship/scripts/drone_inventory.gd:38"",""space-battleship/scripts/drone_inventory.gd:40"",""space-battleship/scripts/drone_inventory.gd:41"",""space-battleship/scripts/drone_inventory.gd:66"",""space-battleship/scripts/drone_effect_aggregator.gd:5"",""space-battleship/scripts/drone_effect_aggregator.gd:7"",""space-battleship/scripts/drone_effect_aggregator.gd:15"",""space-battleship/scripts/drone_effect_aggregator.gd:16"",""space-battleship/scripts/drone_effect_aggregator.gd:18"",""space-battleship/scripts/drone_effect_aggregator.gd:32""]"
space-battleship/data/hyperspace_config.json	/affixes/damage_longLaser/weapon	string	longLaser	"{""sheet"":""hyperspace_config"",""row"":202,""value_column"":""C"",""type_column"":""B""}"	词缀定义与阶级区间	weapon	balance	True	consumed	武器ID	已实现词缀定义、适用武器及各阶原值区间	保留当前JSON类型；数值有限；运行时C.number边界abs(value)<9e15；相关跨字段约束必须导入和启动均检查；仅已有实现ID/武器；阶1..5；min≤max，量化网格非空	"[""space-battleship/scripts/drone_rewards.gd:15"",""space-battleship/scripts/drone_rewards.gd:16"",""space-battleship/scripts/drone_rewards.gd:18"",""space-battleship/scripts/drone_rewards.gd:20"",""space-battleship/scripts/drone_rewards.gd:39"",""space-battleship/scripts/drone_rewards.gd:40"",""space-battleship/scripts/drone_rewards.gd:41"",""space-battleship/scripts/drone_forge.gd:11"",""space-battleship/scripts/drone_forge.gd:12"",""space-battleship/scripts/drone_forge.gd:15"",""space-battleship/scripts/drone_forge.gd:16"",""space-battleship/scripts/drone_forge.gd:56"",""space-battleship/scripts/drone_forge.gd:57"",""space-battleship/scripts/drone_forge.gd:61"",""space-battleship/scripts/drone_forge.gd:64"",""space-battleship/scripts/drone_forge.gd:69"",""space-battleship/scripts/drone_forge.gd:71"",""space-battleship/scripts/drone_forge.gd:77"",""space-battleship/scripts/drone_forge.gd:79"",""space-battleship/scripts/drone_forge.gd:84"",""space-battleship/scripts/drone_forge.gd:89"",""space-battleship/scripts/drone_forge.gd:91"",""space-battleship/scripts/drone_forge.gd:96"",""space-battleship/scripts/drone_forge.gd:134"",""space-battleship/scripts/drone_forge.gd:160"",""space-battleship/scripts/drone_inventory.gd:6"",""space-battleship/scripts/drone_inventory.gd:38"",""space-battleship/scripts/drone_inventory.gd:40"",""space-battleship/scripts/drone_inventory.gd:41"",""space-battleship/scripts/drone_inventory.gd:66"",""space-battleship/scripts/drone_effect_aggregator.gd:5"",""space-battleship/scripts/drone_effect_aggregator.gd:7"",""space-battleship/scripts/drone_effect_aggregator.gd:15"",""space-battleship/scripts/drone_effect_aggregator.gd:16"",""space-battleship/scripts/drone_effect_aggregator.gd:18"",""space-battleship/scripts/drone_effect_aggregator.gd:32""]"
space-battleship/data/hyperspace_config.json	/affixes/global_damage/ranges/1/0	float	0.9	"{""sheet"":""hyperspace_config"",""row"":206,""value_column"":""C"",""type_column"":""B""}"	词缀定义与阶级区间	minimum	balance	True	consumed	原始加成；数量词缀最终投影有int截断	已实现词缀定义、适用武器及各阶原值区间	保留当前JSON类型；数值有限；运行时C.number边界abs(value)<9e15；相关跨字段约束必须导入和启动均检查；仅已有实现ID/武器；阶1..5；min≤max，量化网格非空	"[""space-battleship/scripts/drone_rewards.gd:15"",""space-battleship/scripts/drone_rewards.gd:16"",""space-battleship/scripts/drone_rewards.gd:18"",""space-battleship/scripts/drone_rewards.gd:20"",""space-battleship/scripts/drone_rewards.gd:39"",""space-battleship/scripts/drone_rewards.gd:40"",""space-battleship/scripts/drone_rewards.gd:41"",""space-battleship/scripts/drone_forge.gd:11"",""space-battleship/scripts/drone_forge.gd:12"",""space-battleship/scripts/drone_forge.gd:15"",""space-battleship/scripts/drone_forge.gd:16"",""space-battleship/scripts/drone_forge.gd:56"",""space-battleship/scripts/drone_forge.gd:57"",""space-battleship/scripts/drone_forge.gd:61"",""space-battleship/scripts/drone_forge.gd:64"",""space-battleship/scripts/drone_forge.gd:69"",""space-battleship/scripts/drone_forge.gd:71"",""space-battleship/scripts/drone_forge.gd:77"",""space-battleship/scripts/drone_forge.gd:79"",""space-battleship/scripts/drone_forge.gd:84"",""space-battleship/scripts/drone_forge.gd:89"",""space-battleship/scripts/drone_forge.gd:91"",""space-battleship/scripts/drone_forge.gd:96"",""space-battleship/scripts/drone_forge.gd:134"",""space-battleship/scripts/drone_forge.gd:160"",""space-battleship/scripts/drone_inventory.gd:6"",""space-battleship/scripts/drone_inventory.gd:38"",""space-battleship/scripts/drone_inventory.gd:40"",""space-battleship/scripts/drone_inventory.gd:41"",""space-battleship/scripts/drone_inventory.gd:66"",""space-battleship/scripts/drone_effect_aggregator.gd:5"",""space-battleship/scripts/drone_effect_aggregator.gd:7"",""space-battleship/scripts/drone_effect_aggregator.gd:15"",""space-battleship/scripts/drone_effect_aggregator.gd:16"",""space-battleship/scripts/drone_effect_aggregator.gd:18"",""space-battleship/scripts/drone_effect_aggregator.gd:32""]"
space-battleship/data/hyperspace_config.json	/affixes/global_damage/ranges/1/1	int	1	"{""sheet"":""hyperspace_config"",""row"":207,""value_column"":""C"",""type_column"":""B""}"	词缀定义与阶级区间	maximum	balance	True	consumed	原始加成；数量词缀最终投影有int截断	已实现词缀定义、适用武器及各阶原值区间	保留当前JSON类型；数值有限；运行时C.number边界abs(value)<9e15；相关跨字段约束必须导入和启动均检查；仅已有实现ID/武器；阶1..5；min≤max，量化网格非空	"[""space-battleship/scripts/drone_rewards.gd:15"",""space-battleship/scripts/drone_rewards.gd:16"",""space-battleship/scripts/drone_rewards.gd:18"",""space-battleship/scripts/drone_rewards.gd:20"",""space-battleship/scripts/drone_rewards.gd:39"",""space-battleship/scripts/drone_rewards.gd:40"",""space-battleship/scripts/drone_rewards.gd:41"",""space-battleship/scripts/drone_forge.gd:11"",""space-battleship/scripts/drone_forge.gd:12"",""space-battleship/scripts/drone_forge.gd:15"",""space-battleship/scripts/drone_forge.gd:16"",""space-battleship/scripts/drone_forge.gd:56"",""space-battleship/scripts/drone_forge.gd:57"",""space-battleship/scripts/drone_forge.gd:61"",""space-battleship/scripts/drone_forge.gd:64"",""space-battleship/scripts/drone_forge.gd:69"",""space-battleship/scripts/drone_forge.gd:71"",""space-battleship/scripts/drone_forge.gd:77"",""space-battleship/scripts/drone_forge.gd:79"",""space-battleship/scripts/drone_forge.gd:84"",""space-battleship/scripts/drone_forge.gd:89"",""space-battleship/scripts/drone_forge.gd:91"",""space-battleship/scripts/drone_forge.gd:96"",""space-battleship/scripts/drone_forge.gd:134"",""space-battleship/scripts/drone_forge.gd:160"",""space-battleship/scripts/drone_inventory.gd:6"",""space-battleship/scripts/drone_inventory.gd:38"",""space-battleship/scripts/drone_inventory.gd:40"",""space-battleship/scripts/drone_inventory.gd:41"",""space-battleship/scripts/drone_inventory.gd:66"",""space-battleship/scripts/drone_effect_aggregator.gd:5"",""space-battleship/scripts/drone_effect_aggregator.gd:7"",""space-battleship/scripts/drone_effect_aggregator.gd:15"",""space-battleship/scripts/drone_effect_aggregator.gd:16"",""space-battleship/scripts/drone_effect_aggregator.gd:18"",""space-battleship/scripts/drone_effect_aggregator.gd:32""]"
space-battleship/data/hyperspace_config.json	/affixes/global_damage/ranges/2/0	float	0.6	"{""sheet"":""hyperspace_config"",""row"":209,""value_column"":""C"",""type_column"":""B""}"	词缀定义与阶级区间	minimum	balance	True	consumed	原始加成；数量词缀最终投影有int截断	已实现词缀定义、适用武器及各阶原值区间	保留当前JSON类型；数值有限；运行时C.number边界abs(value)<9e15；相关跨字段约束必须导入和启动均检查；仅已有实现ID/武器；阶1..5；min≤max，量化网格非空	"[""space-battleship/scripts/drone_rewards.gd:15"",""space-battleship/scripts/drone_rewards.gd:16"",""space-battleship/scripts/drone_rewards.gd:18"",""space-battleship/scripts/drone_rewards.gd:20"",""space-battleship/scripts/drone_rewards.gd:39"",""space-battleship/scripts/drone_rewards.gd:40"",""space-battleship/scripts/drone_rewards.gd:41"",""space-battleship/scripts/drone_forge.gd:11"",""space-battleship/scripts/drone_forge.gd:12"",""space-battleship/scripts/drone_forge.gd:15"",""space-battleship/scripts/drone_forge.gd:16"",""space-battleship/scripts/drone_forge.gd:56"",""space-battleship/scripts/drone_forge.gd:57"",""space-battleship/scripts/drone_forge.gd:61"",""space-battleship/scripts/drone_forge.gd:64"",""space-battleship/scripts/drone_forge.gd:69"",""space-battleship/scripts/drone_forge.gd:71"",""space-battleship/scripts/drone_forge.gd:77"",""space-battleship/scripts/drone_forge.gd:79"",""space-battleship/scripts/drone_forge.gd:84"",""space-battleship/scripts/drone_forge.gd:89"",""space-battleship/scripts/drone_forge.gd:91"",""space-battleship/scripts/drone_forge.gd:96"",""space-battleship/scripts/drone_forge.gd:134"",""space-battleship/scripts/drone_forge.gd:160"",""space-battleship/scripts/drone_inventory.gd:6"",""space-battleship/scripts/drone_inventory.gd:38"",""space-battleship/scripts/drone_inventory.gd:40"",""space-battleship/scripts/drone_inventory.gd:41"",""space-battleship/scripts/drone_inventory.gd:66"",""space-battleship/scripts/drone_effect_aggregator.gd:5"",""space-battleship/scripts/drone_effect_aggregator.gd:7"",""space-battleship/scripts/drone_effect_aggregator.gd:15"",""space-battleship/scripts/drone_effect_aggregator.gd:16"",""space-battleship/scripts/drone_effect_aggregator.gd:18"",""space-battleship/scripts/drone_effect_aggregator.gd:32""]"
space-battleship/data/hyperspace_config.json	/affixes/global_damage/ranges/2/1	float	0.75	"{""sheet"":""hyperspace_config"",""row"":210,""value_column"":""C"",""type_column"":""B""}"	词缀定义与阶级区间	maximum	balance	True	consumed	原始加成；数量词缀最终投影有int截断	已实现词缀定义、适用武器及各阶原值区间	保留当前JSON类型；数值有限；运行时C.number边界abs(value)<9e15；相关跨字段约束必须导入和启动均检查；仅已有实现ID/武器；阶1..5；min≤max，量化网格非空	"[""space-battleship/scripts/drone_rewards.gd:15"",""space-battleship/scripts/drone_rewards.gd:16"",""space-battleship/scripts/drone_rewards.gd:18"",""space-battleship/scripts/drone_rewards.gd:20"",""space-battleship/scripts/drone_rewards.gd:39"",""space-battleship/scripts/drone_rewards.gd:40"",""space-battleship/scripts/drone_rewards.gd:41"",""space-battleship/scripts/drone_forge.gd:11"",""space-battleship/scripts/drone_forge.gd:12"",""space-battleship/scripts/drone_forge.gd:15"",""space-battleship/scripts/drone_forge.gd:16"",""space-battleship/scripts/drone_forge.gd:56"",""space-battleship/scripts/drone_forge.gd:57"",""space-battleship/scripts/drone_forge.gd:61"",""space-battleship/scripts/drone_forge.gd:64"",""space-battleship/scripts/drone_forge.gd:69"",""space-battleship/scripts/drone_forge.gd:71"",""space-battleship/scripts/drone_forge.gd:77"",""space-battleship/scripts/drone_forge.gd:79"",""space-battleship/scripts/drone_forge.gd:84"",""space-battleship/scripts/drone_forge.gd:89"",""space-battleship/scripts/drone_forge.gd:91"",""space-battleship/scripts/drone_forge.gd:96"",""space-battleship/scripts/drone_forge.gd:134"",""space-battleship/scripts/drone_forge.gd:160"",""space-battleship/scripts/drone_inventory.gd:6"",""space-battleship/scripts/drone_inventory.gd:38"",""space-battleship/scripts/drone_inventory.gd:40"",""space-battleship/scripts/drone_inventory.gd:41"",""space-battleship/scripts/drone_inventory.gd:66"",""space-battleship/scripts/drone_effect_aggregator.gd:5"",""space-battleship/scripts/drone_effect_aggregator.gd:7"",""space-battleship/scripts/drone_effect_aggregator.gd:15"",""space-battleship/scripts/drone_effect_aggregator.gd:16"",""space-battleship/scripts/drone_effect_aggregator.gd:18"",""space-battleship/scripts/drone_effect_aggregator.gd:32""]"
space-battleship/data/hyperspace_config.json	/affixes/global_damage/ranges/3/0	float	0.4	"{""sheet"":""hyperspace_config"",""row"":212,""value_column"":""C"",""type_column"":""B""}"	词缀定义与阶级区间	minimum	balance	True	consumed	原始加成；数量词缀最终投影有int截断	已实现词缀定义、适用武器及各阶原值区间	保留当前JSON类型；数值有限；运行时C.number边界abs(value)<9e15；相关跨字段约束必须导入和启动均检查；仅已有实现ID/武器；阶1..5；min≤max，量化网格非空	"[""space-battleship/scripts/drone_rewards.gd:15"",""space-battleship/scripts/drone_rewards.gd:16"",""space-battleship/scripts/drone_rewards.gd:18"",""space-battleship/scripts/drone_rewards.gd:20"",""space-battleship/scripts/drone_rewards.gd:39"",""space-battleship/scripts/drone_rewards.gd:40"",""space-battleship/scripts/drone_rewards.gd:41"",""space-battleship/scripts/drone_forge.gd:11"",""space-battleship/scripts/drone_forge.gd:12"",""space-battleship/scripts/drone_forge.gd:15"",""space-battleship/scripts/drone_forge.gd:16"",""space-battleship/scripts/drone_forge.gd:56"",""space-battleship/scripts/drone_forge.gd:57"",""space-battleship/scripts/drone_forge.gd:61"",""space-battleship/scripts/drone_forge.gd:64"",""space-battleship/scripts/drone_forge.gd:69"",""space-battleship/scripts/drone_forge.gd:71"",""space-battleship/scripts/drone_forge.gd:77"",""space-battleship/scripts/drone_forge.gd:79"",""space-battleship/scripts/drone_forge.gd:84"",""space-battleship/scripts/drone_forge.gd:89"",""space-battleship/scripts/drone_forge.gd:91"",""space-battleship/scripts/drone_forge.gd:96"",""space-battleship/scripts/drone_forge.gd:134"",""space-battleship/scripts/drone_forge.gd:160"",""space-battleship/scripts/drone_inventory.gd:6"",""space-battleship/scripts/drone_inventory.gd:38"",""space-battleship/scripts/drone_inventory.gd:40"",""space-battleship/scripts/drone_inventory.gd:41"",""space-battleship/scripts/drone_inventory.gd:66"",""space-battleship/scripts/drone_effect_aggregator.gd:5"",""space-battleship/scripts/drone_effect_aggregator.gd:7"",""space-battleship/scripts/drone_effect_aggregator.gd:15"",""space-battleship/scripts/drone_effect_aggregator.gd:16"",""space-battleship/scripts/drone_effect_aggregator.gd:18"",""space-battleship/scripts/drone_effect_aggregator.gd:32""]"
space-battleship/data/hyperspace_config.json	/affixes/global_damage/ranges/3/1	float	0.5	"{""sheet"":""hyperspace_config"",""row"":213,""value_column"":""C"",""type_column"":""B""}"	词缀定义与阶级区间	maximum	balance	True	consumed	原始加成；数量词缀最终投影有int截断	已实现词缀定义、适用武器及各阶原值区间	保留当前JSON类型；数值有限；运行时C.number边界abs(value)<9e15；相关跨字段约束必须导入和启动均检查；仅已有实现ID/武器；阶1..5；min≤max，量化网格非空	"[""space-battleship/scripts/drone_rewards.gd:15"",""space-battleship/scripts/drone_rewards.gd:16"",""space-battleship/scripts/drone_rewards.gd:18"",""space-battleship/scripts/drone_rewards.gd:20"",""space-battleship/scripts/drone_rewards.gd:39"",""space-battleship/scripts/drone_rewards.gd:40"",""space-battleship/scripts/drone_rewards.gd:41"",""space-battleship/scripts/drone_forge.gd:11"",""space-battleship/scripts/drone_forge.gd:12"",""space-battleship/scripts/drone_forge.gd:15"",""space-battleship/scripts/drone_forge.gd:16"",""space-battleship/scripts/drone_forge.gd:56"",""space-battleship/scripts/drone_forge.gd:57"",""space-battleship/scripts/drone_forge.gd:61"",""space-battleship/scripts/drone_forge.gd:64"",""space-battleship/scripts/drone_forge.gd:69"",""space-battleship/scripts/drone_forge.gd:71"",""space-battleship/scripts/drone_forge.gd:77"",""space-battleship/scripts/drone_forge.gd:79"",""space-battleship/scripts/drone_forge.gd:84"",""space-battleship/scripts/drone_forge.gd:89"",""space-battleship/scripts/drone_forge.gd:91"",""space-battleship/scripts/drone_forge.gd:96"",""space-battleship/scripts/drone_forge.gd:134"",""space-battleship/scripts/drone_forge.gd:160"",""space-battleship/scripts/drone_inventory.gd:6"",""space-battleship/scripts/drone_inventory.gd:38"",""space-battleship/scripts/drone_inventory.gd:40"",""space-battleship/scripts/drone_inventory.gd:41"",""space-battleship/scripts/drone_inventory.gd:66"",""space-battleship/scripts/drone_effect_aggregator.gd:5"",""space-battleship/scripts/drone_effect_aggregator.gd:7"",""space-battleship/scripts/drone_effect_aggregator.gd:15"",""space-battleship/scripts/drone_effect_aggregator.gd:16"",""space-battleship/scripts/drone_effect_aggregator.gd:18"",""space-battleship/scripts/drone_effect_aggregator.gd:32""]"
space-battleship/data/hyperspace_config.json	/affixes/global_damage/ranges/4/0	float	0.2	"{""sheet"":""hyperspace_config"",""row"":215,""value_column"":""C"",""type_column"":""B""}"	词缀定义与阶级区间	minimum	balance	True	consumed	原始加成；数量词缀最终投影有int截断	已实现词缀定义、适用武器及各阶原值区间	保留当前JSON类型；数值有限；运行时C.number边界abs(value)<9e15；相关跨字段约束必须导入和启动均检查；仅已有实现ID/武器；阶1..5；min≤max，量化网格非空	"[""space-battleship/scripts/drone_rewards.gd:15"",""space-battleship/scripts/drone_rewards.gd:16"",""space-battleship/scripts/drone_rewards.gd:18"",""space-battleship/scripts/drone_rewards.gd:20"",""space-battleship/scripts/drone_rewards.gd:39"",""space-battleship/scripts/drone_rewards.gd:40"",""space-battleship/scripts/drone_rewards.gd:41"",""space-battleship/scripts/drone_forge.gd:11"",""space-battleship/scripts/drone_forge.gd:12"",""space-battleship/scripts/drone_forge.gd:15"",""space-battleship/scripts/drone_forge.gd:16"",""space-battleship/scripts/drone_forge.gd:56"",""space-battleship/scripts/drone_forge.gd:57"",""space-battleship/scripts/drone_forge.gd:61"",""space-battleship/scripts/drone_forge.gd:64"",""space-battleship/scripts/drone_forge.gd:69"",""space-battleship/scripts/drone_forge.gd:71"",""space-battleship/scripts/drone_forge.gd:77"",""space-battleship/scripts/drone_forge.gd:79"",""space-battleship/scripts/drone_forge.gd:84"",""space-battleship/scripts/drone_forge.gd:89"",""space-battleship/scripts/drone_forge.gd:91"",""space-battleship/scripts/drone_forge.gd:96"",""space-battleship/scripts/drone_forge.gd:134"",""space-battleship/scripts/drone_forge.gd:160"",""space-battleship/scripts/drone_inventory.gd:6"",""space-battleship/scripts/drone_inventory.gd:38"",""space-battleship/scripts/drone_inventory.gd:40"",""space-battleship/scripts/drone_inventory.gd:41"",""space-battleship/scripts/drone_inventory.gd:66"",""space-battleship/scripts/drone_effect_aggregator.gd:5"",""space-battleship/scripts/drone_effect_aggregator.gd:7"",""space-battleship/scripts/drone_effect_aggregator.gd:15"",""space-battleship/scripts/drone_effect_aggregator.gd:16"",""space-battleship/scripts/drone_effect_aggregator.gd:18"",""space-battleship/scripts/drone_effect_aggregator.gd:32""]"
space-battleship/data/hyperspace_config.json	/affixes/global_damage/ranges/4/1	float	0.3	"{""sheet"":""hyperspace_config"",""row"":216,""value_column"":""C"",""type_column"":""B""}"	词缀定义与阶级区间	maximum	balance	True	consumed	原始加成；数量词缀最终投影有int截断	已实现词缀定义、适用武器及各阶原值区间	保留当前JSON类型；数值有限；运行时C.number边界abs(value)<9e15；相关跨字段约束必须导入和启动均检查；仅已有实现ID/武器；阶1..5；min≤max，量化网格非空	"[""space-battleship/scripts/drone_rewards.gd:15"",""space-battleship/scripts/drone_rewards.gd:16"",""space-battleship/scripts/drone_rewards.gd:18"",""space-battleship/scripts/drone_rewards.gd:20"",""space-battleship/scripts/drone_rewards.gd:39"",""space-battleship/scripts/drone_rewards.gd:40"",""space-battleship/scripts/drone_rewards.gd:41"",""space-battleship/scripts/drone_forge.gd:11"",""space-battleship/scripts/drone_forge.gd:12"",""space-battleship/scripts/drone_forge.gd:15"",""space-battleship/scripts/drone_forge.gd:16"",""space-battleship/scripts/drone_forge.gd:56"",""space-battleship/scripts/drone_forge.gd:57"",""space-battleship/scripts/drone_forge.gd:61"",""space-battleship/scripts/drone_forge.gd:64"",""space-battleship/scripts/drone_forge.gd:69"",""space-battleship/scripts/drone_forge.gd:71"",""space-battleship/scripts/drone_forge.gd:77"",""space-battleship/scripts/drone_forge.gd:79"",""space-battleship/scripts/drone_forge.gd:84"",""space-battleship/scripts/drone_forge.gd:89"",""space-battleship/scripts/drone_forge.gd:91"",""space-battleship/scripts/drone_forge.gd:96"",""space-battleship/scripts/drone_forge.gd:134"",""space-battleship/scripts/drone_forge.gd:160"",""space-battleship/scripts/drone_inventory.gd:6"",""space-battleship/scripts/drone_inventory.gd:38"",""space-battleship/scripts/drone_inventory.gd:40"",""space-battleship/scripts/drone_inventory.gd:41"",""space-battleship/scripts/drone_inventory.gd:66"",""space-battleship/scripts/drone_effect_aggregator.gd:5"",""space-battleship/scripts/drone_effect_aggregator.gd:7"",""space-battleship/scripts/drone_effect_aggregator.gd:15"",""space-battleship/scripts/drone_effect_aggregator.gd:16"",""space-battleship/scripts/drone_effect_aggregator.gd:18"",""space-battleship/scripts/drone_effect_aggregator.gd:32""]"
space-battleship/data/hyperspace_config.json	/affixes/global_damage/ranges/5/0	float	0.05	"{""sheet"":""hyperspace_config"",""row"":218,""value_column"":""C"",""type_column"":""B""}"	词缀定义与阶级区间	minimum	balance	True	consumed	原始加成；数量词缀最终投影有int截断	已实现词缀定义、适用武器及各阶原值区间	保留当前JSON类型；数值有限；运行时C.number边界abs(value)<9e15；相关跨字段约束必须导入和启动均检查；仅已有实现ID/武器；阶1..5；min≤max，量化网格非空	"[""space-battleship/scripts/drone_rewards.gd:15"",""space-battleship/scripts/drone_rewards.gd:16"",""space-battleship/scripts/drone_rewards.gd:18"",""space-battleship/scripts/drone_rewards.gd:20"",""space-battleship/scripts/drone_rewards.gd:39"",""space-battleship/scripts/drone_rewards.gd:40"",""space-battleship/scripts/drone_rewards.gd:41"",""space-battleship/scripts/drone_forge.gd:11"",""space-battleship/scripts/drone_forge.gd:12"",""space-battleship/scripts/drone_forge.gd:15"",""space-battleship/scripts/drone_forge.gd:16"",""space-battleship/scripts/drone_forge.gd:56"",""space-battleship/scripts/drone_forge.gd:57"",""space-battleship/scripts/drone_forge.gd:61"",""space-battleship/scripts/drone_forge.gd:64"",""space-battleship/scripts/drone_forge.gd:69"",""space-battleship/scripts/drone_forge.gd:71"",""space-battleship/scripts/drone_forge.gd:77"",""space-battleship/scripts/drone_forge.gd:79"",""space-battleship/scripts/drone_forge.gd:84"",""space-battleship/scripts/drone_forge.gd:89"",""space-battleship/scripts/drone_forge.gd:91"",""space-battleship/scripts/drone_forge.gd:96"",""space-battleship/scripts/drone_forge.gd:134"",""space-battleship/scripts/drone_forge.gd:160"",""space-battleship/scripts/drone_inventory.gd:6"",""space-battleship/scripts/drone_inventory.gd:38"",""space-battleship/scripts/drone_inventory.gd:40"",""space-battleship/scripts/drone_inventory.gd:41"",""space-battleship/scripts/drone_inventory.gd:66"",""space-battleship/scripts/drone_effect_aggregator.gd:5"",""space-battleship/scripts/drone_effect_aggregator.gd:7"",""space-battleship/scripts/drone_effect_aggregator.gd:15"",""space-battleship/scripts/drone_effect_aggregator.gd:16"",""space-battleship/scripts/drone_effect_aggregator.gd:18"",""space-battleship/scripts/drone_effect_aggregator.gd:32""]"
space-battleship/data/hyperspace_config.json	/affixes/global_damage/ranges/5/1	float	0.1	"{""sheet"":""hyperspace_config"",""row"":219,""value_column"":""C"",""type_column"":""B""}"	词缀定义与阶级区间	maximum	balance	True	consumed	原始加成；数量词缀最终投影有int截断	已实现词缀定义、适用武器及各阶原值区间	保留当前JSON类型；数值有限；运行时C.number边界abs(value)<9e15；相关跨字段约束必须导入和启动均检查；仅已有实现ID/武器；阶1..5；min≤max，量化网格非空	"[""space-battleship/scripts/drone_rewards.gd:15"",""space-battleship/scripts/drone_rewards.gd:16"",""space-battleship/scripts/drone_rewards.gd:18"",""space-battleship/scripts/drone_rewards.gd:20"",""space-battleship/scripts/drone_rewards.gd:39"",""space-battleship/scripts/drone_rewards.gd:40"",""space-battleship/scripts/drone_rewards.gd:41"",""space-battleship/scripts/drone_forge.gd:11"",""space-battleship/scripts/drone_forge.gd:12"",""space-battleship/scripts/drone_forge.gd:15"",""space-battleship/scripts/drone_forge.gd:16"",""space-battleship/scripts/drone_forge.gd:56"",""space-battleship/scripts/drone_forge.gd:57"",""space-battleship/scripts/drone_forge.gd:61"",""space-battleship/scripts/drone_forge.gd:64"",""space-battleship/scripts/drone_forge.gd:69"",""space-battleship/scripts/drone_forge.gd:71"",""space-battleship/scripts/drone_forge.gd:77"",""space-battleship/scripts/drone_forge.gd:79"",""space-battleship/scripts/drone_forge.gd:84"",""space-battleship/scripts/drone_forge.gd:89"",""space-battleship/scripts/drone_forge.gd:91"",""space-battleship/scripts/drone_forge.gd:96"",""space-battleship/scripts/drone_forge.gd:134"",""space-battleship/scripts/drone_forge.gd:160"",""space-battleship/scripts/drone_inventory.gd:6"",""space-battleship/scripts/drone_inventory.gd:38"",""space-battleship/scripts/drone_inventory.gd:40"",""space-battleship/scripts/drone_inventory.gd:41"",""space-battleship/scripts/drone_inventory.gd:66"",""space-battleship/scripts/drone_effect_aggregator.gd:5"",""space-battleship/scripts/drone_effect_aggregator.gd:7"",""space-battleship/scripts/drone_effect_aggregator.gd:15"",""space-battleship/scripts/drone_effect_aggregator.gd:16"",""space-battleship/scripts/drone_effect_aggregator.gd:18"",""space-battleship/scripts/drone_effect_aggregator.gd:32""]"
space-battleship/data/hyperspace_config.json	/affixes/global_damage/amplified	bool	true	"{""sheet"":""hyperspace_config"",""row"":220,""value_column"":""C"",""type_column"":""B""}"	词缀定义与阶级区间	amplified	balance	True	consumed	bool	已实现词缀定义、适用武器及各阶原值区间	保留当前JSON类型；数值有限；运行时C.number边界abs(value)<9e15；相关跨字段约束必须导入和启动均检查；仅已有实现ID/武器；阶1..5；min≤max，量化网格非空	"[""space-battleship/scripts/drone_rewards.gd:15"",""space-battleship/scripts/drone_rewards.gd:16"",""space-battleship/scripts/drone_rewards.gd:18"",""space-battleship/scripts/drone_rewards.gd:20"",""space-battleship/scripts/drone_rewards.gd:39"",""space-battleship/scripts/drone_rewards.gd:40"",""space-battleship/scripts/drone_rewards.gd:41"",""space-battleship/scripts/drone_forge.gd:11"",""space-battleship/scripts/drone_forge.gd:12"",""space-battleship/scripts/drone_forge.gd:15"",""space-battleship/scripts/drone_forge.gd:16"",""space-battleship/scripts/drone_forge.gd:56"",""space-battleship/scripts/drone_forge.gd:57"",""space-battleship/scripts/drone_forge.gd:61"",""space-battleship/scripts/drone_forge.gd:64"",""space-battleship/scripts/drone_forge.gd:69"",""space-battleship/scripts/drone_forge.gd:71"",""space-battleship/scripts/drone_forge.gd:77"",""space-battleship/scripts/drone_forge.gd:79"",""space-battleship/scripts/drone_forge.gd:84"",""space-battleship/scripts/drone_forge.gd:89"",""space-battleship/scripts/drone_forge.gd:91"",""space-battleship/scripts/drone_forge.gd:96"",""space-battleship/scripts/drone_forge.gd:134"",""space-battleship/scripts/drone_forge.gd:160"",""space-battleship/scripts/drone_inventory.gd:6"",""space-battleship/scripts/drone_inventory.gd:38"",""space-battleship/scripts/drone_inventory.gd:40"",""space-battleship/scripts/drone_inventory.gd:41"",""space-battleship/scripts/drone_inventory.gd:66"",""space-battleship/scripts/drone_effect_aggregator.gd:5"",""space-battleship/scripts/drone_effect_aggregator.gd:7"",""space-battleship/scripts/drone_effect_aggregator.gd:15"",""space-battleship/scripts/drone_effect_aggregator.gd:16"",""space-battleship/scripts/drone_effect_aggregator.gd:18"",""space-battleship/scripts/drone_effect_aggregator.gd:32""]"
space-battleship/data/hyperspace_config.json	/affixes/global_damage/weapon	string		"{""sheet"":""hyperspace_config"",""row"":221,""value_column"":""C"",""type_column"":""B""}"	词缀定义与阶级区间	weapon	balance	True	consumed	武器ID	已实现词缀定义、适用武器及各阶原值区间	保留当前JSON类型；数值有限；运行时C.number边界abs(value)<9e15；相关跨字段约束必须导入和启动均检查；仅已有实现ID/武器；阶1..5；min≤max，量化网格非空	"[""space-battleship/scripts/drone_rewards.gd:15"",""space-battleship/scripts/drone_rewards.gd:16"",""space-battleship/scripts/drone_rewards.gd:18"",""space-battleship/scripts/drone_rewards.gd:20"",""space-battleship/scripts/drone_rewards.gd:39"",""space-battleship/scripts/drone_rewards.gd:40"",""space-battleship/scripts/drone_rewards.gd:41"",""space-battleship/scripts/drone_forge.gd:11"",""space-battleship/scripts/drone_forge.gd:12"",""space-battleship/scripts/drone_forge.gd:15"",""space-battleship/scripts/drone_forge.gd:16"",""space-battleship/scripts/drone_forge.gd:56"",""space-battleship/scripts/drone_forge.gd:57"",""space-battleship/scripts/drone_forge.gd:61"",""space-battleship/scripts/drone_forge.gd:64"",""space-battleship/scripts/drone_forge.gd:69"",""space-battleship/scripts/drone_forge.gd:71"",""space-battleship/scripts/drone_forge.gd:77"",""space-battleship/scripts/drone_forge.gd:79"",""space-battleship/scripts/drone_forge.gd:84"",""space-battleship/scripts/drone_forge.gd:89"",""space-battleship/scripts/drone_forge.gd:91"",""space-battleship/scripts/drone_forge.gd:96"",""space-battleship/scripts/drone_forge.gd:134"",""space-battleship/scripts/drone_forge.gd:160"",""space-battleship/scripts/drone_inventory.gd:6"",""space-battleship/scripts/drone_inventory.gd:38"",""space-battleship/scripts/drone_inventory.gd:40"",""space-battleship/scripts/drone_inventory.gd:41"",""space-battleship/scripts/drone_inventory.gd:66"",""space-battleship/scripts/drone_effect_aggregator.gd:5"",""space-battleship/scripts/drone_effect_aggregator.gd:7"",""space-battleship/scripts/drone_effect_aggregator.gd:15"",""space-battleship/scripts/drone_effect_aggregator.gd:16"",""space-battleship/scripts/drone_effect_aggregator.gd:18"",""space-battleship/scripts/drone_effect_aggregator.gd:32""]"
space-battleship/data/hyperspace_config.json	/affixes/global_critical_damage/ranges/1/0	float	0.9	"{""sheet"":""hyperspace_config"",""row"":225,""value_column"":""C"",""type_column"":""B""}"	词缀定义与阶级区间	minimum	balance	True	consumed	原始加成；数量词缀最终投影有int截断	已实现词缀定义、适用武器及各阶原值区间	保留当前JSON类型；数值有限；运行时C.number边界abs(value)<9e15；相关跨字段约束必须导入和启动均检查；仅已有实现ID/武器；阶1..5；min≤max，量化网格非空	"[""space-battleship/scripts/drone_rewards.gd:15"",""space-battleship/scripts/drone_rewards.gd:16"",""space-battleship/scripts/drone_rewards.gd:18"",""space-battleship/scripts/drone_rewards.gd:20"",""space-battleship/scripts/drone_rewards.gd:39"",""space-battleship/scripts/drone_rewards.gd:40"",""space-battleship/scripts/drone_rewards.gd:41"",""space-battleship/scripts/drone_forge.gd:11"",""space-battleship/scripts/drone_forge.gd:12"",""space-battleship/scripts/drone_forge.gd:15"",""space-battleship/scripts/drone_forge.gd:16"",""space-battleship/scripts/drone_forge.gd:56"",""space-battleship/scripts/drone_forge.gd:57"",""space-battleship/scripts/drone_forge.gd:61"",""space-battleship/scripts/drone_forge.gd:64"",""space-battleship/scripts/drone_forge.gd:69"",""space-battleship/scripts/drone_forge.gd:71"",""space-battleship/scripts/drone_forge.gd:77"",""space-battleship/scripts/drone_forge.gd:79"",""space-battleship/scripts/drone_forge.gd:84"",""space-battleship/scripts/drone_forge.gd:89"",""space-battleship/scripts/drone_forge.gd:91"",""space-battleship/scripts/drone_forge.gd:96"",""space-battleship/scripts/drone_forge.gd:134"",""space-battleship/scripts/drone_forge.gd:160"",""space-battleship/scripts/drone_inventory.gd:6"",""space-battleship/scripts/drone_inventory.gd:38"",""space-battleship/scripts/drone_inventory.gd:40"",""space-battleship/scripts/drone_inventory.gd:41"",""space-battleship/scripts/drone_inventory.gd:66"",""space-battleship/scripts/drone_effect_aggregator.gd:5"",""space-battleship/scripts/drone_effect_aggregator.gd:7"",""space-battleship/scripts/drone_effect_aggregator.gd:15"",""space-battleship/scripts/drone_effect_aggregator.gd:16"",""space-battleship/scripts/drone_effect_aggregator.gd:18"",""space-battleship/scripts/drone_effect_aggregator.gd:32""]"
space-battleship/data/hyperspace_config.json	/affixes/global_critical_damage/ranges/1/1	int	1	"{""sheet"":""hyperspace_config"",""row"":226,""value_column"":""C"",""type_column"":""B""}"	词缀定义与阶级区间	maximum	balance	True	consumed	原始加成；数量词缀最终投影有int截断	已实现词缀定义、适用武器及各阶原值区间	保留当前JSON类型；数值有限；运行时C.number边界abs(value)<9e15；相关跨字段约束必须导入和启动均检查；仅已有实现ID/武器；阶1..5；min≤max，量化网格非空	"[""space-battleship/scripts/drone_rewards.gd:15"",""space-battleship/scripts/drone_rewards.gd:16"",""space-battleship/scripts/drone_rewards.gd:18"",""space-battleship/scripts/drone_rewards.gd:20"",""space-battleship/scripts/drone_rewards.gd:39"",""space-battleship/scripts/drone_rewards.gd:40"",""space-battleship/scripts/drone_rewards.gd:41"",""space-battleship/scripts/drone_forge.gd:11"",""space-battleship/scripts/drone_forge.gd:12"",""space-battleship/scripts/drone_forge.gd:15"",""space-battleship/scripts/drone_forge.gd:16"",""space-battleship/scripts/drone_forge.gd:56"",""space-battleship/scripts/drone_forge.gd:57"",""space-battleship/scripts/drone_forge.gd:61"",""space-battleship/scripts/drone_forge.gd:64"",""space-battleship/scripts/drone_forge.gd:69"",""space-battleship/scripts/drone_forge.gd:71"",""space-battleship/scripts/drone_forge.gd:77"",""space-battleship/scripts/drone_forge.gd:79"",""space-battleship/scripts/drone_forge.gd:84"",""space-battleship/scripts/drone_forge.gd:89"",""space-battleship/scripts/drone_forge.gd:91"",""space-battleship/scripts/drone_forge.gd:96"",""space-battleship/scripts/drone_forge.gd:134"",""space-battleship/scripts/drone_forge.gd:160"",""space-battleship/scripts/drone_inventory.gd:6"",""space-battleship/scripts/drone_inventory.gd:38"",""space-battleship/scripts/drone_inventory.gd:40"",""space-battleship/scripts/drone_inventory.gd:41"",""space-battleship/scripts/drone_inventory.gd:66"",""space-battleship/scripts/drone_effect_aggregator.gd:5"",""space-battleship/scripts/drone_effect_aggregator.gd:7"",""space-battleship/scripts/drone_effect_aggregator.gd:15"",""space-battleship/scripts/drone_effect_aggregator.gd:16"",""space-battleship/scripts/drone_effect_aggregator.gd:18"",""space-battleship/scripts/drone_effect_aggregator.gd:32""]"
space-battleship/data/hyperspace_config.json	/affixes/global_critical_damage/ranges/2/0	float	0.6	"{""sheet"":""hyperspace_config"",""row"":228,""value_column"":""C"",""type_column"":""B""}"	词缀定义与阶级区间	minimum	balance	True	consumed	原始加成；数量词缀最终投影有int截断	已实现词缀定义、适用武器及各阶原值区间	保留当前JSON类型；数值有限；运行时C.number边界abs(value)<9e15；相关跨字段约束必须导入和启动均检查；仅已有实现ID/武器；阶1..5；min≤max，量化网格非空	"[""space-battleship/scripts/drone_rewards.gd:15"",""space-battleship/scripts/drone_rewards.gd:16"",""space-battleship/scripts/drone_rewards.gd:18"",""space-battleship/scripts/drone_rewards.gd:20"",""space-battleship/scripts/drone_rewards.gd:39"",""space-battleship/scripts/drone_rewards.gd:40"",""space-battleship/scripts/drone_rewards.gd:41"",""space-battleship/scripts/drone_forge.gd:11"",""space-battleship/scripts/drone_forge.gd:12"",""space-battleship/scripts/drone_forge.gd:15"",""space-battleship/scripts/drone_forge.gd:16"",""space-battleship/scripts/drone_forge.gd:56"",""space-battleship/scripts/drone_forge.gd:57"",""space-battleship/scripts/drone_forge.gd:61"",""space-battleship/scripts/drone_forge.gd:64"",""space-battleship/scripts/drone_forge.gd:69"",""space-battleship/scripts/drone_forge.gd:71"",""space-battleship/scripts/drone_forge.gd:77"",""space-battleship/scripts/drone_forge.gd:79"",""space-battleship/scripts/drone_forge.gd:84"",""space-battleship/scripts/drone_forge.gd:89"",""space-battleship/scripts/drone_forge.gd:91"",""space-battleship/scripts/drone_forge.gd:96"",""space-battleship/scripts/drone_forge.gd:134"",""space-battleship/scripts/drone_forge.gd:160"",""space-battleship/scripts/drone_inventory.gd:6"",""space-battleship/scripts/drone_inventory.gd:38"",""space-battleship/scripts/drone_inventory.gd:40"",""space-battleship/scripts/drone_inventory.gd:41"",""space-battleship/scripts/drone_inventory.gd:66"",""space-battleship/scripts/drone_effect_aggregator.gd:5"",""space-battleship/scripts/drone_effect_aggregator.gd:7"",""space-battleship/scripts/drone_effect_aggregator.gd:15"",""space-battleship/scripts/drone_effect_aggregator.gd:16"",""space-battleship/scripts/drone_effect_aggregator.gd:18"",""space-battleship/scripts/drone_effect_aggregator.gd:32""]"
space-battleship/data/hyperspace_config.json	/affixes/global_critical_damage/ranges/2/1	float	0.75	"{""sheet"":""hyperspace_config"",""row"":229,""value_column"":""C"",""type_column"":""B""}"	词缀定义与阶级区间	maximum	balance	True	consumed	原始加成；数量词缀最终投影有int截断	已实现词缀定义、适用武器及各阶原值区间	保留当前JSON类型；数值有限；运行时C.number边界abs(value)<9e15；相关跨字段约束必须导入和启动均检查；仅已有实现ID/武器；阶1..5；min≤max，量化网格非空	"[""space-battleship/scripts/drone_rewards.gd:15"",""space-battleship/scripts/drone_rewards.gd:16"",""space-battleship/scripts/drone_rewards.gd:18"",""space-battleship/scripts/drone_rewards.gd:20"",""space-battleship/scripts/drone_rewards.gd:39"",""space-battleship/scripts/drone_rewards.gd:40"",""space-battleship/scripts/drone_rewards.gd:41"",""space-battleship/scripts/drone_forge.gd:11"",""space-battleship/scripts/drone_forge.gd:12"",""space-battleship/scripts/drone_forge.gd:15"",""space-battleship/scripts/drone_forge.gd:16"",""space-battleship/scripts/drone_forge.gd:56"",""space-battleship/scripts/drone_forge.gd:57"",""space-battleship/scripts/drone_forge.gd:61"",""space-battleship/scripts/drone_forge.gd:64"",""space-battleship/scripts/drone_forge.gd:69"",""space-battleship/scripts/drone_forge.gd:71"",""space-battleship/scripts/drone_forge.gd:77"",""space-battleship/scripts/drone_forge.gd:79"",""space-battleship/scripts/drone_forge.gd:84"",""space-battleship/scripts/drone_forge.gd:89"",""space-battleship/scripts/drone_forge.gd:91"",""space-battleship/scripts/drone_forge.gd:96"",""space-battleship/scripts/drone_forge.gd:134"",""space-battleship/scripts/drone_forge.gd:160"",""space-battleship/scripts/drone_inventory.gd:6"",""space-battleship/scripts/drone_inventory.gd:38"",""space-battleship/scripts/drone_inventory.gd:40"",""space-battleship/scripts/drone_inventory.gd:41"",""space-battleship/scripts/drone_inventory.gd:66"",""space-battleship/scripts/drone_effect_aggregator.gd:5"",""space-battleship/scripts/drone_effect_aggregator.gd:7"",""space-battleship/scripts/drone_effect_aggregator.gd:15"",""space-battleship/scripts/drone_effect_aggregator.gd:16"",""space-battleship/scripts/drone_effect_aggregator.gd:18"",""space-battleship/scripts/drone_effect_aggregator.gd:32""]"
space-battleship/data/hyperspace_config.json	/affixes/global_critical_damage/ranges/3/0	float	0.4	"{""sheet"":""hyperspace_config"",""row"":231,""value_column"":""C"",""type_column"":""B""}"	词缀定义与阶级区间	minimum	balance	True	consumed	原始加成；数量词缀最终投影有int截断	已实现词缀定义、适用武器及各阶原值区间	保留当前JSON类型；数值有限；运行时C.number边界abs(value)<9e15；相关跨字段约束必须导入和启动均检查；仅已有实现ID/武器；阶1..5；min≤max，量化网格非空	"[""space-battleship/scripts/drone_rewards.gd:15"",""space-battleship/scripts/drone_rewards.gd:16"",""space-battleship/scripts/drone_rewards.gd:18"",""space-battleship/scripts/drone_rewards.gd:20"",""space-battleship/scripts/drone_rewards.gd:39"",""space-battleship/scripts/drone_rewards.gd:40"",""space-battleship/scripts/drone_rewards.gd:41"",""space-battleship/scripts/drone_forge.gd:11"",""space-battleship/scripts/drone_forge.gd:12"",""space-battleship/scripts/drone_forge.gd:15"",""space-battleship/scripts/drone_forge.gd:16"",""space-battleship/scripts/drone_forge.gd:56"",""space-battleship/scripts/drone_forge.gd:57"",""space-battleship/scripts/drone_forge.gd:61"",""space-battleship/scripts/drone_forge.gd:64"",""space-battleship/scripts/drone_forge.gd:69"",""space-battleship/scripts/drone_forge.gd:71"",""space-battleship/scripts/drone_forge.gd:77"",""space-battleship/scripts/drone_forge.gd:79"",""space-battleship/scripts/drone_forge.gd:84"",""space-battleship/scripts/drone_forge.gd:89"",""space-battleship/scripts/drone_forge.gd:91"",""space-battleship/scripts/drone_forge.gd:96"",""space-battleship/scripts/drone_forge.gd:134"",""space-battleship/scripts/drone_forge.gd:160"",""space-battleship/scripts/drone_inventory.gd:6"",""space-battleship/scripts/drone_inventory.gd:38"",""space-battleship/scripts/drone_inventory.gd:40"",""space-battleship/scripts/drone_inventory.gd:41"",""space-battleship/scripts/drone_inventory.gd:66"",""space-battleship/scripts/drone_effect_aggregator.gd:5"",""space-battleship/scripts/drone_effect_aggregator.gd:7"",""space-battleship/scripts/drone_effect_aggregator.gd:15"",""space-battleship/scripts/drone_effect_aggregator.gd:16"",""space-battleship/scripts/drone_effect_aggregator.gd:18"",""space-battleship/scripts/drone_effect_aggregator.gd:32""]"
space-battleship/data/hyperspace_config.json	/affixes/global_critical_damage/ranges/3/1	float	0.5	"{""sheet"":""hyperspace_config"",""row"":232,""value_column"":""C"",""type_column"":""B""}"	词缀定义与阶级区间	maximum	balance	True	consumed	原始加成；数量词缀最终投影有int截断	已实现词缀定义、适用武器及各阶原值区间	保留当前JSON类型；数值有限；运行时C.number边界abs(value)<9e15；相关跨字段约束必须导入和启动均检查；仅已有实现ID/武器；阶1..5；min≤max，量化网格非空	"[""space-battleship/scripts/drone_rewards.gd:15"",""space-battleship/scripts/drone_rewards.gd:16"",""space-battleship/scripts/drone_rewards.gd:18"",""space-battleship/scripts/drone_rewards.gd:20"",""space-battleship/scripts/drone_rewards.gd:39"",""space-battleship/scripts/drone_rewards.gd:40"",""space-battleship/scripts/drone_rewards.gd:41"",""space-battleship/scripts/drone_forge.gd:11"",""space-battleship/scripts/drone_forge.gd:12"",""space-battleship/scripts/drone_forge.gd:15"",""space-battleship/scripts/drone_forge.gd:16"",""space-battleship/scripts/drone_forge.gd:56"",""space-battleship/scripts/drone_forge.gd:57"",""space-battleship/scripts/drone_forge.gd:61"",""space-battleship/scripts/drone_forge.gd:64"",""space-battleship/scripts/drone_forge.gd:69"",""space-battleship/scripts/drone_forge.gd:71"",""space-battleship/scripts/drone_forge.gd:77"",""space-battleship/scripts/drone_forge.gd:79"",""space-battleship/scripts/drone_forge.gd:84"",""space-battleship/scripts/drone_forge.gd:89"",""space-battleship/scripts/drone_forge.gd:91"",""space-battleship/scripts/drone_forge.gd:96"",""space-battleship/scripts/drone_forge.gd:134"",""space-battleship/scripts/drone_forge.gd:160"",""space-battleship/scripts/drone_inventory.gd:6"",""space-battleship/scripts/drone_inventory.gd:38"",""space-battleship/scripts/drone_inventory.gd:40"",""space-battleship/scripts/drone_inventory.gd:41"",""space-battleship/scripts/drone_inventory.gd:66"",""space-battleship/scripts/drone_effect_aggregator.gd:5"",""space-battleship/scripts/drone_effect_aggregator.gd:7"",""space-battleship/scripts/drone_effect_aggregator.gd:15"",""space-battleship/scripts/drone_effect_aggregator.gd:16"",""space-battleship/scripts/drone_effect_aggregator.gd:18"",""space-battleship/scripts/drone_effect_aggregator.gd:32""]"
space-battleship/data/hyperspace_config.json	/affixes/global_critical_damage/ranges/4/0	float	0.2	"{""sheet"":""hyperspace_config"",""row"":234,""value_column"":""C"",""type_column"":""B""}"	词缀定义与阶级区间	minimum	balance	True	consumed	原始加成；数量词缀最终投影有int截断	已实现词缀定义、适用武器及各阶原值区间	保留当前JSON类型；数值有限；运行时C.number边界abs(value)<9e15；相关跨字段约束必须导入和启动均检查；仅已有实现ID/武器；阶1..5；min≤max，量化网格非空	"[""space-battleship/scripts/drone_rewards.gd:15"",""space-battleship/scripts/drone_rewards.gd:16"",""space-battleship/scripts/drone_rewards.gd:18"",""space-battleship/scripts/drone_rewards.gd:20"",""space-battleship/scripts/drone_rewards.gd:39"",""space-battleship/scripts/drone_rewards.gd:40"",""space-battleship/scripts/drone_rewards.gd:41"",""space-battleship/scripts/drone_forge.gd:11"",""space-battleship/scripts/drone_forge.gd:12"",""space-battleship/scripts/drone_forge.gd:15"",""space-battleship/scripts/drone_forge.gd:16"",""space-battleship/scripts/drone_forge.gd:56"",""space-battleship/scripts/drone_forge.gd:57"",""space-battleship/scripts/drone_forge.gd:61"",""space-battleship/scripts/drone_forge.gd:64"",""space-battleship/scripts/drone_forge.gd:69"",""space-battleship/scripts/drone_forge.gd:71"",""space-battleship/scripts/drone_forge.gd:77"",""space-battleship/scripts/drone_forge.gd:79"",""space-battleship/scripts/drone_forge.gd:84"",""space-battleship/scripts/drone_forge.gd:89"",""space-battleship/scripts/drone_forge.gd:91"",""space-battleship/scripts/drone_forge.gd:96"",""space-battleship/scripts/drone_forge.gd:134"",""space-battleship/scripts/drone_forge.gd:160"",""space-battleship/scripts/drone_inventory.gd:6"",""space-battleship/scripts/drone_inventory.gd:38"",""space-battleship/scripts/drone_inventory.gd:40"",""space-battleship/scripts/drone_inventory.gd:41"",""space-battleship/scripts/drone_inventory.gd:66"",""space-battleship/scripts/drone_effect_aggregator.gd:5"",""space-battleship/scripts/drone_effect_aggregator.gd:7"",""space-battleship/scripts/drone_effect_aggregator.gd:15"",""space-battleship/scripts/drone_effect_aggregator.gd:16"",""space-battleship/scripts/drone_effect_aggregator.gd:18"",""space-battleship/scripts/drone_effect_aggregator.gd:32""]"
space-battleship/data/hyperspace_config.json	/affixes/global_critical_damage/ranges/4/1	float	0.3	"{""sheet"":""hyperspace_config"",""row"":235,""value_column"":""C"",""type_column"":""B""}"	词缀定义与阶级区间	maximum	balance	True	consumed	原始加成；数量词缀最终投影有int截断	已实现词缀定义、适用武器及各阶原值区间	保留当前JSON类型；数值有限；运行时C.number边界abs(value)<9e15；相关跨字段约束必须导入和启动均检查；仅已有实现ID/武器；阶1..5；min≤max，量化网格非空	"[""space-battleship/scripts/drone_rewards.gd:15"",""space-battleship/scripts/drone_rewards.gd:16"",""space-battleship/scripts/drone_rewards.gd:18"",""space-battleship/scripts/drone_rewards.gd:20"",""space-battleship/scripts/drone_rewards.gd:39"",""space-battleship/scripts/drone_rewards.gd:40"",""space-battleship/scripts/drone_rewards.gd:41"",""space-battleship/scripts/drone_forge.gd:11"",""space-battleship/scripts/drone_forge.gd:12"",""space-battleship/scripts/drone_forge.gd:15"",""space-battleship/scripts/drone_forge.gd:16"",""space-battleship/scripts/drone_forge.gd:56"",""space-battleship/scripts/drone_forge.gd:57"",""space-battleship/scripts/drone_forge.gd:61"",""space-battleship/scripts/drone_forge.gd:64"",""space-battleship/scripts/drone_forge.gd:69"",""space-battleship/scripts/drone_forge.gd:71"",""space-battleship/scripts/drone_forge.gd:77"",""space-battleship/scripts/drone_forge.gd:79"",""space-battleship/scripts/drone_forge.gd:84"",""space-battleship/scripts/drone_forge.gd:89"",""space-battleship/scripts/drone_forge.gd:91"",""space-battleship/scripts/drone_forge.gd:96"",""space-battleship/scripts/drone_forge.gd:134"",""space-battleship/scripts/drone_forge.gd:160"",""space-battleship/scripts/drone_inventory.gd:6"",""space-battleship/scripts/drone_inventory.gd:38"",""space-battleship/scripts/drone_inventory.gd:40"",""space-battleship/scripts/drone_inventory.gd:41"",""space-battleship/scripts/drone_inventory.gd:66"",""space-battleship/scripts/drone_effect_aggregator.gd:5"",""space-battleship/scripts/drone_effect_aggregator.gd:7"",""space-battleship/scripts/drone_effect_aggregator.gd:15"",""space-battleship/scripts/drone_effect_aggregator.gd:16"",""space-battleship/scripts/drone_effect_aggregator.gd:18"",""space-battleship/scripts/drone_effect_aggregator.gd:32""]"
space-battleship/data/hyperspace_config.json	/affixes/global_critical_damage/ranges/5/0	float	0.05	"{""sheet"":""hyperspace_config"",""row"":237,""value_column"":""C"",""type_column"":""B""}"	词缀定义与阶级区间	minimum	balance	True	consumed	原始加成；数量词缀最终投影有int截断	已实现词缀定义、适用武器及各阶原值区间	保留当前JSON类型；数值有限；运行时C.number边界abs(value)<9e15；相关跨字段约束必须导入和启动均检查；仅已有实现ID/武器；阶1..5；min≤max，量化网格非空	"[""space-battleship/scripts/drone_rewards.gd:15"",""space-battleship/scripts/drone_rewards.gd:16"",""space-battleship/scripts/drone_rewards.gd:18"",""space-battleship/scripts/drone_rewards.gd:20"",""space-battleship/scripts/drone_rewards.gd:39"",""space-battleship/scripts/drone_rewards.gd:40"",""space-battleship/scripts/drone_rewards.gd:41"",""space-battleship/scripts/drone_forge.gd:11"",""space-battleship/scripts/drone_forge.gd:12"",""space-battleship/scripts/drone_forge.gd:15"",""space-battleship/scripts/drone_forge.gd:16"",""space-battleship/scripts/drone_forge.gd:56"",""space-battleship/scripts/drone_forge.gd:57"",""space-battleship/scripts/drone_forge.gd:61"",""space-battleship/scripts/drone_forge.gd:64"",""space-battleship/scripts/drone_forge.gd:69"",""space-battleship/scripts/drone_forge.gd:71"",""space-battleship/scripts/drone_forge.gd:77"",""space-battleship/scripts/drone_forge.gd:79"",""space-battleship/scripts/drone_forge.gd:84"",""space-battleship/scripts/drone_forge.gd:89"",""space-battleship/scripts/drone_forge.gd:91"",""space-battleship/scripts/drone_forge.gd:96"",""space-battleship/scripts/drone_forge.gd:134"",""space-battleship/scripts/drone_forge.gd:160"",""space-battleship/scripts/drone_inventory.gd:6"",""space-battleship/scripts/drone_inventory.gd:38"",""space-battleship/scripts/drone_inventory.gd:40"",""space-battleship/scripts/drone_inventory.gd:41"",""space-battleship/scripts/drone_inventory.gd:66"",""space-battleship/scripts/drone_effect_aggregator.gd:5"",""space-battleship/scripts/drone_effect_aggregator.gd:7"",""space-battleship/scripts/drone_effect_aggregator.gd:15"",""space-battleship/scripts/drone_effect_aggregator.gd:16"",""space-battleship/scripts/drone_effect_aggregator.gd:18"",""space-battleship/scripts/drone_effect_aggregator.gd:32""]"
space-battleship/data/hyperspace_config.json	/affixes/global_critical_damage/ranges/5/1	float	0.1	"{""sheet"":""hyperspace_config"",""row"":238,""value_column"":""C"",""type_column"":""B""}"	词缀定义与阶级区间	maximum	balance	True	consumed	原始加成；数量词缀最终投影有int截断	已实现词缀定义、适用武器及各阶原值区间	保留当前JSON类型；数值有限；运行时C.number边界abs(value)<9e15；相关跨字段约束必须导入和启动均检查；仅已有实现ID/武器；阶1..5；min≤max，量化网格非空	"[""space-battleship/scripts/drone_rewards.gd:15"",""space-battleship/scripts/drone_rewards.gd:16"",""space-battleship/scripts/drone_rewards.gd:18"",""space-battleship/scripts/drone_rewards.gd:20"",""space-battleship/scripts/drone_rewards.gd:39"",""space-battleship/scripts/drone_rewards.gd:40"",""space-battleship/scripts/drone_rewards.gd:41"",""space-battleship/scripts/drone_forge.gd:11"",""space-battleship/scripts/drone_forge.gd:12"",""space-battleship/scripts/drone_forge.gd:15"",""space-battleship/scripts/drone_forge.gd:16"",""space-battleship/scripts/drone_forge.gd:56"",""space-battleship/scripts/drone_forge.gd:57"",""space-battleship/scripts/drone_forge.gd:61"",""space-battleship/scripts/drone_forge.gd:64"",""space-battleship/scripts/drone_forge.gd:69"",""space-battleship/scripts/drone_forge.gd:71"",""space-battleship/scripts/drone_forge.gd:77"",""space-battleship/scripts/drone_forge.gd:79"",""space-battleship/scripts/drone_forge.gd:84"",""space-battleship/scripts/drone_forge.gd:89"",""space-battleship/scripts/drone_forge.gd:91"",""space-battleship/scripts/drone_forge.gd:96"",""space-battleship/scripts/drone_forge.gd:134"",""space-battleship/scripts/drone_forge.gd:160"",""space-battleship/scripts/drone_inventory.gd:6"",""space-battleship/scripts/drone_inventory.gd:38"",""space-battleship/scripts/drone_inventory.gd:40"",""space-battleship/scripts/drone_inventory.gd:41"",""space-battleship/scripts/drone_inventory.gd:66"",""space-battleship/scripts/drone_effect_aggregator.gd:5"",""space-battleship/scripts/drone_effect_aggregator.gd:7"",""space-battleship/scripts/drone_effect_aggregator.gd:15"",""space-battleship/scripts/drone_effect_aggregator.gd:16"",""space-battleship/scripts/drone_effect_aggregator.gd:18"",""space-battleship/scripts/drone_effect_aggregator.gd:32""]"
space-battleship/data/hyperspace_config.json	/affixes/global_critical_damage/amplified	bool	true	"{""sheet"":""hyperspace_config"",""row"":239,""value_column"":""C"",""type_column"":""B""}"	词缀定义与阶级区间	amplified	balance	True	consumed	bool	已实现词缀定义、适用武器及各阶原值区间	保留当前JSON类型；数值有限；运行时C.number边界abs(value)<9e15；相关跨字段约束必须导入和启动均检查；仅已有实现ID/武器；阶1..5；min≤max，量化网格非空	"[""space-battleship/scripts/drone_rewards.gd:15"",""space-battleship/scripts/drone_rewards.gd:16"",""space-battleship/scripts/drone_rewards.gd:18"",""space-battleship/scripts/drone_rewards.gd:20"",""space-battleship/scripts/drone_rewards.gd:39"",""space-battleship/scripts/drone_rewards.gd:40"",""space-battleship/scripts/drone_rewards.gd:41"",""space-battleship/scripts/drone_forge.gd:11"",""space-battleship/scripts/drone_forge.gd:12"",""space-battleship/scripts/drone_forge.gd:15"",""space-battleship/scripts/drone_forge.gd:16"",""space-battleship/scripts/drone_forge.gd:56"",""space-battleship/scripts/drone_forge.gd:57"",""space-battleship/scripts/drone_forge.gd:61"",""space-battleship/scripts/drone_forge.gd:64"",""space-battleship/scripts/drone_forge.gd:69"",""space-battleship/scripts/drone_forge.gd:71"",""space-battleship/scripts/drone_forge.gd:77"",""space-battleship/scripts/drone_forge.gd:79"",""space-battleship/scripts/drone_forge.gd:84"",""space-battleship/scripts/drone_forge.gd:89"",""space-battleship/scripts/drone_forge.gd:91"",""space-battleship/scripts/drone_forge.gd:96"",""space-battleship/scripts/drone_forge.gd:134"",""space-battleship/scripts/drone_forge.gd:160"",""space-battleship/scripts/drone_inventory.gd:6"",""space-battleship/scripts/drone_inventory.gd:38"",""space-battleship/scripts/drone_inventory.gd:40"",""space-battleship/scripts/drone_inventory.gd:41"",""space-battleship/scripts/drone_inventory.gd:66"",""space-battleship/scripts/drone_effect_aggregator.gd:5"",""space-battleship/scripts/drone_effect_aggregator.gd:7"",""space-battleship/scripts/drone_effect_aggregator.gd:15"",""space-battleship/scripts/drone_effect_aggregator.gd:16"",""space-battleship/scripts/drone_effect_aggregator.gd:18"",""space-battleship/scripts/drone_effect_aggregator.gd:32""]"
space-battleship/data/hyperspace_config.json	/affixes/global_critical_damage/weapon	string		"{""sheet"":""hyperspace_config"",""row"":240,""value_column"":""C"",""type_column"":""B""}"	词缀定义与阶级区间	weapon	balance	True	consumed	武器ID	已实现词缀定义、适用武器及各阶原值区间	保留当前JSON类型；数值有限；运行时C.number边界abs(value)<9e15；相关跨字段约束必须导入和启动均检查；仅已有实现ID/武器；阶1..5；min≤max，量化网格非空	"[""space-battleship/scripts/drone_rewards.gd:15"",""space-battleship/scripts/drone_rewards.gd:16"",""space-battleship/scripts/drone_rewards.gd:18"",""space-battleship/scripts/drone_rewards.gd:20"",""space-battleship/scripts/drone_rewards.gd:39"",""space-battleship/scripts/drone_rewards.gd:40"",""space-battleship/scripts/drone_rewards.gd:41"",""space-battleship/scripts/drone_forge.gd:11"",""space-battleship/scripts/drone_forge.gd:12"",""space-battleship/scripts/drone_forge.gd:15"",""space-battleship/scripts/drone_forge.gd:16"",""space-battleship/scripts/drone_forge.gd:56"",""space-battleship/scripts/drone_forge.gd:57"",""space-battleship/scripts/drone_forge.gd:61"",""space-battleship/scripts/drone_forge.gd:64"",""space-battleship/scripts/drone_forge.gd:69"",""space-battleship/scripts/drone_forge.gd:71"",""space-battleship/scripts/drone_forge.gd:77"",""space-battleship/scripts/drone_forge.gd:79"",""space-battleship/scripts/drone_forge.gd:84"",""space-battleship/scripts/drone_forge.gd:89"",""space-battleship/scripts/drone_forge.gd:91"",""space-battleship/scripts/drone_forge.gd:96"",""space-battleship/scripts/drone_forge.gd:134"",""space-battleship/scripts/drone_forge.gd:160"",""space-battleship/scripts/drone_inventory.gd:6"",""space-battleship/scripts/drone_inventory.gd:38"",""space-battleship/scripts/drone_inventory.gd:40"",""space-battleship/scripts/drone_inventory.gd:41"",""space-battleship/scripts/drone_inventory.gd:66"",""space-battleship/scripts/drone_effect_aggregator.gd:5"",""space-battleship/scripts/drone_effect_aggregator.gd:7"",""space-battleship/scripts/drone_effect_aggregator.gd:15"",""space-battleship/scripts/drone_effect_aggregator.gd:16"",""space-battleship/scripts/drone_effect_aggregator.gd:18"",""space-battleship/scripts/drone_effect_aggregator.gd:32""]"
space-battleship/data/hyperspace_config.json	/affixes/global_defence/ranges/1/0	float	0.9	"{""sheet"":""hyperspace_config"",""row"":244,""value_column"":""C"",""type_column"":""B""}"	词缀定义与阶级区间	minimum	balance	True	consumed	原始加成；数量词缀最终投影有int截断	已实现词缀定义、适用武器及各阶原值区间	保留当前JSON类型；数值有限；运行时C.number边界abs(value)<9e15；相关跨字段约束必须导入和启动均检查；仅已有实现ID/武器；阶1..5；min≤max，量化网格非空	"[""space-battleship/scripts/drone_rewards.gd:15"",""space-battleship/scripts/drone_rewards.gd:16"",""space-battleship/scripts/drone_rewards.gd:18"",""space-battleship/scripts/drone_rewards.gd:20"",""space-battleship/scripts/drone_rewards.gd:39"",""space-battleship/scripts/drone_rewards.gd:40"",""space-battleship/scripts/drone_rewards.gd:41"",""space-battleship/scripts/drone_forge.gd:11"",""space-battleship/scripts/drone_forge.gd:12"",""space-battleship/scripts/drone_forge.gd:15"",""space-battleship/scripts/drone_forge.gd:16"",""space-battleship/scripts/drone_forge.gd:56"",""space-battleship/scripts/drone_forge.gd:57"",""space-battleship/scripts/drone_forge.gd:61"",""space-battleship/scripts/drone_forge.gd:64"",""space-battleship/scripts/drone_forge.gd:69"",""space-battleship/scripts/drone_forge.gd:71"",""space-battleship/scripts/drone_forge.gd:77"",""space-battleship/scripts/drone_forge.gd:79"",""space-battleship/scripts/drone_forge.gd:84"",""space-battleship/scripts/drone_forge.gd:89"",""space-battleship/scripts/drone_forge.gd:91"",""space-battleship/scripts/drone_forge.gd:96"",""space-battleship/scripts/drone_forge.gd:134"",""space-battleship/scripts/drone_forge.gd:160"",""space-battleship/scripts/drone_inventory.gd:6"",""space-battleship/scripts/drone_inventory.gd:38"",""space-battleship/scripts/drone_inventory.gd:40"",""space-battleship/scripts/drone_inventory.gd:41"",""space-battleship/scripts/drone_inventory.gd:66"",""space-battleship/scripts/drone_effect_aggregator.gd:5"",""space-battleship/scripts/drone_effect_aggregator.gd:7"",""space-battleship/scripts/drone_effect_aggregator.gd:15"",""space-battleship/scripts/drone_effect_aggregator.gd:16"",""space-battleship/scripts/drone_effect_aggregator.gd:18"",""space-battleship/scripts/drone_effect_aggregator.gd:32""]"
space-battleship/data/hyperspace_config.json	/affixes/global_defence/ranges/1/1	int	1	"{""sheet"":""hyperspace_config"",""row"":245,""value_column"":""C"",""type_column"":""B""}"	词缀定义与阶级区间	maximum	balance	True	consumed	原始加成；数量词缀最终投影有int截断	已实现词缀定义、适用武器及各阶原值区间	保留当前JSON类型；数值有限；运行时C.number边界abs(value)<9e15；相关跨字段约束必须导入和启动均检查；仅已有实现ID/武器；阶1..5；min≤max，量化网格非空	"[""space-battleship/scripts/drone_rewards.gd:15"",""space-battleship/scripts/drone_rewards.gd:16"",""space-battleship/scripts/drone_rewards.gd:18"",""space-battleship/scripts/drone_rewards.gd:20"",""space-battleship/scripts/drone_rewards.gd:39"",""space-battleship/scripts/drone_rewards.gd:40"",""space-battleship/scripts/drone_rewards.gd:41"",""space-battleship/scripts/drone_forge.gd:11"",""space-battleship/scripts/drone_forge.gd:12"",""space-battleship/scripts/drone_forge.gd:15"",""space-battleship/scripts/drone_forge.gd:16"",""space-battleship/scripts/drone_forge.gd:56"",""space-battleship/scripts/drone_forge.gd:57"",""space-battleship/scripts/drone_forge.gd:61"",""space-battleship/scripts/drone_forge.gd:64"",""space-battleship/scripts/drone_forge.gd:69"",""space-battleship/scripts/drone_forge.gd:71"",""space-battleship/scripts/drone_forge.gd:77"",""space-battleship/scripts/drone_forge.gd:79"",""space-battleship/scripts/drone_forge.gd:84"",""space-battleship/scripts/drone_forge.gd:89"",""space-battleship/scripts/drone_forge.gd:91"",""space-battleship/scripts/drone_forge.gd:96"",""space-battleship/scripts/drone_forge.gd:134"",""space-battleship/scripts/drone_forge.gd:160"",""space-battleship/scripts/drone_inventory.gd:6"",""space-battleship/scripts/drone_inventory.gd:38"",""space-battleship/scripts/drone_inventory.gd:40"",""space-battleship/scripts/drone_inventory.gd:41"",""space-battleship/scripts/drone_inventory.gd:66"",""space-battleship/scripts/drone_effect_aggregator.gd:5"",""space-battleship/scripts/drone_effect_aggregator.gd:7"",""space-battleship/scripts/drone_effect_aggregator.gd:15"",""space-battleship/scripts/drone_effect_aggregator.gd:16"",""space-battleship/scripts/drone_effect_aggregator.gd:18"",""space-battleship/scripts/drone_effect_aggregator.gd:32""]"
space-battleship/data/hyperspace_config.json	/affixes/global_defence/ranges/2/0	float	0.6	"{""sheet"":""hyperspace_config"",""row"":247,""value_column"":""C"",""type_column"":""B""}"	词缀定义与阶级区间	minimum	balance	True	consumed	原始加成；数量词缀最终投影有int截断	已实现词缀定义、适用武器及各阶原值区间	保留当前JSON类型；数值有限；运行时C.number边界abs(value)<9e15；相关跨字段约束必须导入和启动均检查；仅已有实现ID/武器；阶1..5；min≤max，量化网格非空	"[""space-battleship/scripts/drone_rewards.gd:15"",""space-battleship/scripts/drone_rewards.gd:16"",""space-battleship/scripts/drone_rewards.gd:18"",""space-battleship/scripts/drone_rewards.gd:20"",""space-battleship/scripts/drone_rewards.gd:39"",""space-battleship/scripts/drone_rewards.gd:40"",""space-battleship/scripts/drone_rewards.gd:41"",""space-battleship/scripts/drone_forge.gd:11"",""space-battleship/scripts/drone_forge.gd:12"",""space-battleship/scripts/drone_forge.gd:15"",""space-battleship/scripts/drone_forge.gd:16"",""space-battleship/scripts/drone_forge.gd:56"",""space-battleship/scripts/drone_forge.gd:57"",""space-battleship/scripts/drone_forge.gd:61"",""space-battleship/scripts/drone_forge.gd:64"",""space-battleship/scripts/drone_forge.gd:69"",""space-battleship/scripts/drone_forge.gd:71"",""space-battleship/scripts/drone_forge.gd:77"",""space-battleship/scripts/drone_forge.gd:79"",""space-battleship/scripts/drone_forge.gd:84"",""space-battleship/scripts/drone_forge.gd:89"",""space-battleship/scripts/drone_forge.gd:91"",""space-battleship/scripts/drone_forge.gd:96"",""space-battleship/scripts/drone_forge.gd:134"",""space-battleship/scripts/drone_forge.gd:160"",""space-battleship/scripts/drone_inventory.gd:6"",""space-battleship/scripts/drone_inventory.gd:38"",""space-battleship/scripts/drone_inventory.gd:40"",""space-battleship/scripts/drone_inventory.gd:41"",""space-battleship/scripts/drone_inventory.gd:66"",""space-battleship/scripts/drone_effect_aggregator.gd:5"",""space-battleship/scripts/drone_effect_aggregator.gd:7"",""space-battleship/scripts/drone_effect_aggregator.gd:15"",""space-battleship/scripts/drone_effect_aggregator.gd:16"",""space-battleship/scripts/drone_effect_aggregator.gd:18"",""space-battleship/scripts/drone_effect_aggregator.gd:32""]"
space-battleship/data/hyperspace_config.json	/affixes/global_defence/ranges/2/1	float	0.75	"{""sheet"":""hyperspace_config"",""row"":248,""value_column"":""C"",""type_column"":""B""}"	词缀定义与阶级区间	maximum	balance	True	consumed	原始加成；数量词缀最终投影有int截断	已实现词缀定义、适用武器及各阶原值区间	保留当前JSON类型；数值有限；运行时C.number边界abs(value)<9e15；相关跨字段约束必须导入和启动均检查；仅已有实现ID/武器；阶1..5；min≤max，量化网格非空	"[""space-battleship/scripts/drone_rewards.gd:15"",""space-battleship/scripts/drone_rewards.gd:16"",""space-battleship/scripts/drone_rewards.gd:18"",""space-battleship/scripts/drone_rewards.gd:20"",""space-battleship/scripts/drone_rewards.gd:39"",""space-battleship/scripts/drone_rewards.gd:40"",""space-battleship/scripts/drone_rewards.gd:41"",""space-battleship/scripts/drone_forge.gd:11"",""space-battleship/scripts/drone_forge.gd:12"",""space-battleship/scripts/drone_forge.gd:15"",""space-battleship/scripts/drone_forge.gd:16"",""space-battleship/scripts/drone_forge.gd:56"",""space-battleship/scripts/drone_forge.gd:57"",""space-battleship/scripts/drone_forge.gd:61"",""space-battleship/scripts/drone_forge.gd:64"",""space-battleship/scripts/drone_forge.gd:69"",""space-battleship/scripts/drone_forge.gd:71"",""space-battleship/scripts/drone_forge.gd:77"",""space-battleship/scripts/drone_forge.gd:79"",""space-battleship/scripts/drone_forge.gd:84"",""space-battleship/scripts/drone_forge.gd:89"",""space-battleship/scripts/drone_forge.gd:91"",""space-battleship/scripts/drone_forge.gd:96"",""space-battleship/scripts/drone_forge.gd:134"",""space-battleship/scripts/drone_forge.gd:160"",""space-battleship/scripts/drone_inventory.gd:6"",""space-battleship/scripts/drone_inventory.gd:38"",""space-battleship/scripts/drone_inventory.gd:40"",""space-battleship/scripts/drone_inventory.gd:41"",""space-battleship/scripts/drone_inventory.gd:66"",""space-battleship/scripts/drone_effect_aggregator.gd:5"",""space-battleship/scripts/drone_effect_aggregator.gd:7"",""space-battleship/scripts/drone_effect_aggregator.gd:15"",""space-battleship/scripts/drone_effect_aggregator.gd:16"",""space-battleship/scripts/drone_effect_aggregator.gd:18"",""space-battleship/scripts/drone_effect_aggregator.gd:32""]"
space-battleship/data/hyperspace_config.json	/affixes/global_defence/ranges/3/0	float	0.4	"{""sheet"":""hyperspace_config"",""row"":250,""value_column"":""C"",""type_column"":""B""}"	词缀定义与阶级区间	minimum	balance	True	consumed	原始加成；数量词缀最终投影有int截断	已实现词缀定义、适用武器及各阶原值区间	保留当前JSON类型；数值有限；运行时C.number边界abs(value)<9e15；相关跨字段约束必须导入和启动均检查；仅已有实现ID/武器；阶1..5；min≤max，量化网格非空	"[""space-battleship/scripts/drone_rewards.gd:15"",""space-battleship/scripts/drone_rewards.gd:16"",""space-battleship/scripts/drone_rewards.gd:18"",""space-battleship/scripts/drone_rewards.gd:20"",""space-battleship/scripts/drone_rewards.gd:39"",""space-battleship/scripts/drone_rewards.gd:40"",""space-battleship/scripts/drone_rewards.gd:41"",""space-battleship/scripts/drone_forge.gd:11"",""space-battleship/scripts/drone_forge.gd:12"",""space-battleship/scripts/drone_forge.gd:15"",""space-battleship/scripts/drone_forge.gd:16"",""space-battleship/scripts/drone_forge.gd:56"",""space-battleship/scripts/drone_forge.gd:57"",""space-battleship/scripts/drone_forge.gd:61"",""space-battleship/scripts/drone_forge.gd:64"",""space-battleship/scripts/drone_forge.gd:69"",""space-battleship/scripts/drone_forge.gd:71"",""space-battleship/scripts/drone_forge.gd:77"",""space-battleship/scripts/drone_forge.gd:79"",""space-battleship/scripts/drone_forge.gd:84"",""space-battleship/scripts/drone_forge.gd:89"",""space-battleship/scripts/drone_forge.gd:91"",""space-battleship/scripts/drone_forge.gd:96"",""space-battleship/scripts/drone_forge.gd:134"",""space-battleship/scripts/drone_forge.gd:160"",""space-battleship/scripts/drone_inventory.gd:6"",""space-battleship/scripts/drone_inventory.gd:38"",""space-battleship/scripts/drone_inventory.gd:40"",""space-battleship/scripts/drone_inventory.gd:41"",""space-battleship/scripts/drone_inventory.gd:66"",""space-battleship/scripts/drone_effect_aggregator.gd:5"",""space-battleship/scripts/drone_effect_aggregator.gd:7"",""space-battleship/scripts/drone_effect_aggregator.gd:15"",""space-battleship/scripts/drone_effect_aggregator.gd:16"",""space-battleship/scripts/drone_effect_aggregator.gd:18"",""space-battleship/scripts/drone_effect_aggregator.gd:32""]"
space-battleship/data/hyperspace_config.json	/affixes/global_defence/ranges/3/1	float	0.5	"{""sheet"":""hyperspace_config"",""row"":251,""value_column"":""C"",""type_column"":""B""}"	词缀定义与阶级区间	maximum	balance	True	consumed	原始加成；数量词缀最终投影有int截断	已实现词缀定义、适用武器及各阶原值区间	保留当前JSON类型；数值有限；运行时C.number边界abs(value)<9e15；相关跨字段约束必须导入和启动均检查；仅已有实现ID/武器；阶1..5；min≤max，量化网格非空	"[""space-battleship/scripts/drone_rewards.gd:15"",""space-battleship/scripts/drone_rewards.gd:16"",""space-battleship/scripts/drone_rewards.gd:18"",""space-battleship/scripts/drone_rewards.gd:20"",""space-battleship/scripts/drone_rewards.gd:39"",""space-battleship/scripts/drone_rewards.gd:40"",""space-battleship/scripts/drone_rewards.gd:41"",""space-battleship/scripts/drone_forge.gd:11"",""space-battleship/scripts/drone_forge.gd:12"",""space-battleship/scripts/drone_forge.gd:15"",""space-battleship/scripts/drone_forge.gd:16"",""space-battleship/scripts/drone_forge.gd:56"",""space-battleship/scripts/drone_forge.gd:57"",""space-battleship/scripts/drone_forge.gd:61"",""space-battleship/scripts/drone_forge.gd:64"",""space-battleship/scripts/drone_forge.gd:69"",""space-battleship/scripts/drone_forge.gd:71"",""space-battleship/scripts/drone_forge.gd:77"",""space-battleship/scripts/drone_forge.gd:79"",""space-battleship/scripts/drone_forge.gd:84"",""space-battleship/scripts/drone_forge.gd:89"",""space-battleship/scripts/drone_forge.gd:91"",""space-battleship/scripts/drone_forge.gd:96"",""space-battleship/scripts/drone_forge.gd:134"",""space-battleship/scripts/drone_forge.gd:160"",""space-battleship/scripts/drone_inventory.gd:6"",""space-battleship/scripts/drone_inventory.gd:38"",""space-battleship/scripts/drone_inventory.gd:40"",""space-battleship/scripts/drone_inventory.gd:41"",""space-battleship/scripts/drone_inventory.gd:66"",""space-battleship/scripts/drone_effect_aggregator.gd:5"",""space-battleship/scripts/drone_effect_aggregator.gd:7"",""space-battleship/scripts/drone_effect_aggregator.gd:15"",""space-battleship/scripts/drone_effect_aggregator.gd:16"",""space-battleship/scripts/drone_effect_aggregator.gd:18"",""space-battleship/scripts/drone_effect_aggregator.gd:32""]"
space-battleship/data/hyperspace_config.json	/affixes/global_defence/ranges/4/0	float	0.2	"{""sheet"":""hyperspace_config"",""row"":253,""value_column"":""C"",""type_column"":""B""}"	词缀定义与阶级区间	minimum	balance	True	consumed	原始加成；数量词缀最终投影有int截断	已实现词缀定义、适用武器及各阶原值区间	保留当前JSON类型；数值有限；运行时C.number边界abs(value)<9e15；相关跨字段约束必须导入和启动均检查；仅已有实现ID/武器；阶1..5；min≤max，量化网格非空	"[""space-battleship/scripts/drone_rewards.gd:15"",""space-battleship/scripts/drone_rewards.gd:16"",""space-battleship/scripts/drone_rewards.gd:18"",""space-battleship/scripts/drone_rewards.gd:20"",""space-battleship/scripts/drone_rewards.gd:39"",""space-battleship/scripts/drone_rewards.gd:40"",""space-battleship/scripts/drone_rewards.gd:41"",""space-battleship/scripts/drone_forge.gd:11"",""space-battleship/scripts/drone_forge.gd:12"",""space-battleship/scripts/drone_forge.gd:15"",""space-battleship/scripts/drone_forge.gd:16"",""space-battleship/scripts/drone_forge.gd:56"",""space-battleship/scripts/drone_forge.gd:57"",""space-battleship/scripts/drone_forge.gd:61"",""space-battleship/scripts/drone_forge.gd:64"",""space-battleship/scripts/drone_forge.gd:69"",""space-battleship/scripts/drone_forge.gd:71"",""space-battleship/scripts/drone_forge.gd:77"",""space-battleship/scripts/drone_forge.gd:79"",""space-battleship/scripts/drone_forge.gd:84"",""space-battleship/scripts/drone_forge.gd:89"",""space-battleship/scripts/drone_forge.gd:91"",""space-battleship/scripts/drone_forge.gd:96"",""space-battleship/scripts/drone_forge.gd:134"",""space-battleship/scripts/drone_forge.gd:160"",""space-battleship/scripts/drone_inventory.gd:6"",""space-battleship/scripts/drone_inventory.gd:38"",""space-battleship/scripts/drone_inventory.gd:40"",""space-battleship/scripts/drone_inventory.gd:41"",""space-battleship/scripts/drone_inventory.gd:66"",""space-battleship/scripts/drone_effect_aggregator.gd:5"",""space-battleship/scripts/drone_effect_aggregator.gd:7"",""space-battleship/scripts/drone_effect_aggregator.gd:15"",""space-battleship/scripts/drone_effect_aggregator.gd:16"",""space-battleship/scripts/drone_effect_aggregator.gd:18"",""space-battleship/scripts/drone_effect_aggregator.gd:32""]"
space-battleship/data/hyperspace_config.json	/affixes/global_defence/ranges/4/1	float	0.3	"{""sheet"":""hyperspace_config"",""row"":254,""value_column"":""C"",""type_column"":""B""}"	词缀定义与阶级区间	maximum	balance	True	consumed	原始加成；数量词缀最终投影有int截断	已实现词缀定义、适用武器及各阶原值区间	保留当前JSON类型；数值有限；运行时C.number边界abs(value)<9e15；相关跨字段约束必须导入和启动均检查；仅已有实现ID/武器；阶1..5；min≤max，量化网格非空	"[""space-battleship/scripts/drone_rewards.gd:15"",""space-battleship/scripts/drone_rewards.gd:16"",""space-battleship/scripts/drone_rewards.gd:18"",""space-battleship/scripts/drone_rewards.gd:20"",""space-battleship/scripts/drone_rewards.gd:39"",""space-battleship/scripts/drone_rewards.gd:40"",""space-battleship/scripts/drone_rewards.gd:41"",""space-battleship/scripts/drone_forge.gd:11"",""space-battleship/scripts/drone_forge.gd:12"",""space-battleship/scripts/drone_forge.gd:15"",""space-battleship/scripts/drone_forge.gd:16"",""space-battleship/scripts/drone_forge.gd:56"",""space-battleship/scripts/drone_forge.gd:57"",""space-battleship/scripts/drone_forge.gd:61"",""space-battleship/scripts/drone_forge.gd:64"",""space-battleship/scripts/drone_forge.gd:69"",""space-battleship/scripts/drone_forge.gd:71"",""space-battleship/scripts/drone_forge.gd:77"",""space-battleship/scripts/drone_forge.gd:79"",""space-battleship/scripts/drone_forge.gd:84"",""space-battleship/scripts/drone_forge.gd:89"",""space-battleship/scripts/drone_forge.gd:91"",""space-battleship/scripts/drone_forge.gd:96"",""space-battleship/scripts/drone_forge.gd:134"",""space-battleship/scripts/drone_forge.gd:160"",""space-battleship/scripts/drone_inventory.gd:6"",""space-battleship/scripts/drone_inventory.gd:38"",""space-battleship/scripts/drone_inventory.gd:40"",""space-battleship/scripts/drone_inventory.gd:41"",""space-battleship/scripts/drone_inventory.gd:66"",""space-battleship/scripts/drone_effect_aggregator.gd:5"",""space-battleship/scripts/drone_effect_aggregator.gd:7"",""space-battleship/scripts/drone_effect_aggregator.gd:15"",""space-battleship/scripts/drone_effect_aggregator.gd:16"",""space-battleship/scripts/drone_effect_aggregator.gd:18"",""space-battleship/scripts/drone_effect_aggregator.gd:32""]"
space-battleship/data/hyperspace_config.json	/affixes/global_defence/ranges/5/0	float	0.05	"{""sheet"":""hyperspace_config"",""row"":256,""value_column"":""C"",""type_column"":""B""}"	词缀定义与阶级区间	minimum	balance	True	consumed	原始加成；数量词缀最终投影有int截断	已实现词缀定义、适用武器及各阶原值区间	保留当前JSON类型；数值有限；运行时C.number边界abs(value)<9e15；相关跨字段约束必须导入和启动均检查；仅已有实现ID/武器；阶1..5；min≤max，量化网格非空	"[""space-battleship/scripts/drone_rewards.gd:15"",""space-battleship/scripts/drone_rewards.gd:16"",""space-battleship/scripts/drone_rewards.gd:18"",""space-battleship/scripts/drone_rewards.gd:20"",""space-battleship/scripts/drone_rewards.gd:39"",""space-battleship/scripts/drone_rewards.gd:40"",""space-battleship/scripts/drone_rewards.gd:41"",""space-battleship/scripts/drone_forge.gd:11"",""space-battleship/scripts/drone_forge.gd:12"",""space-battleship/scripts/drone_forge.gd:15"",""space-battleship/scripts/drone_forge.gd:16"",""space-battleship/scripts/drone_forge.gd:56"",""space-battleship/scripts/drone_forge.gd:57"",""space-battleship/scripts/drone_forge.gd:61"",""space-battleship/scripts/drone_forge.gd:64"",""space-battleship/scripts/drone_forge.gd:69"",""space-battleship/scripts/drone_forge.gd:71"",""space-battleship/scripts/drone_forge.gd:77"",""space-battleship/scripts/drone_forge.gd:79"",""space-battleship/scripts/drone_forge.gd:84"",""space-battleship/scripts/drone_forge.gd:89"",""space-battleship/scripts/drone_forge.gd:91"",""space-battleship/scripts/drone_forge.gd:96"",""space-battleship/scripts/drone_forge.gd:134"",""space-battleship/scripts/drone_forge.gd:160"",""space-battleship/scripts/drone_inventory.gd:6"",""space-battleship/scripts/drone_inventory.gd:38"",""space-battleship/scripts/drone_inventory.gd:40"",""space-battleship/scripts/drone_inventory.gd:41"",""space-battleship/scripts/drone_inventory.gd:66"",""space-battleship/scripts/drone_effect_aggregator.gd:5"",""space-battleship/scripts/drone_effect_aggregator.gd:7"",""space-battleship/scripts/drone_effect_aggregator.gd:15"",""space-battleship/scripts/drone_effect_aggregator.gd:16"",""space-battleship/scripts/drone_effect_aggregator.gd:18"",""space-battleship/scripts/drone_effect_aggregator.gd:32""]"
space-battleship/data/hyperspace_config.json	/affixes/global_defence/ranges/5/1	float	0.1	"{""sheet"":""hyperspace_config"",""row"":257,""value_column"":""C"",""type_column"":""B""}"	词缀定义与阶级区间	maximum	balance	True	consumed	原始加成；数量词缀最终投影有int截断	已实现词缀定义、适用武器及各阶原值区间	保留当前JSON类型；数值有限；运行时C.number边界abs(value)<9e15；相关跨字段约束必须导入和启动均检查；仅已有实现ID/武器；阶1..5；min≤max，量化网格非空	"[""space-battleship/scripts/drone_rewards.gd:15"",""space-battleship/scripts/drone_rewards.gd:16"",""space-battleship/scripts/drone_rewards.gd:18"",""space-battleship/scripts/drone_rewards.gd:20"",""space-battleship/scripts/drone_rewards.gd:39"",""space-battleship/scripts/drone_rewards.gd:40"",""space-battleship/scripts/drone_rewards.gd:41"",""space-battleship/scripts/drone_forge.gd:11"",""space-battleship/scripts/drone_forge.gd:12"",""space-battleship/scripts/drone_forge.gd:15"",""space-battleship/scripts/drone_forge.gd:16"",""space-battleship/scripts/drone_forge.gd:56"",""space-battleship/scripts/drone_forge.gd:57"",""space-battleship/scripts/drone_forge.gd:61"",""space-battleship/scripts/drone_forge.gd:64"",""space-battleship/scripts/drone_forge.gd:69"",""space-battleship/scripts/drone_forge.gd:71"",""space-battleship/scripts/drone_forge.gd:77"",""space-battleship/scripts/drone_forge.gd:79"",""space-battleship/scripts/drone_forge.gd:84"",""space-battleship/scripts/drone_forge.gd:89"",""space-battleship/scripts/drone_forge.gd:91"",""space-battleship/scripts/drone_forge.gd:96"",""space-battleship/scripts/drone_forge.gd:134"",""space-battleship/scripts/drone_forge.gd:160"",""space-battleship/scripts/drone_inventory.gd:6"",""space-battleship/scripts/drone_inventory.gd:38"",""space-battleship/scripts/drone_inventory.gd:40"",""space-battleship/scripts/drone_inventory.gd:41"",""space-battleship/scripts/drone_inventory.gd:66"",""space-battleship/scripts/drone_effect_aggregator.gd:5"",""space-battleship/scripts/drone_effect_aggregator.gd:7"",""space-battleship/scripts/drone_effect_aggregator.gd:15"",""space-battleship/scripts/drone_effect_aggregator.gd:16"",""space-battleship/scripts/drone_effect_aggregator.gd:18"",""space-battleship/scripts/drone_effect_aggregator.gd:32""]"
space-battleship/data/hyperspace_config.json	/affixes/global_defence/amplified	bool	true	"{""sheet"":""hyperspace_config"",""row"":258,""value_column"":""C"",""type_column"":""B""}"	词缀定义与阶级区间	amplified	balance	True	consumed	bool	已实现词缀定义、适用武器及各阶原值区间	保留当前JSON类型；数值有限；运行时C.number边界abs(value)<9e15；相关跨字段约束必须导入和启动均检查；仅已有实现ID/武器；阶1..5；min≤max，量化网格非空	"[""space-battleship/scripts/drone_rewards.gd:15"",""space-battleship/scripts/drone_rewards.gd:16"",""space-battleship/scripts/drone_rewards.gd:18"",""space-battleship/scripts/drone_rewards.gd:20"",""space-battleship/scripts/drone_rewards.gd:39"",""space-battleship/scripts/drone_rewards.gd:40"",""space-battleship/scripts/drone_rewards.gd:41"",""space-battleship/scripts/drone_forge.gd:11"",""space-battleship/scripts/drone_forge.gd:12"",""space-battleship/scripts/drone_forge.gd:15"",""space-battleship/scripts/drone_forge.gd:16"",""space-battleship/scripts/drone_forge.gd:56"",""space-battleship/scripts/drone_forge.gd:57"",""space-battleship/scripts/drone_forge.gd:61"",""space-battleship/scripts/drone_forge.gd:64"",""space-battleship/scripts/drone_forge.gd:69"",""space-battleship/scripts/drone_forge.gd:71"",""space-battleship/scripts/drone_forge.gd:77"",""space-battleship/scripts/drone_forge.gd:79"",""space-battleship/scripts/drone_forge.gd:84"",""space-battleship/scripts/drone_forge.gd:89"",""space-battleship/scripts/drone_forge.gd:91"",""space-battleship/scripts/drone_forge.gd:96"",""space-battleship/scripts/drone_forge.gd:134"",""space-battleship/scripts/drone_forge.gd:160"",""space-battleship/scripts/drone_inventory.gd:6"",""space-battleship/scripts/drone_inventory.gd:38"",""space-battleship/scripts/drone_inventory.gd:40"",""space-battleship/scripts/drone_inventory.gd:41"",""space-battleship/scripts/drone_inventory.gd:66"",""space-battleship/scripts/drone_effect_aggregator.gd:5"",""space-battleship/scripts/drone_effect_aggregator.gd:7"",""space-battleship/scripts/drone_effect_aggregator.gd:15"",""space-battleship/scripts/drone_effect_aggregator.gd:16"",""space-battleship/scripts/drone_effect_aggregator.gd:18"",""space-battleship/scripts/drone_effect_aggregator.gd:32""]"
space-battleship/data/hyperspace_config.json	/affixes/global_defence/weapon	string		"{""sheet"":""hyperspace_config"",""row"":259,""value_column"":""C"",""type_column"":""B""}"	词缀定义与阶级区间	weapon	balance	True	consumed	武器ID	已实现词缀定义、适用武器及各阶原值区间	保留当前JSON类型；数值有限；运行时C.number边界abs(value)<9e15；相关跨字段约束必须导入和启动均检查；仅已有实现ID/武器；阶1..5；min≤max，量化网格非空	"[""space-battleship/scripts/drone_rewards.gd:15"",""space-battleship/scripts/drone_rewards.gd:16"",""space-battleship/scripts/drone_rewards.gd:18"",""space-battleship/scripts/drone_rewards.gd:20"",""space-battleship/scripts/drone_rewards.gd:39"",""space-battleship/scripts/drone_rewards.gd:40"",""space-battleship/scripts/drone_rewards.gd:41"",""space-battleship/scripts/drone_forge.gd:11"",""space-battleship/scripts/drone_forge.gd:12"",""space-battleship/scripts/drone_forge.gd:15"",""space-battleship/scripts/drone_forge.gd:16"",""space-battleship/scripts/drone_forge.gd:56"",""space-battleship/scripts/drone_forge.gd:57"",""space-battleship/scripts/drone_forge.gd:61"",""space-battleship/scripts/drone_forge.gd:64"",""space-battleship/scripts/drone_forge.gd:69"",""space-battleship/scripts/drone_forge.gd:71"",""space-battleship/scripts/drone_forge.gd:77"",""space-battleship/scripts/drone_forge.gd:79"",""space-battleship/scripts/drone_forge.gd:84"",""space-battleship/scripts/drone_forge.gd:89"",""space-battleship/scripts/drone_forge.gd:91"",""space-battleship/scripts/drone_forge.gd:96"",""space-battleship/scripts/drone_forge.gd:134"",""space-battleship/scripts/drone_forge.gd:160"",""space-battleship/scripts/drone_inventory.gd:6"",""space-battleship/scripts/drone_inventory.gd:38"",""space-battleship/scripts/drone_inventory.gd:40"",""space-battleship/scripts/drone_inventory.gd:41"",""space-battleship/scripts/drone_inventory.gd:66"",""space-battleship/scripts/drone_effect_aggregator.gd:5"",""space-battleship/scripts/drone_effect_aggregator.gd:7"",""space-battleship/scripts/drone_effect_aggregator.gd:15"",""space-battleship/scripts/drone_effect_aggregator.gd:16"",""space-battleship/scripts/drone_effect_aggregator.gd:18"",""space-battleship/scripts/drone_effect_aggregator.gd:32""]"
space-battleship/data/hyperspace_config.json	/affixes/critical_chance/ranges/1/0	float	0.13	"{""sheet"":""hyperspace_config"",""row"":263,""value_column"":""C"",""type_column"":""B""}"	词缀定义与阶级区间	minimum	balance	True	consumed	原始加成；数量词缀最终投影有int截断	已实现词缀定义、适用武器及各阶原值区间	保留当前JSON类型；数值有限；运行时C.number边界abs(value)<9e15；相关跨字段约束必须导入和启动均检查；仅已有实现ID/武器；阶1..5；min≤max，量化网格非空	"[""space-battleship/scripts/drone_rewards.gd:15"",""space-battleship/scripts/drone_rewards.gd:16"",""space-battleship/scripts/drone_rewards.gd:18"",""space-battleship/scripts/drone_rewards.gd:20"",""space-battleship/scripts/drone_rewards.gd:39"",""space-battleship/scripts/drone_rewards.gd:40"",""space-battleship/scripts/drone_rewards.gd:41"",""space-battleship/scripts/drone_forge.gd:11"",""space-battleship/scripts/drone_forge.gd:12"",""space-battleship/scripts/drone_forge.gd:15"",""space-battleship/scripts/drone_forge.gd:16"",""space-battleship/scripts/drone_forge.gd:56"",""space-battleship/scripts/drone_forge.gd:57"",""space-battleship/scripts/drone_forge.gd:61"",""space-battleship/scripts/drone_forge.gd:64"",""space-battleship/scripts/drone_forge.gd:69"",""space-battleship/scripts/drone_forge.gd:71"",""space-battleship/scripts/drone_forge.gd:77"",""space-battleship/scripts/drone_forge.gd:79"",""space-battleship/scripts/drone_forge.gd:84"",""space-battleship/scripts/drone_forge.gd:89"",""space-battleship/scripts/drone_forge.gd:91"",""space-battleship/scripts/drone_forge.gd:96"",""space-battleship/scripts/drone_forge.gd:134"",""space-battleship/scripts/drone_forge.gd:160"",""space-battleship/scripts/drone_inventory.gd:6"",""space-battleship/scripts/drone_inventory.gd:38"",""space-battleship/scripts/drone_inventory.gd:40"",""space-battleship/scripts/drone_inventory.gd:41"",""space-battleship/scripts/drone_inventory.gd:66"",""space-battleship/scripts/drone_effect_aggregator.gd:5"",""space-battleship/scripts/drone_effect_aggregator.gd:7"",""space-battleship/scripts/drone_effect_aggregator.gd:15"",""space-battleship/scripts/drone_effect_aggregator.gd:16"",""space-battleship/scripts/drone_effect_aggregator.gd:18"",""space-battleship/scripts/drone_effect_aggregator.gd:32""]"
space-battleship/data/hyperspace_config.json	/affixes/critical_chance/ranges/1/1	float	0.15	"{""sheet"":""hyperspace_config"",""row"":264,""value_column"":""C"",""type_column"":""B""}"	词缀定义与阶级区间	maximum	balance	True	consumed	原始加成；数量词缀最终投影有int截断	已实现词缀定义、适用武器及各阶原值区间	保留当前JSON类型；数值有限；运行时C.number边界abs(value)<9e15；相关跨字段约束必须导入和启动均检查；仅已有实现ID/武器；阶1..5；min≤max，量化网格非空	"[""space-battleship/scripts/drone_rewards.gd:15"",""space-battleship/scripts/drone_rewards.gd:16"",""space-battleship/scripts/drone_rewards.gd:18"",""space-battleship/scripts/drone_rewards.gd:20"",""space-battleship/scripts/drone_rewards.gd:39"",""space-battleship/scripts/drone_rewards.gd:40"",""space-battleship/scripts/drone_rewards.gd:41"",""space-battleship/scripts/drone_forge.gd:11"",""space-battleship/scripts/drone_forge.gd:12"",""space-battleship/scripts/drone_forge.gd:15"",""space-battleship/scripts/drone_forge.gd:16"",""space-battleship/scripts/drone_forge.gd:56"",""space-battleship/scripts/drone_forge.gd:57"",""space-battleship/scripts/drone_forge.gd:61"",""space-battleship/scripts/drone_forge.gd:64"",""space-battleship/scripts/drone_forge.gd:69"",""space-battleship/scripts/drone_forge.gd:71"",""space-battleship/scripts/drone_forge.gd:77"",""space-battleship/scripts/drone_forge.gd:79"",""space-battleship/scripts/drone_forge.gd:84"",""space-battleship/scripts/drone_forge.gd:89"",""space-battleship/scripts/drone_forge.gd:91"",""space-battleship/scripts/drone_forge.gd:96"",""space-battleship/scripts/drone_forge.gd:134"",""space-battleship/scripts/drone_forge.gd:160"",""space-battleship/scripts/drone_inventory.gd:6"",""space-battleship/scripts/drone_inventory.gd:38"",""space-battleship/scripts/drone_inventory.gd:40"",""space-battleship/scripts/drone_inventory.gd:41"",""space-battleship/scripts/drone_inventory.gd:66"",""space-battleship/scripts/drone_effect_aggregator.gd:5"",""space-battleship/scripts/drone_effect_aggregator.gd:7"",""space-battleship/scripts/drone_effect_aggregator.gd:15"",""space-battleship/scripts/drone_effect_aggregator.gd:16"",""space-battleship/scripts/drone_effect_aggregator.gd:18"",""space-battleship/scripts/drone_effect_aggregator.gd:32""]"
space-battleship/data/hyperspace_config.json	/affixes/critical_chance/ranges/2/0	float	0.1	"{""sheet"":""hyperspace_config"",""row"":266,""value_column"":""C"",""type_column"":""B""}"	词缀定义与阶级区间	minimum	balance	True	consumed	原始加成；数量词缀最终投影有int截断	已实现词缀定义、适用武器及各阶原值区间	保留当前JSON类型；数值有限；运行时C.number边界abs(value)<9e15；相关跨字段约束必须导入和启动均检查；仅已有实现ID/武器；阶1..5；min≤max，量化网格非空	"[""space-battleship/scripts/drone_rewards.gd:15"",""space-battleship/scripts/drone_rewards.gd:16"",""space-battleship/scripts/drone_rewards.gd:18"",""space-battleship/scripts/drone_rewards.gd:20"",""space-battleship/scripts/drone_rewards.gd:39"",""space-battleship/scripts/drone_rewards.gd:40"",""space-battleship/scripts/drone_rewards.gd:41"",""space-battleship/scripts/drone_forge.gd:11"",""space-battleship/scripts/drone_forge.gd:12"",""space-battleship/scripts/drone_forge.gd:15"",""space-battleship/scripts/drone_forge.gd:16"",""space-battleship/scripts/drone_forge.gd:56"",""space-battleship/scripts/drone_forge.gd:57"",""space-battleship/scripts/drone_forge.gd:61"",""space-battleship/scripts/drone_forge.gd:64"",""space-battleship/scripts/drone_forge.gd:69"",""space-battleship/scripts/drone_forge.gd:71"",""space-battleship/scripts/drone_forge.gd:77"",""space-battleship/scripts/drone_forge.gd:79"",""space-battleship/scripts/drone_forge.gd:84"",""space-battleship/scripts/drone_forge.gd:89"",""space-battleship/scripts/drone_forge.gd:91"",""space-battleship/scripts/drone_forge.gd:96"",""space-battleship/scripts/drone_forge.gd:134"",""space-battleship/scripts/drone_forge.gd:160"",""space-battleship/scripts/drone_inventory.gd:6"",""space-battleship/scripts/drone_inventory.gd:38"",""space-battleship/scripts/drone_inventory.gd:40"",""space-battleship/scripts/drone_inventory.gd:41"",""space-battleship/scripts/drone_inventory.gd:66"",""space-battleship/scripts/drone_effect_aggregator.gd:5"",""space-battleship/scripts/drone_effect_aggregator.gd:7"",""space-battleship/scripts/drone_effect_aggregator.gd:15"",""space-battleship/scripts/drone_effect_aggregator.gd:16"",""space-battleship/scripts/drone_effect_aggregator.gd:18"",""space-battleship/scripts/drone_effect_aggregator.gd:32""]"
space-battleship/data/hyperspace_config.json	/affixes/critical_chance/ranges/2/1	float	0.12	"{""sheet"":""hyperspace_config"",""row"":267,""value_column"":""C"",""type_column"":""B""}"	词缀定义与阶级区间	maximum	balance	True	consumed	原始加成；数量词缀最终投影有int截断	已实现词缀定义、适用武器及各阶原值区间	保留当前JSON类型；数值有限；运行时C.number边界abs(value)<9e15；相关跨字段约束必须导入和启动均检查；仅已有实现ID/武器；阶1..5；min≤max，量化网格非空	"[""space-battleship/scripts/drone_rewards.gd:15"",""space-battleship/scripts/drone_rewards.gd:16"",""space-battleship/scripts/drone_rewards.gd:18"",""space-battleship/scripts/drone_rewards.gd:20"",""space-battleship/scripts/drone_rewards.gd:39"",""space-battleship/scripts/drone_rewards.gd:40"",""space-battleship/scripts/drone_rewards.gd:41"",""space-battleship/scripts/drone_forge.gd:11"",""space-battleship/scripts/drone_forge.gd:12"",""space-battleship/scripts/drone_forge.gd:15"",""space-battleship/scripts/drone_forge.gd:16"",""space-battleship/scripts/drone_forge.gd:56"",""space-battleship/scripts/drone_forge.gd:57"",""space-battleship/scripts/drone_forge.gd:61"",""space-battleship/scripts/drone_forge.gd:64"",""space-battleship/scripts/drone_forge.gd:69"",""space-battleship/scripts/drone_forge.gd:71"",""space-battleship/scripts/drone_forge.gd:77"",""space-battleship/scripts/drone_forge.gd:79"",""space-battleship/scripts/drone_forge.gd:84"",""space-battleship/scripts/drone_forge.gd:89"",""space-battleship/scripts/drone_forge.gd:91"",""space-battleship/scripts/drone_forge.gd:96"",""space-battleship/scripts/drone_forge.gd:134"",""space-battleship/scripts/drone_forge.gd:160"",""space-battleship/scripts/drone_inventory.gd:6"",""space-battleship/scripts/drone_inventory.gd:38"",""space-battleship/scripts/drone_inventory.gd:40"",""space-battleship/scripts/drone_inventory.gd:41"",""space-battleship/scripts/drone_inventory.gd:66"",""space-battleship/scripts/drone_effect_aggregator.gd:5"",""space-battleship/scripts/drone_effect_aggregator.gd:7"",""space-battleship/scripts/drone_effect_aggregator.gd:15"",""space-battleship/scripts/drone_effect_aggregator.gd:16"",""space-battleship/scripts/drone_effect_aggregator.gd:18"",""space-battleship/scripts/drone_effect_aggregator.gd:32""]"
space-battleship/data/hyperspace_config.json	/affixes/critical_chance/ranges/3/0	float	0.06	"{""sheet"":""hyperspace_config"",""row"":269,""value_column"":""C"",""type_column"":""B""}"	词缀定义与阶级区间	minimum	balance	True	consumed	原始加成；数量词缀最终投影有int截断	已实现词缀定义、适用武器及各阶原值区间	保留当前JSON类型；数值有限；运行时C.number边界abs(value)<9e15；相关跨字段约束必须导入和启动均检查；仅已有实现ID/武器；阶1..5；min≤max，量化网格非空	"[""space-battleship/scripts/drone_rewards.gd:15"",""space-battleship/scripts/drone_rewards.gd:16"",""space-battleship/scripts/drone_rewards.gd:18"",""space-battleship/scripts/drone_rewards.gd:20"",""space-battleship/scripts/drone_rewards.gd:39"",""space-battleship/scripts/drone_rewards.gd:40"",""space-battleship/scripts/drone_rewards.gd:41"",""space-battleship/scripts/drone_forge.gd:11"",""space-battleship/scripts/drone_forge.gd:12"",""space-battleship/scripts/drone_forge.gd:15"",""space-battleship/scripts/drone_forge.gd:16"",""space-battleship/scripts/drone_forge.gd:56"",""space-battleship/scripts/drone_forge.gd:57"",""space-battleship/scripts/drone_forge.gd:61"",""space-battleship/scripts/drone_forge.gd:64"",""space-battleship/scripts/drone_forge.gd:69"",""space-battleship/scripts/drone_forge.gd:71"",""space-battleship/scripts/drone_forge.gd:77"",""space-battleship/scripts/drone_forge.gd:79"",""space-battleship/scripts/drone_forge.gd:84"",""space-battleship/scripts/drone_forge.gd:89"",""space-battleship/scripts/drone_forge.gd:91"",""space-battleship/scripts/drone_forge.gd:96"",""space-battleship/scripts/drone_forge.gd:134"",""space-battleship/scripts/drone_forge.gd:160"",""space-battleship/scripts/drone_inventory.gd:6"",""space-battleship/scripts/drone_inventory.gd:38"",""space-battleship/scripts/drone_inventory.gd:40"",""space-battleship/scripts/drone_inventory.gd:41"",""space-battleship/scripts/drone_inventory.gd:66"",""space-battleship/scripts/drone_effect_aggregator.gd:5"",""space-battleship/scripts/drone_effect_aggregator.gd:7"",""space-battleship/scripts/drone_effect_aggregator.gd:15"",""space-battleship/scripts/drone_effect_aggregator.gd:16"",""space-battleship/scripts/drone_effect_aggregator.gd:18"",""space-battleship/scripts/drone_effect_aggregator.gd:32""]"
space-battleship/data/hyperspace_config.json	/affixes/critical_chance/ranges/3/1	float	0.08	"{""sheet"":""hyperspace_config"",""row"":270,""value_column"":""C"",""type_column"":""B""}"	词缀定义与阶级区间	maximum	balance	True	consumed	原始加成；数量词缀最终投影有int截断	已实现词缀定义、适用武器及各阶原值区间	保留当前JSON类型；数值有限；运行时C.number边界abs(value)<9e15；相关跨字段约束必须导入和启动均检查；仅已有实现ID/武器；阶1..5；min≤max，量化网格非空	"[""space-battleship/scripts/drone_rewards.gd:15"",""space-battleship/scripts/drone_rewards.gd:16"",""space-battleship/scripts/drone_rewards.gd:18"",""space-battleship/scripts/drone_rewards.gd:20"",""space-battleship/scripts/drone_rewards.gd:39"",""space-battleship/scripts/drone_rewards.gd:40"",""space-battleship/scripts/drone_rewards.gd:41"",""space-battleship/scripts/drone_forge.gd:11"",""space-battleship/scripts/drone_forge.gd:12"",""space-battleship/scripts/drone_forge.gd:15"",""space-battleship/scripts/drone_forge.gd:16"",""space-battleship/scripts/drone_forge.gd:56"",""space-battleship/scripts/drone_forge.gd:57"",""space-battleship/scripts/drone_forge.gd:61"",""space-battleship/scripts/drone_forge.gd:64"",""space-battleship/scripts/drone_forge.gd:69"",""space-battleship/scripts/drone_forge.gd:71"",""space-battleship/scripts/drone_forge.gd:77"",""space-battleship/scripts/drone_forge.gd:79"",""space-battleship/scripts/drone_forge.gd:84"",""space-battleship/scripts/drone_forge.gd:89"",""space-battleship/scripts/drone_forge.gd:91"",""space-battleship/scripts/drone_forge.gd:96"",""space-battleship/scripts/drone_forge.gd:134"",""space-battleship/scripts/drone_forge.gd:160"",""space-battleship/scripts/drone_inventory.gd:6"",""space-battleship/scripts/drone_inventory.gd:38"",""space-battleship/scripts/drone_inventory.gd:40"",""space-battleship/scripts/drone_inventory.gd:41"",""space-battleship/scripts/drone_inventory.gd:66"",""space-battleship/scripts/drone_effect_aggregator.gd:5"",""space-battleship/scripts/drone_effect_aggregator.gd:7"",""space-battleship/scripts/drone_effect_aggregator.gd:15"",""space-battleship/scripts/drone_effect_aggregator.gd:16"",""space-battleship/scripts/drone_effect_aggregator.gd:18"",""space-battleship/scripts/drone_effect_aggregator.gd:32""]"
space-battleship/data/hyperspace_config.json	/affixes/critical_chance/ranges/4/0	float	0.03	"{""sheet"":""hyperspace_config"",""row"":272,""value_column"":""C"",""type_column"":""B""}"	词缀定义与阶级区间	minimum	balance	True	consumed	原始加成；数量词缀最终投影有int截断	已实现词缀定义、适用武器及各阶原值区间	保留当前JSON类型；数值有限；运行时C.number边界abs(value)<9e15；相关跨字段约束必须导入和启动均检查；仅已有实现ID/武器；阶1..5；min≤max，量化网格非空	"[""space-battleship/scripts/drone_rewards.gd:15"",""space-battleship/scripts/drone_rewards.gd:16"",""space-battleship/scripts/drone_rewards.gd:18"",""space-battleship/scripts/drone_rewards.gd:20"",""space-battleship/scripts/drone_rewards.gd:39"",""space-battleship/scripts/drone_rewards.gd:40"",""space-battleship/scripts/drone_rewards.gd:41"",""space-battleship/scripts/drone_forge.gd:11"",""space-battleship/scripts/drone_forge.gd:12"",""space-battleship/scripts/drone_forge.gd:15"",""space-battleship/scripts/drone_forge.gd:16"",""space-battleship/scripts/drone_forge.gd:56"",""space-battleship/scripts/drone_forge.gd:57"",""space-battleship/scripts/drone_forge.gd:61"",""space-battleship/scripts/drone_forge.gd:64"",""space-battleship/scripts/drone_forge.gd:69"",""space-battleship/scripts/drone_forge.gd:71"",""space-battleship/scripts/drone_forge.gd:77"",""space-battleship/scripts/drone_forge.gd:79"",""space-battleship/scripts/drone_forge.gd:84"",""space-battleship/scripts/drone_forge.gd:89"",""space-battleship/scripts/drone_forge.gd:91"",""space-battleship/scripts/drone_forge.gd:96"",""space-battleship/scripts/drone_forge.gd:134"",""space-battleship/scripts/drone_forge.gd:160"",""space-battleship/scripts/drone_inventory.gd:6"",""space-battleship/scripts/drone_inventory.gd:38"",""space-battleship/scripts/drone_inventory.gd:40"",""space-battleship/scripts/drone_inventory.gd:41"",""space-battleship/scripts/drone_inventory.gd:66"",""space-battleship/scripts/drone_effect_aggregator.gd:5"",""space-battleship/scripts/drone_effect_aggregator.gd:7"",""space-battleship/scripts/drone_effect_aggregator.gd:15"",""space-battleship/scripts/drone_effect_aggregator.gd:16"",""space-battleship/scripts/drone_effect_aggregator.gd:18"",""space-battleship/scripts/drone_effect_aggregator.gd:32""]"
space-battleship/data/hyperspace_config.json	/affixes/critical_chance/ranges/4/1	float	0.04	"{""sheet"":""hyperspace_config"",""row"":273,""value_column"":""C"",""type_column"":""B""}"	词缀定义与阶级区间	maximum	balance	True	consumed	原始加成；数量词缀最终投影有int截断	已实现词缀定义、适用武器及各阶原值区间	保留当前JSON类型；数值有限；运行时C.number边界abs(value)<9e15；相关跨字段约束必须导入和启动均检查；仅已有实现ID/武器；阶1..5；min≤max，量化网格非空	"[""space-battleship/scripts/drone_rewards.gd:15"",""space-battleship/scripts/drone_rewards.gd:16"",""space-battleship/scripts/drone_rewards.gd:18"",""space-battleship/scripts/drone_rewards.gd:20"",""space-battleship/scripts/drone_rewards.gd:39"",""space-battleship/scripts/drone_rewards.gd:40"",""space-battleship/scripts/drone_rewards.gd:41"",""space-battleship/scripts/drone_forge.gd:11"",""space-battleship/scripts/drone_forge.gd:12"",""space-battleship/scripts/drone_forge.gd:15"",""space-battleship/scripts/drone_forge.gd:16"",""space-battleship/scripts/drone_forge.gd:56"",""space-battleship/scripts/drone_forge.gd:57"",""space-battleship/scripts/drone_forge.gd:61"",""space-battleship/scripts/drone_forge.gd:64"",""space-battleship/scripts/drone_forge.gd:69"",""space-battleship/scripts/drone_forge.gd:71"",""space-battleship/scripts/drone_forge.gd:77"",""space-battleship/scripts/drone_forge.gd:79"",""space-battleship/scripts/drone_forge.gd:84"",""space-battleship/scripts/drone_forge.gd:89"",""space-battleship/scripts/drone_forge.gd:91"",""space-battleship/scripts/drone_forge.gd:96"",""space-battleship/scripts/drone_forge.gd:134"",""space-battleship/scripts/drone_forge.gd:160"",""space-battleship/scripts/drone_inventory.gd:6"",""space-battleship/scripts/drone_inventory.gd:38"",""space-battleship/scripts/drone_inventory.gd:40"",""space-battleship/scripts/drone_inventory.gd:41"",""space-battleship/scripts/drone_inventory.gd:66"",""space-battleship/scripts/drone_effect_aggregator.gd:5"",""space-battleship/scripts/drone_effect_aggregator.gd:7"",""space-battleship/scripts/drone_effect_aggregator.gd:15"",""space-battleship/scripts/drone_effect_aggregator.gd:16"",""space-battleship/scripts/drone_effect_aggregator.gd:18"",""space-battleship/scripts/drone_effect_aggregator.gd:32""]"
space-battleship/data/hyperspace_config.json	/affixes/critical_chance/ranges/5/0	float	0.01	"{""sheet"":""hyperspace_config"",""row"":275,""value_column"":""C"",""type_column"":""B""}"	词缀定义与阶级区间	minimum	balance	True	consumed	原始加成；数量词缀最终投影有int截断	已实现词缀定义、适用武器及各阶原值区间	保留当前JSON类型；数值有限；运行时C.number边界abs(value)<9e15；相关跨字段约束必须导入和启动均检查；仅已有实现ID/武器；阶1..5；min≤max，量化网格非空	"[""space-battleship/scripts/drone_rewards.gd:15"",""space-battleship/scripts/drone_rewards.gd:16"",""space-battleship/scripts/drone_rewards.gd:18"",""space-battleship/scripts/drone_rewards.gd:20"",""space-battleship/scripts/drone_rewards.gd:39"",""space-battleship/scripts/drone_rewards.gd:40"",""space-battleship/scripts/drone_rewards.gd:41"",""space-battleship/scripts/drone_forge.gd:11"",""space-battleship/scripts/drone_forge.gd:12"",""space-battleship/scripts/drone_forge.gd:15"",""space-battleship/scripts/drone_forge.gd:16"",""space-battleship/scripts/drone_forge.gd:56"",""space-battleship/scripts/drone_forge.gd:57"",""space-battleship/scripts/drone_forge.gd:61"",""space-battleship/scripts/drone_forge.gd:64"",""space-battleship/scripts/drone_forge.gd:69"",""space-battleship/scripts/drone_forge.gd:71"",""space-battleship/scripts/drone_forge.gd:77"",""space-battleship/scripts/drone_forge.gd:79"",""space-battleship/scripts/drone_forge.gd:84"",""space-battleship/scripts/drone_forge.gd:89"",""space-battleship/scripts/drone_forge.gd:91"",""space-battleship/scripts/drone_forge.gd:96"",""space-battleship/scripts/drone_forge.gd:134"",""space-battleship/scripts/drone_forge.gd:160"",""space-battleship/scripts/drone_inventory.gd:6"",""space-battleship/scripts/drone_inventory.gd:38"",""space-battleship/scripts/drone_inventory.gd:40"",""space-battleship/scripts/drone_inventory.gd:41"",""space-battleship/scripts/drone_inventory.gd:66"",""space-battleship/scripts/drone_effect_aggregator.gd:5"",""space-battleship/scripts/drone_effect_aggregator.gd:7"",""space-battleship/scripts/drone_effect_aggregator.gd:15"",""space-battleship/scripts/drone_effect_aggregator.gd:16"",""space-battleship/scripts/drone_effect_aggregator.gd:18"",""space-battleship/scripts/drone_effect_aggregator.gd:32""]"
space-battleship/data/hyperspace_config.json	/affixes/critical_chance/ranges/5/1	float	0.02	"{""sheet"":""hyperspace_config"",""row"":276,""value_column"":""C"",""type_column"":""B""}"	词缀定义与阶级区间	maximum	balance	True	consumed	原始加成；数量词缀最终投影有int截断	已实现词缀定义、适用武器及各阶原值区间	保留当前JSON类型；数值有限；运行时C.number边界abs(value)<9e15；相关跨字段约束必须导入和启动均检查；仅已有实现ID/武器；阶1..5；min≤max，量化网格非空	"[""space-battleship/scripts/drone_rewards.gd:15"",""space-battleship/scripts/drone_rewards.gd:16"",""space-battleship/scripts/drone_rewards.gd:18"",""space-battleship/scripts/drone_rewards.gd:20"",""space-battleship/scripts/drone_rewards.gd:39"",""space-battleship/scripts/drone_rewards.gd:40"",""space-battleship/scripts/drone_rewards.gd:41"",""space-battleship/scripts/drone_forge.gd:11"",""space-battleship/scripts/drone_forge.gd:12"",""space-battleship/scripts/drone_forge.gd:15"",""space-battleship/scripts/drone_forge.gd:16"",""space-battleship/scripts/drone_forge.gd:56"",""space-battleship/scripts/drone_forge.gd:57"",""space-battleship/scripts/drone_forge.gd:61"",""space-battleship/scripts/drone_forge.gd:64"",""space-battleship/scripts/drone_forge.gd:69"",""space-battleship/scripts/drone_forge.gd:71"",""space-battleship/scripts/drone_forge.gd:77"",""space-battleship/scripts/drone_forge.gd:79"",""space-battleship/scripts/drone_forge.gd:84"",""space-battleship/scripts/drone_forge.gd:89"",""space-battleship/scripts/drone_forge.gd:91"",""space-battleship/scripts/drone_forge.gd:96"",""space-battleship/scripts/drone_forge.gd:134"",""space-battleship/scripts/drone_forge.gd:160"",""space-battleship/scripts/drone_inventory.gd:6"",""space-battleship/scripts/drone_inventory.gd:38"",""space-battleship/scripts/drone_inventory.gd:40"",""space-battleship/scripts/drone_inventory.gd:41"",""space-battleship/scripts/drone_inventory.gd:66"",""space-battleship/scripts/drone_effect_aggregator.gd:5"",""space-battleship/scripts/drone_effect_aggregator.gd:7"",""space-battleship/scripts/drone_effect_aggregator.gd:15"",""space-battleship/scripts/drone_effect_aggregator.gd:16"",""space-battleship/scripts/drone_effect_aggregator.gd:18"",""space-battleship/scripts/drone_effect_aggregator.gd:32""]"
space-battleship/data/hyperspace_config.json	/affixes/critical_chance/amplified	bool	false	"{""sheet"":""hyperspace_config"",""row"":277,""value_column"":""C"",""type_column"":""B""}"	词缀定义与阶级区间	amplified	balance	True	consumed	bool	已实现词缀定义、适用武器及各阶原值区间	保留当前JSON类型；数值有限；运行时C.number边界abs(value)<9e15；相关跨字段约束必须导入和启动均检查；仅已有实现ID/武器；阶1..5；min≤max，量化网格非空	"[""space-battleship/scripts/drone_rewards.gd:15"",""space-battleship/scripts/drone_rewards.gd:16"",""space-battleship/scripts/drone_rewards.gd:18"",""space-battleship/scripts/drone_rewards.gd:20"",""space-battleship/scripts/drone_rewards.gd:39"",""space-battleship/scripts/drone_rewards.gd:40"",""space-battleship/scripts/drone_rewards.gd:41"",""space-battleship/scripts/drone_forge.gd:11"",""space-battleship/scripts/drone_forge.gd:12"",""space-battleship/scripts/drone_forge.gd:15"",""space-battleship/scripts/drone_forge.gd:16"",""space-battleship/scripts/drone_forge.gd:56"",""space-battleship/scripts/drone_forge.gd:57"",""space-battleship/scripts/drone_forge.gd:61"",""space-battleship/scripts/drone_forge.gd:64"",""space-battleship/scripts/drone_forge.gd:69"",""space-battleship/scripts/drone_forge.gd:71"",""space-battleship/scripts/drone_forge.gd:77"",""space-battleship/scripts/drone_forge.gd:79"",""space-battleship/scripts/drone_forge.gd:84"",""space-battleship/scripts/drone_forge.gd:89"",""space-battleship/scripts/drone_forge.gd:91"",""space-battleship/scripts/drone_forge.gd:96"",""space-battleship/scripts/drone_forge.gd:134"",""space-battleship/scripts/drone_forge.gd:160"",""space-battleship/scripts/drone_inventory.gd:6"",""space-battleship/scripts/drone_inventory.gd:38"",""space-battleship/scripts/drone_inventory.gd:40"",""space-battleship/scripts/drone_inventory.gd:41"",""space-battleship/scripts/drone_inventory.gd:66"",""space-battleship/scripts/drone_effect_aggregator.gd:5"",""space-battleship/scripts/drone_effect_aggregator.gd:7"",""space-battleship/scripts/drone_effect_aggregator.gd:15"",""space-battleship/scripts/drone_effect_aggregator.gd:16"",""space-battleship/scripts/drone_effect_aggregator.gd:18"",""space-battleship/scripts/drone_effect_aggregator.gd:32""]"
space-battleship/data/hyperspace_config.json	/affixes/critical_chance/weapon	string		"{""sheet"":""hyperspace_config"",""row"":278,""value_column"":""C"",""type_column"":""B""}"	词缀定义与阶级区间	weapon	balance	True	consumed	武器ID	已实现词缀定义、适用武器及各阶原值区间	保留当前JSON类型；数值有限；运行时C.number边界abs(value)<9e15；相关跨字段约束必须导入和启动均检查；仅已有实现ID/武器；阶1..5；min≤max，量化网格非空	"[""space-battleship/scripts/drone_rewards.gd:15"",""space-battleship/scripts/drone_rewards.gd:16"",""space-battleship/scripts/drone_rewards.gd:18"",""space-battleship/scripts/drone_rewards.gd:20"",""space-battleship/scripts/drone_rewards.gd:39"",""space-battleship/scripts/drone_rewards.gd:40"",""space-battleship/scripts/drone_rewards.gd:41"",""space-battleship/scripts/drone_forge.gd:11"",""space-battleship/scripts/drone_forge.gd:12"",""space-battleship/scripts/drone_forge.gd:15"",""space-battleship/scripts/drone_forge.gd:16"",""space-battleship/scripts/drone_forge.gd:56"",""space-battleship/scripts/drone_forge.gd:57"",""space-battleship/scripts/drone_forge.gd:61"",""space-battleship/scripts/drone_forge.gd:64"",""space-battleship/scripts/drone_forge.gd:69"",""space-battleship/scripts/drone_forge.gd:71"",""space-battleship/scripts/drone_forge.gd:77"",""space-battleship/scripts/drone_forge.gd:79"",""space-battleship/scripts/drone_forge.gd:84"",""space-battleship/scripts/drone_forge.gd:89"",""space-battleship/scripts/drone_forge.gd:91"",""space-battleship/scripts/drone_forge.gd:96"",""space-battleship/scripts/drone_forge.gd:134"",""space-battleship/scripts/drone_forge.gd:160"",""space-battleship/scripts/drone_inventory.gd:6"",""space-battleship/scripts/drone_inventory.gd:38"",""space-battleship/scripts/drone_inventory.gd:40"",""space-battleship/scripts/drone_inventory.gd:41"",""space-battleship/scripts/drone_inventory.gd:66"",""space-battleship/scripts/drone_effect_aggregator.gd:5"",""space-battleship/scripts/drone_effect_aggregator.gd:7"",""space-battleship/scripts/drone_effect_aggregator.gd:15"",""space-battleship/scripts/drone_effect_aggregator.gd:16"",""space-battleship/scripts/drone_effect_aggregator.gd:18"",""space-battleship/scripts/drone_effect_aggregator.gd:32""]"
space-battleship/data/hyperspace_config.json	/affixes/repeat_chance/ranges/1/0	float	0.13	"{""sheet"":""hyperspace_config"",""row"":282,""value_column"":""C"",""type_column"":""B""}"	词缀定义与阶级区间	minimum	balance	True	consumed	原始加成；数量词缀最终投影有int截断	已实现词缀定义、适用武器及各阶原值区间	保留当前JSON类型；数值有限；运行时C.number边界abs(value)<9e15；相关跨字段约束必须导入和启动均检查；仅已有实现ID/武器；阶1..5；min≤max，量化网格非空	"[""space-battleship/scripts/drone_rewards.gd:15"",""space-battleship/scripts/drone_rewards.gd:16"",""space-battleship/scripts/drone_rewards.gd:18"",""space-battleship/scripts/drone_rewards.gd:20"",""space-battleship/scripts/drone_rewards.gd:39"",""space-battleship/scripts/drone_rewards.gd:40"",""space-battleship/scripts/drone_rewards.gd:41"",""space-battleship/scripts/drone_forge.gd:11"",""space-battleship/scripts/drone_forge.gd:12"",""space-battleship/scripts/drone_forge.gd:15"",""space-battleship/scripts/drone_forge.gd:16"",""space-battleship/scripts/drone_forge.gd:56"",""space-battleship/scripts/drone_forge.gd:57"",""space-battleship/scripts/drone_forge.gd:61"",""space-battleship/scripts/drone_forge.gd:64"",""space-battleship/scripts/drone_forge.gd:69"",""space-battleship/scripts/drone_forge.gd:71"",""space-battleship/scripts/drone_forge.gd:77"",""space-battleship/scripts/drone_forge.gd:79"",""space-battleship/scripts/drone_forge.gd:84"",""space-battleship/scripts/drone_forge.gd:89"",""space-battleship/scripts/drone_forge.gd:91"",""space-battleship/scripts/drone_forge.gd:96"",""space-battleship/scripts/drone_forge.gd:134"",""space-battleship/scripts/drone_forge.gd:160"",""space-battleship/scripts/drone_inventory.gd:6"",""space-battleship/scripts/drone_inventory.gd:38"",""space-battleship/scripts/drone_inventory.gd:40"",""space-battleship/scripts/drone_inventory.gd:41"",""space-battleship/scripts/drone_inventory.gd:66"",""space-battleship/scripts/drone_effect_aggregator.gd:5"",""space-battleship/scripts/drone_effect_aggregator.gd:7"",""space-battleship/scripts/drone_effect_aggregator.gd:15"",""space-battleship/scripts/drone_effect_aggregator.gd:16"",""space-battleship/scripts/drone_effect_aggregator.gd:18"",""space-battleship/scripts/drone_effect_aggregator.gd:32""]"
space-battleship/data/hyperspace_config.json	/affixes/repeat_chance/ranges/1/1	float	0.15	"{""sheet"":""hyperspace_config"",""row"":283,""value_column"":""C"",""type_column"":""B""}"	词缀定义与阶级区间	maximum	balance	True	consumed	原始加成；数量词缀最终投影有int截断	已实现词缀定义、适用武器及各阶原值区间	保留当前JSON类型；数值有限；运行时C.number边界abs(value)<9e15；相关跨字段约束必须导入和启动均检查；仅已有实现ID/武器；阶1..5；min≤max，量化网格非空	"[""space-battleship/scripts/drone_rewards.gd:15"",""space-battleship/scripts/drone_rewards.gd:16"",""space-battleship/scripts/drone_rewards.gd:18"",""space-battleship/scripts/drone_rewards.gd:20"",""space-battleship/scripts/drone_rewards.gd:39"",""space-battleship/scripts/drone_rewards.gd:40"",""space-battleship/scripts/drone_rewards.gd:41"",""space-battleship/scripts/drone_forge.gd:11"",""space-battleship/scripts/drone_forge.gd:12"",""space-battleship/scripts/drone_forge.gd:15"",""space-battleship/scripts/drone_forge.gd:16"",""space-battleship/scripts/drone_forge.gd:56"",""space-battleship/scripts/drone_forge.gd:57"",""space-battleship/scripts/drone_forge.gd:61"",""space-battleship/scripts/drone_forge.gd:64"",""space-battleship/scripts/drone_forge.gd:69"",""space-battleship/scripts/drone_forge.gd:71"",""space-battleship/scripts/drone_forge.gd:77"",""space-battleship/scripts/drone_forge.gd:79"",""space-battleship/scripts/drone_forge.gd:84"",""space-battleship/scripts/drone_forge.gd:89"",""space-battleship/scripts/drone_forge.gd:91"",""space-battleship/scripts/drone_forge.gd:96"",""space-battleship/scripts/drone_forge.gd:134"",""space-battleship/scripts/drone_forge.gd:160"",""space-battleship/scripts/drone_inventory.gd:6"",""space-battleship/scripts/drone_inventory.gd:38"",""space-battleship/scripts/drone_inventory.gd:40"",""space-battleship/scripts/drone_inventory.gd:41"",""space-battleship/scripts/drone_inventory.gd:66"",""space-battleship/scripts/drone_effect_aggregator.gd:5"",""space-battleship/scripts/drone_effect_aggregator.gd:7"",""space-battleship/scripts/drone_effect_aggregator.gd:15"",""space-battleship/scripts/drone_effect_aggregator.gd:16"",""space-battleship/scripts/drone_effect_aggregator.gd:18"",""space-battleship/scripts/drone_effect_aggregator.gd:32""]"
space-battleship/data/hyperspace_config.json	/affixes/repeat_chance/ranges/2/0	float	0.1	"{""sheet"":""hyperspace_config"",""row"":285,""value_column"":""C"",""type_column"":""B""}"	词缀定义与阶级区间	minimum	balance	True	consumed	原始加成；数量词缀最终投影有int截断	已实现词缀定义、适用武器及各阶原值区间	保留当前JSON类型；数值有限；运行时C.number边界abs(value)<9e15；相关跨字段约束必须导入和启动均检查；仅已有实现ID/武器；阶1..5；min≤max，量化网格非空	"[""space-battleship/scripts/drone_rewards.gd:15"",""space-battleship/scripts/drone_rewards.gd:16"",""space-battleship/scripts/drone_rewards.gd:18"",""space-battleship/scripts/drone_rewards.gd:20"",""space-battleship/scripts/drone_rewards.gd:39"",""space-battleship/scripts/drone_rewards.gd:40"",""space-battleship/scripts/drone_rewards.gd:41"",""space-battleship/scripts/drone_forge.gd:11"",""space-battleship/scripts/drone_forge.gd:12"",""space-battleship/scripts/drone_forge.gd:15"",""space-battleship/scripts/drone_forge.gd:16"",""space-battleship/scripts/drone_forge.gd:56"",""space-battleship/scripts/drone_forge.gd:57"",""space-battleship/scripts/drone_forge.gd:61"",""space-battleship/scripts/drone_forge.gd:64"",""space-battleship/scripts/drone_forge.gd:69"",""space-battleship/scripts/drone_forge.gd:71"",""space-battleship/scripts/drone_forge.gd:77"",""space-battleship/scripts/drone_forge.gd:79"",""space-battleship/scripts/drone_forge.gd:84"",""space-battleship/scripts/drone_forge.gd:89"",""space-battleship/scripts/drone_forge.gd:91"",""space-battleship/scripts/drone_forge.gd:96"",""space-battleship/scripts/drone_forge.gd:134"",""space-battleship/scripts/drone_forge.gd:160"",""space-battleship/scripts/drone_inventory.gd:6"",""space-battleship/scripts/drone_inventory.gd:38"",""space-battleship/scripts/drone_inventory.gd:40"",""space-battleship/scripts/drone_inventory.gd:41"",""space-battleship/scripts/drone_inventory.gd:66"",""space-battleship/scripts/drone_effect_aggregator.gd:5"",""space-battleship/scripts/drone_effect_aggregator.gd:7"",""space-battleship/scripts/drone_effect_aggregator.gd:15"",""space-battleship/scripts/drone_effect_aggregator.gd:16"",""space-battleship/scripts/drone_effect_aggregator.gd:18"",""space-battleship/scripts/drone_effect_aggregator.gd:32""]"
space-battleship/data/hyperspace_config.json	/affixes/repeat_chance/ranges/2/1	float	0.12	"{""sheet"":""hyperspace_config"",""row"":286,""value_column"":""C"",""type_column"":""B""}"	词缀定义与阶级区间	maximum	balance	True	consumed	原始加成；数量词缀最终投影有int截断	已实现词缀定义、适用武器及各阶原值区间	保留当前JSON类型；数值有限；运行时C.number边界abs(value)<9e15；相关跨字段约束必须导入和启动均检查；仅已有实现ID/武器；阶1..5；min≤max，量化网格非空	"[""space-battleship/scripts/drone_rewards.gd:15"",""space-battleship/scripts/drone_rewards.gd:16"",""space-battleship/scripts/drone_rewards.gd:18"",""space-battleship/scripts/drone_rewards.gd:20"",""space-battleship/scripts/drone_rewards.gd:39"",""space-battleship/scripts/drone_rewards.gd:40"",""space-battleship/scripts/drone_rewards.gd:41"",""space-battleship/scripts/drone_forge.gd:11"",""space-battleship/scripts/drone_forge.gd:12"",""space-battleship/scripts/drone_forge.gd:15"",""space-battleship/scripts/drone_forge.gd:16"",""space-battleship/scripts/drone_forge.gd:56"",""space-battleship/scripts/drone_forge.gd:57"",""space-battleship/scripts/drone_forge.gd:61"",""space-battleship/scripts/drone_forge.gd:64"",""space-battleship/scripts/drone_forge.gd:69"",""space-battleship/scripts/drone_forge.gd:71"",""space-battleship/scripts/drone_forge.gd:77"",""space-battleship/scripts/drone_forge.gd:79"",""space-battleship/scripts/drone_forge.gd:84"",""space-battleship/scripts/drone_forge.gd:89"",""space-battleship/scripts/drone_forge.gd:91"",""space-battleship/scripts/drone_forge.gd:96"",""space-battleship/scripts/drone_forge.gd:134"",""space-battleship/scripts/drone_forge.gd:160"",""space-battleship/scripts/drone_inventory.gd:6"",""space-battleship/scripts/drone_inventory.gd:38"",""space-battleship/scripts/drone_inventory.gd:40"",""space-battleship/scripts/drone_inventory.gd:41"",""space-battleship/scripts/drone_inventory.gd:66"",""space-battleship/scripts/drone_effect_aggregator.gd:5"",""space-battleship/scripts/drone_effect_aggregator.gd:7"",""space-battleship/scripts/drone_effect_aggregator.gd:15"",""space-battleship/scripts/drone_effect_aggregator.gd:16"",""space-battleship/scripts/drone_effect_aggregator.gd:18"",""space-battleship/scripts/drone_effect_aggregator.gd:32""]"
space-battleship/data/hyperspace_config.json	/affixes/repeat_chance/ranges/3/0	float	0.06	"{""sheet"":""hyperspace_config"",""row"":288,""value_column"":""C"",""type_column"":""B""}"	词缀定义与阶级区间	minimum	balance	True	consumed	原始加成；数量词缀最终投影有int截断	已实现词缀定义、适用武器及各阶原值区间	保留当前JSON类型；数值有限；运行时C.number边界abs(value)<9e15；相关跨字段约束必须导入和启动均检查；仅已有实现ID/武器；阶1..5；min≤max，量化网格非空	"[""space-battleship/scripts/drone_rewards.gd:15"",""space-battleship/scripts/drone_rewards.gd:16"",""space-battleship/scripts/drone_rewards.gd:18"",""space-battleship/scripts/drone_rewards.gd:20"",""space-battleship/scripts/drone_rewards.gd:39"",""space-battleship/scripts/drone_rewards.gd:40"",""space-battleship/scripts/drone_rewards.gd:41"",""space-battleship/scripts/drone_forge.gd:11"",""space-battleship/scripts/drone_forge.gd:12"",""space-battleship/scripts/drone_forge.gd:15"",""space-battleship/scripts/drone_forge.gd:16"",""space-battleship/scripts/drone_forge.gd:56"",""space-battleship/scripts/drone_forge.gd:57"",""space-battleship/scripts/drone_forge.gd:61"",""space-battleship/scripts/drone_forge.gd:64"",""space-battleship/scripts/drone_forge.gd:69"",""space-battleship/scripts/drone_forge.gd:71"",""space-battleship/scripts/drone_forge.gd:77"",""space-battleship/scripts/drone_forge.gd:79"",""space-battleship/scripts/drone_forge.gd:84"",""space-battleship/scripts/drone_forge.gd:89"",""space-battleship/scripts/drone_forge.gd:91"",""space-battleship/scripts/drone_forge.gd:96"",""space-battleship/scripts/drone_forge.gd:134"",""space-battleship/scripts/drone_forge.gd:160"",""space-battleship/scripts/drone_inventory.gd:6"",""space-battleship/scripts/drone_inventory.gd:38"",""space-battleship/scripts/drone_inventory.gd:40"",""space-battleship/scripts/drone_inventory.gd:41"",""space-battleship/scripts/drone_inventory.gd:66"",""space-battleship/scripts/drone_effect_aggregator.gd:5"",""space-battleship/scripts/drone_effect_aggregator.gd:7"",""space-battleship/scripts/drone_effect_aggregator.gd:15"",""space-battleship/scripts/drone_effect_aggregator.gd:16"",""space-battleship/scripts/drone_effect_aggregator.gd:18"",""space-battleship/scripts/drone_effect_aggregator.gd:32""]"
space-battleship/data/hyperspace_config.json	/affixes/repeat_chance/ranges/3/1	float	0.08	"{""sheet"":""hyperspace_config"",""row"":289,""value_column"":""C"",""type_column"":""B""}"	词缀定义与阶级区间	maximum	balance	True	consumed	原始加成；数量词缀最终投影有int截断	已实现词缀定义、适用武器及各阶原值区间	保留当前JSON类型；数值有限；运行时C.number边界abs(value)<9e15；相关跨字段约束必须导入和启动均检查；仅已有实现ID/武器；阶1..5；min≤max，量化网格非空	"[""space-battleship/scripts/drone_rewards.gd:15"",""space-battleship/scripts/drone_rewards.gd:16"",""space-battleship/scripts/drone_rewards.gd:18"",""space-battleship/scripts/drone_rewards.gd:20"",""space-battleship/scripts/drone_rewards.gd:39"",""space-battleship/scripts/drone_rewards.gd:40"",""space-battleship/scripts/drone_rewards.gd:41"",""space-battleship/scripts/drone_forge.gd:11"",""space-battleship/scripts/drone_forge.gd:12"",""space-battleship/scripts/drone_forge.gd:15"",""space-battleship/scripts/drone_forge.gd:16"",""space-battleship/scripts/drone_forge.gd:56"",""space-battleship/scripts/drone_forge.gd:57"",""space-battleship/scripts/drone_forge.gd:61"",""space-battleship/scripts/drone_forge.gd:64"",""space-battleship/scripts/drone_forge.gd:69"",""space-battleship/scripts/drone_forge.gd:71"",""space-battleship/scripts/drone_forge.gd:77"",""space-battleship/scripts/drone_forge.gd:79"",""space-battleship/scripts/drone_forge.gd:84"",""space-battleship/scripts/drone_forge.gd:89"",""space-battleship/scripts/drone_forge.gd:91"",""space-battleship/scripts/drone_forge.gd:96"",""space-battleship/scripts/drone_forge.gd:134"",""space-battleship/scripts/drone_forge.gd:160"",""space-battleship/scripts/drone_inventory.gd:6"",""space-battleship/scripts/drone_inventory.gd:38"",""space-battleship/scripts/drone_inventory.gd:40"",""space-battleship/scripts/drone_inventory.gd:41"",""space-battleship/scripts/drone_inventory.gd:66"",""space-battleship/scripts/drone_effect_aggregator.gd:5"",""space-battleship/scripts/drone_effect_aggregator.gd:7"",""space-battleship/scripts/drone_effect_aggregator.gd:15"",""space-battleship/scripts/drone_effect_aggregator.gd:16"",""space-battleship/scripts/drone_effect_aggregator.gd:18"",""space-battleship/scripts/drone_effect_aggregator.gd:32""]"
space-battleship/data/hyperspace_config.json	/affixes/repeat_chance/ranges/4/0	float	0.03	"{""sheet"":""hyperspace_config"",""row"":291,""value_column"":""C"",""type_column"":""B""}"	词缀定义与阶级区间	minimum	balance	True	consumed	原始加成；数量词缀最终投影有int截断	已实现词缀定义、适用武器及各阶原值区间	保留当前JSON类型；数值有限；运行时C.number边界abs(value)<9e15；相关跨字段约束必须导入和启动均检查；仅已有实现ID/武器；阶1..5；min≤max，量化网格非空	"[""space-battleship/scripts/drone_rewards.gd:15"",""space-battleship/scripts/drone_rewards.gd:16"",""space-battleship/scripts/drone_rewards.gd:18"",""space-battleship/scripts/drone_rewards.gd:20"",""space-battleship/scripts/drone_rewards.gd:39"",""space-battleship/scripts/drone_rewards.gd:40"",""space-battleship/scripts/drone_rewards.gd:41"",""space-battleship/scripts/drone_forge.gd:11"",""space-battleship/scripts/drone_forge.gd:12"",""space-battleship/scripts/drone_forge.gd:15"",""space-battleship/scripts/drone_forge.gd:16"",""space-battleship/scripts/drone_forge.gd:56"",""space-battleship/scripts/drone_forge.gd:57"",""space-battleship/scripts/drone_forge.gd:61"",""space-battleship/scripts/drone_forge.gd:64"",""space-battleship/scripts/drone_forge.gd:69"",""space-battleship/scripts/drone_forge.gd:71"",""space-battleship/scripts/drone_forge.gd:77"",""space-battleship/scripts/drone_forge.gd:79"",""space-battleship/scripts/drone_forge.gd:84"",""space-battleship/scripts/drone_forge.gd:89"",""space-battleship/scripts/drone_forge.gd:91"",""space-battleship/scripts/drone_forge.gd:96"",""space-battleship/scripts/drone_forge.gd:134"",""space-battleship/scripts/drone_forge.gd:160"",""space-battleship/scripts/drone_inventory.gd:6"",""space-battleship/scripts/drone_inventory.gd:38"",""space-battleship/scripts/drone_inventory.gd:40"",""space-battleship/scripts/drone_inventory.gd:41"",""space-battleship/scripts/drone_inventory.gd:66"",""space-battleship/scripts/drone_effect_aggregator.gd:5"",""space-battleship/scripts/drone_effect_aggregator.gd:7"",""space-battleship/scripts/drone_effect_aggregator.gd:15"",""space-battleship/scripts/drone_effect_aggregator.gd:16"",""space-battleship/scripts/drone_effect_aggregator.gd:18"",""space-battleship/scripts/drone_effect_aggregator.gd:32""]"
space-battleship/data/hyperspace_config.json	/affixes/repeat_chance/ranges/4/1	float	0.04	"{""sheet"":""hyperspace_config"",""row"":292,""value_column"":""C"",""type_column"":""B""}"	词缀定义与阶级区间	maximum	balance	True	consumed	原始加成；数量词缀最终投影有int截断	已实现词缀定义、适用武器及各阶原值区间	保留当前JSON类型；数值有限；运行时C.number边界abs(value)<9e15；相关跨字段约束必须导入和启动均检查；仅已有实现ID/武器；阶1..5；min≤max，量化网格非空	"[""space-battleship/scripts/drone_rewards.gd:15"",""space-battleship/scripts/drone_rewards.gd:16"",""space-battleship/scripts/drone_rewards.gd:18"",""space-battleship/scripts/drone_rewards.gd:20"",""space-battleship/scripts/drone_rewards.gd:39"",""space-battleship/scripts/drone_rewards.gd:40"",""space-battleship/scripts/drone_rewards.gd:41"",""space-battleship/scripts/drone_forge.gd:11"",""space-battleship/scripts/drone_forge.gd:12"",""space-battleship/scripts/drone_forge.gd:15"",""space-battleship/scripts/drone_forge.gd:16"",""space-battleship/scripts/drone_forge.gd:56"",""space-battleship/scripts/drone_forge.gd:57"",""space-battleship/scripts/drone_forge.gd:61"",""space-battleship/scripts/drone_forge.gd:64"",""space-battleship/scripts/drone_forge.gd:69"",""space-battleship/scripts/drone_forge.gd:71"",""space-battleship/scripts/drone_forge.gd:77"",""space-battleship/scripts/drone_forge.gd:79"",""space-battleship/scripts/drone_forge.gd:84"",""space-battleship/scripts/drone_forge.gd:89"",""space-battleship/scripts/drone_forge.gd:91"",""space-battleship/scripts/drone_forge.gd:96"",""space-battleship/scripts/drone_forge.gd:134"",""space-battleship/scripts/drone_forge.gd:160"",""space-battleship/scripts/drone_inventory.gd:6"",""space-battleship/scripts/drone_inventory.gd:38"",""space-battleship/scripts/drone_inventory.gd:40"",""space-battleship/scripts/drone_inventory.gd:41"",""space-battleship/scripts/drone_inventory.gd:66"",""space-battleship/scripts/drone_effect_aggregator.gd:5"",""space-battleship/scripts/drone_effect_aggregator.gd:7"",""space-battleship/scripts/drone_effect_aggregator.gd:15"",""space-battleship/scripts/drone_effect_aggregator.gd:16"",""space-battleship/scripts/drone_effect_aggregator.gd:18"",""space-battleship/scripts/drone_effect_aggregator.gd:32""]"
space-battleship/data/hyperspace_config.json	/affixes/repeat_chance/ranges/5/0	float	0.01	"{""sheet"":""hyperspace_config"",""row"":294,""value_column"":""C"",""type_column"":""B""}"	词缀定义与阶级区间	minimum	balance	True	consumed	原始加成；数量词缀最终投影有int截断	已实现词缀定义、适用武器及各阶原值区间	保留当前JSON类型；数值有限；运行时C.number边界abs(value)<9e15；相关跨字段约束必须导入和启动均检查；仅已有实现ID/武器；阶1..5；min≤max，量化网格非空	"[""space-battleship/scripts/drone_rewards.gd:15"",""space-battleship/scripts/drone_rewards.gd:16"",""space-battleship/scripts/drone_rewards.gd:18"",""space-battleship/scripts/drone_rewards.gd:20"",""space-battleship/scripts/drone_rewards.gd:39"",""space-battleship/scripts/drone_rewards.gd:40"",""space-battleship/scripts/drone_rewards.gd:41"",""space-battleship/scripts/drone_forge.gd:11"",""space-battleship/scripts/drone_forge.gd:12"",""space-battleship/scripts/drone_forge.gd:15"",""space-battleship/scripts/drone_forge.gd:16"",""space-battleship/scripts/drone_forge.gd:56"",""space-battleship/scripts/drone_forge.gd:57"",""space-battleship/scripts/drone_forge.gd:61"",""space-battleship/scripts/drone_forge.gd:64"",""space-battleship/scripts/drone_forge.gd:69"",""space-battleship/scripts/drone_forge.gd:71"",""space-battleship/scripts/drone_forge.gd:77"",""space-battleship/scripts/drone_forge.gd:79"",""space-battleship/scripts/drone_forge.gd:84"",""space-battleship/scripts/drone_forge.gd:89"",""space-battleship/scripts/drone_forge.gd:91"",""space-battleship/scripts/drone_forge.gd:96"",""space-battleship/scripts/drone_forge.gd:134"",""space-battleship/scripts/drone_forge.gd:160"",""space-battleship/scripts/drone_inventory.gd:6"",""space-battleship/scripts/drone_inventory.gd:38"",""space-battleship/scripts/drone_inventory.gd:40"",""space-battleship/scripts/drone_inventory.gd:41"",""space-battleship/scripts/drone_inventory.gd:66"",""space-battleship/scripts/drone_effect_aggregator.gd:5"",""space-battleship/scripts/drone_effect_aggregator.gd:7"",""space-battleship/scripts/drone_effect_aggregator.gd:15"",""space-battleship/scripts/drone_effect_aggregator.gd:16"",""space-battleship/scripts/drone_effect_aggregator.gd:18"",""space-battleship/scripts/drone_effect_aggregator.gd:32""]"
space-battleship/data/hyperspace_config.json	/affixes/repeat_chance/ranges/5/1	float	0.02	"{""sheet"":""hyperspace_config"",""row"":295,""value_column"":""C"",""type_column"":""B""}"	词缀定义与阶级区间	maximum	balance	True	consumed	原始加成；数量词缀最终投影有int截断	已实现词缀定义、适用武器及各阶原值区间	保留当前JSON类型；数值有限；运行时C.number边界abs(value)<9e15；相关跨字段约束必须导入和启动均检查；仅已有实现ID/武器；阶1..5；min≤max，量化网格非空	"[""space-battleship/scripts/drone_rewards.gd:15"",""space-battleship/scripts/drone_rewards.gd:16"",""space-battleship/scripts/drone_rewards.gd:18"",""space-battleship/scripts/drone_rewards.gd:20"",""space-battleship/scripts/drone_rewards.gd:39"",""space-battleship/scripts/drone_rewards.gd:40"",""space-battleship/scripts/drone_rewards.gd:41"",""space-battleship/scripts/drone_forge.gd:11"",""space-battleship/scripts/drone_forge.gd:12"",""space-battleship/scripts/drone_forge.gd:15"",""space-battleship/scripts/drone_forge.gd:16"",""space-battleship/scripts/drone_forge.gd:56"",""space-battleship/scripts/drone_forge.gd:57"",""space-battleship/scripts/drone_forge.gd:61"",""space-battleship/scripts/drone_forge.gd:64"",""space-battleship/scripts/drone_forge.gd:69"",""space-battleship/scripts/drone_forge.gd:71"",""space-battleship/scripts/drone_forge.gd:77"",""space-battleship/scripts/drone_forge.gd:79"",""space-battleship/scripts/drone_forge.gd:84"",""space-battleship/scripts/drone_forge.gd:89"",""space-battleship/scripts/drone_forge.gd:91"",""space-battleship/scripts/drone_forge.gd:96"",""space-battleship/scripts/drone_forge.gd:134"",""space-battleship/scripts/drone_forge.gd:160"",""space-battleship/scripts/drone_inventory.gd:6"",""space-battleship/scripts/drone_inventory.gd:38"",""space-battleship/scripts/drone_inventory.gd:40"",""space-battleship/scripts/drone_inventory.gd:41"",""space-battleship/scripts/drone_inventory.gd:66"",""space-battleship/scripts/drone_effect_aggregator.gd:5"",""space-battleship/scripts/drone_effect_aggregator.gd:7"",""space-battleship/scripts/drone_effect_aggregator.gd:15"",""space-battleship/scripts/drone_effect_aggregator.gd:16"",""space-battleship/scripts/drone_effect_aggregator.gd:18"",""space-battleship/scripts/drone_effect_aggregator.gd:32""]"
space-battleship/data/hyperspace_config.json	/affixes/repeat_chance/amplified	bool	false	"{""sheet"":""hyperspace_config"",""row"":296,""value_column"":""C"",""type_column"":""B""}"	词缀定义与阶级区间	amplified	balance	True	consumed	bool	已实现词缀定义、适用武器及各阶原值区间	保留当前JSON类型；数值有限；运行时C.number边界abs(value)<9e15；相关跨字段约束必须导入和启动均检查；仅已有实现ID/武器；阶1..5；min≤max，量化网格非空	"[""space-battleship/scripts/drone_rewards.gd:15"",""space-battleship/scripts/drone_rewards.gd:16"",""space-battleship/scripts/drone_rewards.gd:18"",""space-battleship/scripts/drone_rewards.gd:20"",""space-battleship/scripts/drone_rewards.gd:39"",""space-battleship/scripts/drone_rewards.gd:40"",""space-battleship/scripts/drone_rewards.gd:41"",""space-battleship/scripts/drone_forge.gd:11"",""space-battleship/scripts/drone_forge.gd:12"",""space-battleship/scripts/drone_forge.gd:15"",""space-battleship/scripts/drone_forge.gd:16"",""space-battleship/scripts/drone_forge.gd:56"",""space-battleship/scripts/drone_forge.gd:57"",""space-battleship/scripts/drone_forge.gd:61"",""space-battleship/scripts/drone_forge.gd:64"",""space-battleship/scripts/drone_forge.gd:69"",""space-battleship/scripts/drone_forge.gd:71"",""space-battleship/scripts/drone_forge.gd:77"",""space-battleship/scripts/drone_forge.gd:79"",""space-battleship/scripts/drone_forge.gd:84"",""space-battleship/scripts/drone_forge.gd:89"",""space-battleship/scripts/drone_forge.gd:91"",""space-battleship/scripts/drone_forge.gd:96"",""space-battleship/scripts/drone_forge.gd:134"",""space-battleship/scripts/drone_forge.gd:160"",""space-battleship/scripts/drone_inventory.gd:6"",""space-battleship/scripts/drone_inventory.gd:38"",""space-battleship/scripts/drone_inventory.gd:40"",""space-battleship/scripts/drone_inventory.gd:41"",""space-battleship/scripts/drone_inventory.gd:66"",""space-battleship/scripts/drone_effect_aggregator.gd:5"",""space-battleship/scripts/drone_effect_aggregator.gd:7"",""space-battleship/scripts/drone_effect_aggregator.gd:15"",""space-battleship/scripts/drone_effect_aggregator.gd:16"",""space-battleship/scripts/drone_effect_aggregator.gd:18"",""space-battleship/scripts/drone_effect_aggregator.gd:32""]"
space-battleship/data/hyperspace_config.json	/affixes/repeat_chance/weapon	string		"{""sheet"":""hyperspace_config"",""row"":297,""value_column"":""C"",""type_column"":""B""}"	词缀定义与阶级区间	weapon	balance	True	consumed	武器ID	已实现词缀定义、适用武器及各阶原值区间	保留当前JSON类型；数值有限；运行时C.number边界abs(value)<9e15；相关跨字段约束必须导入和启动均检查；仅已有实现ID/武器；阶1..5；min≤max，量化网格非空	"[""space-battleship/scripts/drone_rewards.gd:15"",""space-battleship/scripts/drone_rewards.gd:16"",""space-battleship/scripts/drone_rewards.gd:18"",""space-battleship/scripts/drone_rewards.gd:20"",""space-battleship/scripts/drone_rewards.gd:39"",""space-battleship/scripts/drone_rewards.gd:40"",""space-battleship/scripts/drone_rewards.gd:41"",""space-battleship/scripts/drone_forge.gd:11"",""space-battleship/scripts/drone_forge.gd:12"",""space-battleship/scripts/drone_forge.gd:15"",""space-battleship/scripts/drone_forge.gd:16"",""space-battleship/scripts/drone_forge.gd:56"",""space-battleship/scripts/drone_forge.gd:57"",""space-battleship/scripts/drone_forge.gd:61"",""space-battleship/scripts/drone_forge.gd:64"",""space-battleship/scripts/drone_forge.gd:69"",""space-battleship/scripts/drone_forge.gd:71"",""space-battleship/scripts/drone_forge.gd:77"",""space-battleship/scripts/drone_forge.gd:79"",""space-battleship/scripts/drone_forge.gd:84"",""space-battleship/scripts/drone_forge.gd:89"",""space-battleship/scripts/drone_forge.gd:91"",""space-battleship/scripts/drone_forge.gd:96"",""space-battleship/scripts/drone_forge.gd:134"",""space-battleship/scripts/drone_forge.gd:160"",""space-battleship/scripts/drone_inventory.gd:6"",""space-battleship/scripts/drone_inventory.gd:38"",""space-battleship/scripts/drone_inventory.gd:40"",""space-battleship/scripts/drone_inventory.gd:41"",""space-battleship/scripts/drone_inventory.gd:66"",""space-battleship/scripts/drone_effect_aggregator.gd:5"",""space-battleship/scripts/drone_effect_aggregator.gd:7"",""space-battleship/scripts/drone_effect_aggregator.gd:15"",""space-battleship/scripts/drone_effect_aggregator.gd:16"",""space-battleship/scripts/drone_effect_aggregator.gd:18"",""space-battleship/scripts/drone_effect_aggregator.gd:32""]"
space-battleship/data/hyperspace_config.json	/affixes/attack_speed/ranges/1/0	float	0.13	"{""sheet"":""hyperspace_config"",""row"":301,""value_column"":""C"",""type_column"":""B""}"	词缀定义与阶级区间	minimum	balance	True	consumed	原始加成；数量词缀最终投影有int截断	已实现词缀定义、适用武器及各阶原值区间	保留当前JSON类型；数值有限；运行时C.number边界abs(value)<9e15；相关跨字段约束必须导入和启动均检查；仅已有实现ID/武器；阶1..5；min≤max，量化网格非空	"[""space-battleship/scripts/drone_rewards.gd:15"",""space-battleship/scripts/drone_rewards.gd:16"",""space-battleship/scripts/drone_rewards.gd:18"",""space-battleship/scripts/drone_rewards.gd:20"",""space-battleship/scripts/drone_rewards.gd:39"",""space-battleship/scripts/drone_rewards.gd:40"",""space-battleship/scripts/drone_rewards.gd:41"",""space-battleship/scripts/drone_forge.gd:11"",""space-battleship/scripts/drone_forge.gd:12"",""space-battleship/scripts/drone_forge.gd:15"",""space-battleship/scripts/drone_forge.gd:16"",""space-battleship/scripts/drone_forge.gd:56"",""space-battleship/scripts/drone_forge.gd:57"",""space-battleship/scripts/drone_forge.gd:61"",""space-battleship/scripts/drone_forge.gd:64"",""space-battleship/scripts/drone_forge.gd:69"",""space-battleship/scripts/drone_forge.gd:71"",""space-battleship/scripts/drone_forge.gd:77"",""space-battleship/scripts/drone_forge.gd:79"",""space-battleship/scripts/drone_forge.gd:84"",""space-battleship/scripts/drone_forge.gd:89"",""space-battleship/scripts/drone_forge.gd:91"",""space-battleship/scripts/drone_forge.gd:96"",""space-battleship/scripts/drone_forge.gd:134"",""space-battleship/scripts/drone_forge.gd:160"",""space-battleship/scripts/drone_inventory.gd:6"",""space-battleship/scripts/drone_inventory.gd:38"",""space-battleship/scripts/drone_inventory.gd:40"",""space-battleship/scripts/drone_inventory.gd:41"",""space-battleship/scripts/drone_inventory.gd:66"",""space-battleship/scripts/drone_effect_aggregator.gd:5"",""space-battleship/scripts/drone_effect_aggregator.gd:7"",""space-battleship/scripts/drone_effect_aggregator.gd:15"",""space-battleship/scripts/drone_effect_aggregator.gd:16"",""space-battleship/scripts/drone_effect_aggregator.gd:18"",""space-battleship/scripts/drone_effect_aggregator.gd:32""]"
space-battleship/data/hyperspace_config.json	/affixes/attack_speed/ranges/1/1	float	0.15	"{""sheet"":""hyperspace_config"",""row"":302,""value_column"":""C"",""type_column"":""B""}"	词缀定义与阶级区间	maximum	balance	True	consumed	原始加成；数量词缀最终投影有int截断	已实现词缀定义、适用武器及各阶原值区间	保留当前JSON类型；数值有限；运行时C.number边界abs(value)<9e15；相关跨字段约束必须导入和启动均检查；仅已有实现ID/武器；阶1..5；min≤max，量化网格非空	"[""space-battleship/scripts/drone_rewards.gd:15"",""space-battleship/scripts/drone_rewards.gd:16"",""space-battleship/scripts/drone_rewards.gd:18"",""space-battleship/scripts/drone_rewards.gd:20"",""space-battleship/scripts/drone_rewards.gd:39"",""space-battleship/scripts/drone_rewards.gd:40"",""space-battleship/scripts/drone_rewards.gd:41"",""space-battleship/scripts/drone_forge.gd:11"",""space-battleship/scripts/drone_forge.gd:12"",""space-battleship/scripts/drone_forge.gd:15"",""space-battleship/scripts/drone_forge.gd:16"",""space-battleship/scripts/drone_forge.gd:56"",""space-battleship/scripts/drone_forge.gd:57"",""space-battleship/scripts/drone_forge.gd:61"",""space-battleship/scripts/drone_forge.gd:64"",""space-battleship/scripts/drone_forge.gd:69"",""space-battleship/scripts/drone_forge.gd:71"",""space-battleship/scripts/drone_forge.gd:77"",""space-battleship/scripts/drone_forge.gd:79"",""space-battleship/scripts/drone_forge.gd:84"",""space-battleship/scripts/drone_forge.gd:89"",""space-battleship/scripts/drone_forge.gd:91"",""space-battleship/scripts/drone_forge.gd:96"",""space-battleship/scripts/drone_forge.gd:134"",""space-battleship/scripts/drone_forge.gd:160"",""space-battleship/scripts/drone_inventory.gd:6"",""space-battleship/scripts/drone_inventory.gd:38"",""space-battleship/scripts/drone_inventory.gd:40"",""space-battleship/scripts/drone_inventory.gd:41"",""space-battleship/scripts/drone_inventory.gd:66"",""space-battleship/scripts/drone_effect_aggregator.gd:5"",""space-battleship/scripts/drone_effect_aggregator.gd:7"",""space-battleship/scripts/drone_effect_aggregator.gd:15"",""space-battleship/scripts/drone_effect_aggregator.gd:16"",""space-battleship/scripts/drone_effect_aggregator.gd:18"",""space-battleship/scripts/drone_effect_aggregator.gd:32""]"
space-battleship/data/hyperspace_config.json	/affixes/attack_speed/ranges/2/0	float	0.1	"{""sheet"":""hyperspace_config"",""row"":304,""value_column"":""C"",""type_column"":""B""}"	词缀定义与阶级区间	minimum	balance	True	consumed	原始加成；数量词缀最终投影有int截断	已实现词缀定义、适用武器及各阶原值区间	保留当前JSON类型；数值有限；运行时C.number边界abs(value)<9e15；相关跨字段约束必须导入和启动均检查；仅已有实现ID/武器；阶1..5；min≤max，量化网格非空	"[""space-battleship/scripts/drone_rewards.gd:15"",""space-battleship/scripts/drone_rewards.gd:16"",""space-battleship/scripts/drone_rewards.gd:18"",""space-battleship/scripts/drone_rewards.gd:20"",""space-battleship/scripts/drone_rewards.gd:39"",""space-battleship/scripts/drone_rewards.gd:40"",""space-battleship/scripts/drone_rewards.gd:41"",""space-battleship/scripts/drone_forge.gd:11"",""space-battleship/scripts/drone_forge.gd:12"",""space-battleship/scripts/drone_forge.gd:15"",""space-battleship/scripts/drone_forge.gd:16"",""space-battleship/scripts/drone_forge.gd:56"",""space-battleship/scripts/drone_forge.gd:57"",""space-battleship/scripts/drone_forge.gd:61"",""space-battleship/scripts/drone_forge.gd:64"",""space-battleship/scripts/drone_forge.gd:69"",""space-battleship/scripts/drone_forge.gd:71"",""space-battleship/scripts/drone_forge.gd:77"",""space-battleship/scripts/drone_forge.gd:79"",""space-battleship/scripts/drone_forge.gd:84"",""space-battleship/scripts/drone_forge.gd:89"",""space-battleship/scripts/drone_forge.gd:91"",""space-battleship/scripts/drone_forge.gd:96"",""space-battleship/scripts/drone_forge.gd:134"",""space-battleship/scripts/drone_forge.gd:160"",""space-battleship/scripts/drone_inventory.gd:6"",""space-battleship/scripts/drone_inventory.gd:38"",""space-battleship/scripts/drone_inventory.gd:40"",""space-battleship/scripts/drone_inventory.gd:41"",""space-battleship/scripts/drone_inventory.gd:66"",""space-battleship/scripts/drone_effect_aggregator.gd:5"",""space-battleship/scripts/drone_effect_aggregator.gd:7"",""space-battleship/scripts/drone_effect_aggregator.gd:15"",""space-battleship/scripts/drone_effect_aggregator.gd:16"",""space-battleship/scripts/drone_effect_aggregator.gd:18"",""space-battleship/scripts/drone_effect_aggregator.gd:32""]"
space-battleship/data/hyperspace_config.json	/affixes/attack_speed/ranges/2/1	float	0.12	"{""sheet"":""hyperspace_config"",""row"":305,""value_column"":""C"",""type_column"":""B""}"	词缀定义与阶级区间	maximum	balance	True	consumed	原始加成；数量词缀最终投影有int截断	已实现词缀定义、适用武器及各阶原值区间	保留当前JSON类型；数值有限；运行时C.number边界abs(value)<9e15；相关跨字段约束必须导入和启动均检查；仅已有实现ID/武器；阶1..5；min≤max，量化网格非空	"[""space-battleship/scripts/drone_rewards.gd:15"",""space-battleship/scripts/drone_rewards.gd:16"",""space-battleship/scripts/drone_rewards.gd:18"",""space-battleship/scripts/drone_rewards.gd:20"",""space-battleship/scripts/drone_rewards.gd:39"",""space-battleship/scripts/drone_rewards.gd:40"",""space-battleship/scripts/drone_rewards.gd:41"",""space-battleship/scripts/drone_forge.gd:11"",""space-battleship/scripts/drone_forge.gd:12"",""space-battleship/scripts/drone_forge.gd:15"",""space-battleship/scripts/drone_forge.gd:16"",""space-battleship/scripts/drone_forge.gd:56"",""space-battleship/scripts/drone_forge.gd:57"",""space-battleship/scripts/drone_forge.gd:61"",""space-battleship/scripts/drone_forge.gd:64"",""space-battleship/scripts/drone_forge.gd:69"",""space-battleship/scripts/drone_forge.gd:71"",""space-battleship/scripts/drone_forge.gd:77"",""space-battleship/scripts/drone_forge.gd:79"",""space-battleship/scripts/drone_forge.gd:84"",""space-battleship/scripts/drone_forge.gd:89"",""space-battleship/scripts/drone_forge.gd:91"",""space-battleship/scripts/drone_forge.gd:96"",""space-battleship/scripts/drone_forge.gd:134"",""space-battleship/scripts/drone_forge.gd:160"",""space-battleship/scripts/drone_inventory.gd:6"",""space-battleship/scripts/drone_inventory.gd:38"",""space-battleship/scripts/drone_inventory.gd:40"",""space-battleship/scripts/drone_inventory.gd:41"",""space-battleship/scripts/drone_inventory.gd:66"",""space-battleship/scripts/drone_effect_aggregator.gd:5"",""space-battleship/scripts/drone_effect_aggregator.gd:7"",""space-battleship/scripts/drone_effect_aggregator.gd:15"",""space-battleship/scripts/drone_effect_aggregator.gd:16"",""space-battleship/scripts/drone_effect_aggregator.gd:18"",""space-battleship/scripts/drone_effect_aggregator.gd:32""]"
space-battleship/data/hyperspace_config.json	/affixes/attack_speed/ranges/3/0	float	0.06	"{""sheet"":""hyperspace_config"",""row"":307,""value_column"":""C"",""type_column"":""B""}"	词缀定义与阶级区间	minimum	balance	True	consumed	原始加成；数量词缀最终投影有int截断	已实现词缀定义、适用武器及各阶原值区间	保留当前JSON类型；数值有限；运行时C.number边界abs(value)<9e15；相关跨字段约束必须导入和启动均检查；仅已有实现ID/武器；阶1..5；min≤max，量化网格非空	"[""space-battleship/scripts/drone_rewards.gd:15"",""space-battleship/scripts/drone_rewards.gd:16"",""space-battleship/scripts/drone_rewards.gd:18"",""space-battleship/scripts/drone_rewards.gd:20"",""space-battleship/scripts/drone_rewards.gd:39"",""space-battleship/scripts/drone_rewards.gd:40"",""space-battleship/scripts/drone_rewards.gd:41"",""space-battleship/scripts/drone_forge.gd:11"",""space-battleship/scripts/drone_forge.gd:12"",""space-battleship/scripts/drone_forge.gd:15"",""space-battleship/scripts/drone_forge.gd:16"",""space-battleship/scripts/drone_forge.gd:56"",""space-battleship/scripts/drone_forge.gd:57"",""space-battleship/scripts/drone_forge.gd:61"",""space-battleship/scripts/drone_forge.gd:64"",""space-battleship/scripts/drone_forge.gd:69"",""space-battleship/scripts/drone_forge.gd:71"",""space-battleship/scripts/drone_forge.gd:77"",""space-battleship/scripts/drone_forge.gd:79"",""space-battleship/scripts/drone_forge.gd:84"",""space-battleship/scripts/drone_forge.gd:89"",""space-battleship/scripts/drone_forge.gd:91"",""space-battleship/scripts/drone_forge.gd:96"",""space-battleship/scripts/drone_forge.gd:134"",""space-battleship/scripts/drone_forge.gd:160"",""space-battleship/scripts/drone_inventory.gd:6"",""space-battleship/scripts/drone_inventory.gd:38"",""space-battleship/scripts/drone_inventory.gd:40"",""space-battleship/scripts/drone_inventory.gd:41"",""space-battleship/scripts/drone_inventory.gd:66"",""space-battleship/scripts/drone_effect_aggregator.gd:5"",""space-battleship/scripts/drone_effect_aggregator.gd:7"",""space-battleship/scripts/drone_effect_aggregator.gd:15"",""space-battleship/scripts/drone_effect_aggregator.gd:16"",""space-battleship/scripts/drone_effect_aggregator.gd:18"",""space-battleship/scripts/drone_effect_aggregator.gd:32""]"
space-battleship/data/hyperspace_config.json	/affixes/attack_speed/ranges/3/1	float	0.08	"{""sheet"":""hyperspace_config"",""row"":308,""value_column"":""C"",""type_column"":""B""}"	词缀定义与阶级区间	maximum	balance	True	consumed	原始加成；数量词缀最终投影有int截断	已实现词缀定义、适用武器及各阶原值区间	保留当前JSON类型；数值有限；运行时C.number边界abs(value)<9e15；相关跨字段约束必须导入和启动均检查；仅已有实现ID/武器；阶1..5；min≤max，量化网格非空	"[""space-battleship/scripts/drone_rewards.gd:15"",""space-battleship/scripts/drone_rewards.gd:16"",""space-battleship/scripts/drone_rewards.gd:18"",""space-battleship/scripts/drone_rewards.gd:20"",""space-battleship/scripts/drone_rewards.gd:39"",""space-battleship/scripts/drone_rewards.gd:40"",""space-battleship/scripts/drone_rewards.gd:41"",""space-battleship/scripts/drone_forge.gd:11"",""space-battleship/scripts/drone_forge.gd:12"",""space-battleship/scripts/drone_forge.gd:15"",""space-battleship/scripts/drone_forge.gd:16"",""space-battleship/scripts/drone_forge.gd:56"",""space-battleship/scripts/drone_forge.gd:57"",""space-battleship/scripts/drone_forge.gd:61"",""space-battleship/scripts/drone_forge.gd:64"",""space-battleship/scripts/drone_forge.gd:69"",""space-battleship/scripts/drone_forge.gd:71"",""space-battleship/scripts/drone_forge.gd:77"",""space-battleship/scripts/drone_forge.gd:79"",""space-battleship/scripts/drone_forge.gd:84"",""space-battleship/scripts/drone_forge.gd:89"",""space-battleship/scripts/drone_forge.gd:91"",""space-battleship/scripts/drone_forge.gd:96"",""space-battleship/scripts/drone_forge.gd:134"",""space-battleship/scripts/drone_forge.gd:160"",""space-battleship/scripts/drone_inventory.gd:6"",""space-battleship/scripts/drone_inventory.gd:38"",""space-battleship/scripts/drone_inventory.gd:40"",""space-battleship/scripts/drone_inventory.gd:41"",""space-battleship/scripts/drone_inventory.gd:66"",""space-battleship/scripts/drone_effect_aggregator.gd:5"",""space-battleship/scripts/drone_effect_aggregator.gd:7"",""space-battleship/scripts/drone_effect_aggregator.gd:15"",""space-battleship/scripts/drone_effect_aggregator.gd:16"",""space-battleship/scripts/drone_effect_aggregator.gd:18"",""space-battleship/scripts/drone_effect_aggregator.gd:32""]"
space-battleship/data/hyperspace_config.json	/affixes/attack_speed/ranges/4/0	float	0.03	"{""sheet"":""hyperspace_config"",""row"":310,""value_column"":""C"",""type_column"":""B""}"	词缀定义与阶级区间	minimum	balance	True	consumed	原始加成；数量词缀最终投影有int截断	已实现词缀定义、适用武器及各阶原值区间	保留当前JSON类型；数值有限；运行时C.number边界abs(value)<9e15；相关跨字段约束必须导入和启动均检查；仅已有实现ID/武器；阶1..5；min≤max，量化网格非空	"[""space-battleship/scripts/drone_rewards.gd:15"",""space-battleship/scripts/drone_rewards.gd:16"",""space-battleship/scripts/drone_rewards.gd:18"",""space-battleship/scripts/drone_rewards.gd:20"",""space-battleship/scripts/drone_rewards.gd:39"",""space-battleship/scripts/drone_rewards.gd:40"",""space-battleship/scripts/drone_rewards.gd:41"",""space-battleship/scripts/drone_forge.gd:11"",""space-battleship/scripts/drone_forge.gd:12"",""space-battleship/scripts/drone_forge.gd:15"",""space-battleship/scripts/drone_forge.gd:16"",""space-battleship/scripts/drone_forge.gd:56"",""space-battleship/scripts/drone_forge.gd:57"",""space-battleship/scripts/drone_forge.gd:61"",""space-battleship/scripts/drone_forge.gd:64"",""space-battleship/scripts/drone_forge.gd:69"",""space-battleship/scripts/drone_forge.gd:71"",""space-battleship/scripts/drone_forge.gd:77"",""space-battleship/scripts/drone_forge.gd:79"",""space-battleship/scripts/drone_forge.gd:84"",""space-battleship/scripts/drone_forge.gd:89"",""space-battleship/scripts/drone_forge.gd:91"",""space-battleship/scripts/drone_forge.gd:96"",""space-battleship/scripts/drone_forge.gd:134"",""space-battleship/scripts/drone_forge.gd:160"",""space-battleship/scripts/drone_inventory.gd:6"",""space-battleship/scripts/drone_inventory.gd:38"",""space-battleship/scripts/drone_inventory.gd:40"",""space-battleship/scripts/drone_inventory.gd:41"",""space-battleship/scripts/drone_inventory.gd:66"",""space-battleship/scripts/drone_effect_aggregator.gd:5"",""space-battleship/scripts/drone_effect_aggregator.gd:7"",""space-battleship/scripts/drone_effect_aggregator.gd:15"",""space-battleship/scripts/drone_effect_aggregator.gd:16"",""space-battleship/scripts/drone_effect_aggregator.gd:18"",""space-battleship/scripts/drone_effect_aggregator.gd:32""]"
space-battleship/data/hyperspace_config.json	/affixes/attack_speed/ranges/4/1	float	0.04	"{""sheet"":""hyperspace_config"",""row"":311,""value_column"":""C"",""type_column"":""B""}"	词缀定义与阶级区间	maximum	balance	True	consumed	原始加成；数量词缀最终投影有int截断	已实现词缀定义、适用武器及各阶原值区间	保留当前JSON类型；数值有限；运行时C.number边界abs(value)<9e15；相关跨字段约束必须导入和启动均检查；仅已有实现ID/武器；阶1..5；min≤max，量化网格非空	"[""space-battleship/scripts/drone_rewards.gd:15"",""space-battleship/scripts/drone_rewards.gd:16"",""space-battleship/scripts/drone_rewards.gd:18"",""space-battleship/scripts/drone_rewards.gd:20"",""space-battleship/scripts/drone_rewards.gd:39"",""space-battleship/scripts/drone_rewards.gd:40"",""space-battleship/scripts/drone_rewards.gd:41"",""space-battleship/scripts/drone_forge.gd:11"",""space-battleship/scripts/drone_forge.gd:12"",""space-battleship/scripts/drone_forge.gd:15"",""space-battleship/scripts/drone_forge.gd:16"",""space-battleship/scripts/drone_forge.gd:56"",""space-battleship/scripts/drone_forge.gd:57"",""space-battleship/scripts/drone_forge.gd:61"",""space-battleship/scripts/drone_forge.gd:64"",""space-battleship/scripts/drone_forge.gd:69"",""space-battleship/scripts/drone_forge.gd:71"",""space-battleship/scripts/drone_forge.gd:77"",""space-battleship/scripts/drone_forge.gd:79"",""space-battleship/scripts/drone_forge.gd:84"",""space-battleship/scripts/drone_forge.gd:89"",""space-battleship/scripts/drone_forge.gd:91"",""space-battleship/scripts/drone_forge.gd:96"",""space-battleship/scripts/drone_forge.gd:134"",""space-battleship/scripts/drone_forge.gd:160"",""space-battleship/scripts/drone_inventory.gd:6"",""space-battleship/scripts/drone_inventory.gd:38"",""space-battleship/scripts/drone_inventory.gd:40"",""space-battleship/scripts/drone_inventory.gd:41"",""space-battleship/scripts/drone_inventory.gd:66"",""space-battleship/scripts/drone_effect_aggregator.gd:5"",""space-battleship/scripts/drone_effect_aggregator.gd:7"",""space-battleship/scripts/drone_effect_aggregator.gd:15"",""space-battleship/scripts/drone_effect_aggregator.gd:16"",""space-battleship/scripts/drone_effect_aggregator.gd:18"",""space-battleship/scripts/drone_effect_aggregator.gd:32""]"
space-battleship/data/hyperspace_config.json	/affixes/attack_speed/ranges/5/0	float	0.01	"{""sheet"":""hyperspace_config"",""row"":313,""value_column"":""C"",""type_column"":""B""}"	词缀定义与阶级区间	minimum	balance	True	consumed	原始加成；数量词缀最终投影有int截断	已实现词缀定义、适用武器及各阶原值区间	保留当前JSON类型；数值有限；运行时C.number边界abs(value)<9e15；相关跨字段约束必须导入和启动均检查；仅已有实现ID/武器；阶1..5；min≤max，量化网格非空	"[""space-battleship/scripts/drone_rewards.gd:15"",""space-battleship/scripts/drone_rewards.gd:16"",""space-battleship/scripts/drone_rewards.gd:18"",""space-battleship/scripts/drone_rewards.gd:20"",""space-battleship/scripts/drone_rewards.gd:39"",""space-battleship/scripts/drone_rewards.gd:40"",""space-battleship/scripts/drone_rewards.gd:41"",""space-battleship/scripts/drone_forge.gd:11"",""space-battleship/scripts/drone_forge.gd:12"",""space-battleship/scripts/drone_forge.gd:15"",""space-battleship/scripts/drone_forge.gd:16"",""space-battleship/scripts/drone_forge.gd:56"",""space-battleship/scripts/drone_forge.gd:57"",""space-battleship/scripts/drone_forge.gd:61"",""space-battleship/scripts/drone_forge.gd:64"",""space-battleship/scripts/drone_forge.gd:69"",""space-battleship/scripts/drone_forge.gd:71"",""space-battleship/scripts/drone_forge.gd:77"",""space-battleship/scripts/drone_forge.gd:79"",""space-battleship/scripts/drone_forge.gd:84"",""space-battleship/scripts/drone_forge.gd:89"",""space-battleship/scripts/drone_forge.gd:91"",""space-battleship/scripts/drone_forge.gd:96"",""space-battleship/scripts/drone_forge.gd:134"",""space-battleship/scripts/drone_forge.gd:160"",""space-battleship/scripts/drone_inventory.gd:6"",""space-battleship/scripts/drone_inventory.gd:38"",""space-battleship/scripts/drone_inventory.gd:40"",""space-battleship/scripts/drone_inventory.gd:41"",""space-battleship/scripts/drone_inventory.gd:66"",""space-battleship/scripts/drone_effect_aggregator.gd:5"",""space-battleship/scripts/drone_effect_aggregator.gd:7"",""space-battleship/scripts/drone_effect_aggregator.gd:15"",""space-battleship/scripts/drone_effect_aggregator.gd:16"",""space-battleship/scripts/drone_effect_aggregator.gd:18"",""space-battleship/scripts/drone_effect_aggregator.gd:32""]"
space-battleship/data/hyperspace_config.json	/affixes/attack_speed/ranges/5/1	float	0.02	"{""sheet"":""hyperspace_config"",""row"":314,""value_column"":""C"",""type_column"":""B""}"	词缀定义与阶级区间	maximum	balance	True	consumed	原始加成；数量词缀最终投影有int截断	已实现词缀定义、适用武器及各阶原值区间	保留当前JSON类型；数值有限；运行时C.number边界abs(value)<9e15；相关跨字段约束必须导入和启动均检查；仅已有实现ID/武器；阶1..5；min≤max，量化网格非空	"[""space-battleship/scripts/drone_rewards.gd:15"",""space-battleship/scripts/drone_rewards.gd:16"",""space-battleship/scripts/drone_rewards.gd:18"",""space-battleship/scripts/drone_rewards.gd:20"",""space-battleship/scripts/drone_rewards.gd:39"",""space-battleship/scripts/drone_rewards.gd:40"",""space-battleship/scripts/drone_rewards.gd:41"",""space-battleship/scripts/drone_forge.gd:11"",""space-battleship/scripts/drone_forge.gd:12"",""space-battleship/scripts/drone_forge.gd:15"",""space-battleship/scripts/drone_forge.gd:16"",""space-battleship/scripts/drone_forge.gd:56"",""space-battleship/scripts/drone_forge.gd:57"",""space-battleship/scripts/drone_forge.gd:61"",""space-battleship/scripts/drone_forge.gd:64"",""space-battleship/scripts/drone_forge.gd:69"",""space-battleship/scripts/drone_forge.gd:71"",""space-battleship/scripts/drone_forge.gd:77"",""space-battleship/scripts/drone_forge.gd:79"",""space-battleship/scripts/drone_forge.gd:84"",""space-battleship/scripts/drone_forge.gd:89"",""space-battleship/scripts/drone_forge.gd:91"",""space-battleship/scripts/drone_forge.gd:96"",""space-battleship/scripts/drone_forge.gd:134"",""space-battleship/scripts/drone_forge.gd:160"",""space-battleship/scripts/drone_inventory.gd:6"",""space-battleship/scripts/drone_inventory.gd:38"",""space-battleship/scripts/drone_inventory.gd:40"",""space-battleship/scripts/drone_inventory.gd:41"",""space-battleship/scripts/drone_inventory.gd:66"",""space-battleship/scripts/drone_effect_aggregator.gd:5"",""space-battleship/scripts/drone_effect_aggregator.gd:7"",""space-battleship/scripts/drone_effect_aggregator.gd:15"",""space-battleship/scripts/drone_effect_aggregator.gd:16"",""space-battleship/scripts/drone_effect_aggregator.gd:18"",""space-battleship/scripts/drone_effect_aggregator.gd:32""]"
space-battleship/data/hyperspace_config.json	/affixes/attack_speed/amplified	bool	false	"{""sheet"":""hyperspace_config"",""row"":315,""value_column"":""C"",""type_column"":""B""}"	词缀定义与阶级区间	amplified	balance	True	consumed	bool	已实现词缀定义、适用武器及各阶原值区间	保留当前JSON类型；数值有限；运行时C.number边界abs(value)<9e15；相关跨字段约束必须导入和启动均检查；仅已有实现ID/武器；阶1..5；min≤max，量化网格非空	"[""space-battleship/scripts/drone_rewards.gd:15"",""space-battleship/scripts/drone_rewards.gd:16"",""space-battleship/scripts/drone_rewards.gd:18"",""space-battleship/scripts/drone_rewards.gd:20"",""space-battleship/scripts/drone_rewards.gd:39"",""space-battleship/scripts/drone_rewards.gd:40"",""space-battleship/scripts/drone_rewards.gd:41"",""space-battleship/scripts/drone_forge.gd:11"",""space-battleship/scripts/drone_forge.gd:12"",""space-battleship/scripts/drone_forge.gd:15"",""space-battleship/scripts/drone_forge.gd:16"",""space-battleship/scripts/drone_forge.gd:56"",""space-battleship/scripts/drone_forge.gd:57"",""space-battleship/scripts/drone_forge.gd:61"",""space-battleship/scripts/drone_forge.gd:64"",""space-battleship/scripts/drone_forge.gd:69"",""space-battleship/scripts/drone_forge.gd:71"",""space-battleship/scripts/drone_forge.gd:77"",""space-battleship/scripts/drone_forge.gd:79"",""space-battleship/scripts/drone_forge.gd:84"",""space-battleship/scripts/drone_forge.gd:89"",""space-battleship/scripts/drone_forge.gd:91"",""space-battleship/scripts/drone_forge.gd:96"",""space-battleship/scripts/drone_forge.gd:134"",""space-battleship/scripts/drone_forge.gd:160"",""space-battleship/scripts/drone_inventory.gd:6"",""space-battleship/scripts/drone_inventory.gd:38"",""space-battleship/scripts/drone_inventory.gd:40"",""space-battleship/scripts/drone_inventory.gd:41"",""space-battleship/scripts/drone_inventory.gd:66"",""space-battleship/scripts/drone_effect_aggregator.gd:5"",""space-battleship/scripts/drone_effect_aggregator.gd:7"",""space-battleship/scripts/drone_effect_aggregator.gd:15"",""space-battleship/scripts/drone_effect_aggregator.gd:16"",""space-battleship/scripts/drone_effect_aggregator.gd:18"",""space-battleship/scripts/drone_effect_aggregator.gd:32""]"
space-battleship/data/hyperspace_config.json	/affixes/attack_speed/weapon	string		"{""sheet"":""hyperspace_config"",""row"":316,""value_column"":""C"",""type_column"":""B""}"	词缀定义与阶级区间	weapon	balance	True	consumed	武器ID	已实现词缀定义、适用武器及各阶原值区间	保留当前JSON类型；数值有限；运行时C.number边界abs(value)<9e15；相关跨字段约束必须导入和启动均检查；仅已有实现ID/武器；阶1..5；min≤max，量化网格非空	"[""space-battleship/scripts/drone_rewards.gd:15"",""space-battleship/scripts/drone_rewards.gd:16"",""space-battleship/scripts/drone_rewards.gd:18"",""space-battleship/scripts/drone_rewards.gd:20"",""space-battleship/scripts/drone_rewards.gd:39"",""space-battleship/scripts/drone_rewards.gd:40"",""space-battleship/scripts/drone_rewards.gd:41"",""space-battleship/scripts/drone_forge.gd:11"",""space-battleship/scripts/drone_forge.gd:12"",""space-battleship/scripts/drone_forge.gd:15"",""space-battleship/scripts/drone_forge.gd:16"",""space-battleship/scripts/drone_forge.gd:56"",""space-battleship/scripts/drone_forge.gd:57"",""space-battleship/scripts/drone_forge.gd:61"",""space-battleship/scripts/drone_forge.gd:64"",""space-battleship/scripts/drone_forge.gd:69"",""space-battleship/scripts/drone_forge.gd:71"",""space-battleship/scripts/drone_forge.gd:77"",""space-battleship/scripts/drone_forge.gd:79"",""space-battleship/scripts/drone_forge.gd:84"",""space-battleship/scripts/drone_forge.gd:89"",""space-battleship/scripts/drone_forge.gd:91"",""space-battleship/scripts/drone_forge.gd:96"",""space-battleship/scripts/drone_forge.gd:134"",""space-battleship/scripts/drone_forge.gd:160"",""space-battleship/scripts/drone_inventory.gd:6"",""space-battleship/scripts/drone_inventory.gd:38"",""space-battleship/scripts/drone_inventory.gd:40"",""space-battleship/scripts/drone_inventory.gd:41"",""space-battleship/scripts/drone_inventory.gd:66"",""space-battleship/scripts/drone_effect_aggregator.gd:5"",""space-battleship/scripts/drone_effect_aggregator.gd:7"",""space-battleship/scripts/drone_effect_aggregator.gd:15"",""space-battleship/scripts/drone_effect_aggregator.gd:16"",""space-battleship/scripts/drone_effect_aggregator.gd:18"",""space-battleship/scripts/drone_effect_aggregator.gd:32""]"
space-battleship/data/hyperspace_config.json	/affixes/chain_count/ranges/1/0	int	2	"{""sheet"":""hyperspace_config"",""row"":320,""value_column"":""C"",""type_column"":""B""}"	词缀定义与阶级区间	minimum	balance	True	consumed	原始加成；数量词缀最终投影有int截断	已实现词缀定义、适用武器及各阶原值区间	保留当前JSON类型；数值有限；运行时C.number边界abs(value)<9e15；相关跨字段约束必须导入和启动均检查；仅已有实现ID/武器；阶1..5；min≤max，量化网格非空	"[""space-battleship/scripts/drone_rewards.gd:15"",""space-battleship/scripts/drone_rewards.gd:16"",""space-battleship/scripts/drone_rewards.gd:18"",""space-battleship/scripts/drone_rewards.gd:20"",""space-battleship/scripts/drone_rewards.gd:39"",""space-battleship/scripts/drone_rewards.gd:40"",""space-battleship/scripts/drone_rewards.gd:41"",""space-battleship/scripts/drone_forge.gd:11"",""space-battleship/scripts/drone_forge.gd:12"",""space-battleship/scripts/drone_forge.gd:15"",""space-battleship/scripts/drone_forge.gd:16"",""space-battleship/scripts/drone_forge.gd:56"",""space-battleship/scripts/drone_forge.gd:57"",""space-battleship/scripts/drone_forge.gd:61"",""space-battleship/scripts/drone_forge.gd:64"",""space-battleship/scripts/drone_forge.gd:69"",""space-battleship/scripts/drone_forge.gd:71"",""space-battleship/scripts/drone_forge.gd:77"",""space-battleship/scripts/drone_forge.gd:79"",""space-battleship/scripts/drone_forge.gd:84"",""space-battleship/scripts/drone_forge.gd:89"",""space-battleship/scripts/drone_forge.gd:91"",""space-battleship/scripts/drone_forge.gd:96"",""space-battleship/scripts/drone_forge.gd:134"",""space-battleship/scripts/drone_forge.gd:160"",""space-battleship/scripts/drone_inventory.gd:6"",""space-battleship/scripts/drone_inventory.gd:38"",""space-battleship/scripts/drone_inventory.gd:40"",""space-battleship/scripts/drone_inventory.gd:41"",""space-battleship/scripts/drone_inventory.gd:66"",""space-battleship/scripts/drone_effect_aggregator.gd:5"",""space-battleship/scripts/drone_effect_aggregator.gd:7"",""space-battleship/scripts/drone_effect_aggregator.gd:15"",""space-battleship/scripts/drone_effect_aggregator.gd:16"",""space-battleship/scripts/drone_effect_aggregator.gd:18"",""space-battleship/scripts/drone_effect_aggregator.gd:32""]"
space-battleship/data/hyperspace_config.json	/affixes/chain_count/ranges/1/1	int	2	"{""sheet"":""hyperspace_config"",""row"":321,""value_column"":""C"",""type_column"":""B""}"	词缀定义与阶级区间	maximum	balance	True	consumed	原始加成；数量词缀最终投影有int截断	已实现词缀定义、适用武器及各阶原值区间	保留当前JSON类型；数值有限；运行时C.number边界abs(value)<9e15；相关跨字段约束必须导入和启动均检查；仅已有实现ID/武器；阶1..5；min≤max，量化网格非空	"[""space-battleship/scripts/drone_rewards.gd:15"",""space-battleship/scripts/drone_rewards.gd:16"",""space-battleship/scripts/drone_rewards.gd:18"",""space-battleship/scripts/drone_rewards.gd:20"",""space-battleship/scripts/drone_rewards.gd:39"",""space-battleship/scripts/drone_rewards.gd:40"",""space-battleship/scripts/drone_rewards.gd:41"",""space-battleship/scripts/drone_forge.gd:11"",""space-battleship/scripts/drone_forge.gd:12"",""space-battleship/scripts/drone_forge.gd:15"",""space-battleship/scripts/drone_forge.gd:16"",""space-battleship/scripts/drone_forge.gd:56"",""space-battleship/scripts/drone_forge.gd:57"",""space-battleship/scripts/drone_forge.gd:61"",""space-battleship/scripts/drone_forge.gd:64"",""space-battleship/scripts/drone_forge.gd:69"",""space-battleship/scripts/drone_forge.gd:71"",""space-battleship/scripts/drone_forge.gd:77"",""space-battleship/scripts/drone_forge.gd:79"",""space-battleship/scripts/drone_forge.gd:84"",""space-battleship/scripts/drone_forge.gd:89"",""space-battleship/scripts/drone_forge.gd:91"",""space-battleship/scripts/drone_forge.gd:96"",""space-battleship/scripts/drone_forge.gd:134"",""space-battleship/scripts/drone_forge.gd:160"",""space-battleship/scripts/drone_inventory.gd:6"",""space-battleship/scripts/drone_inventory.gd:38"",""space-battleship/scripts/drone_inventory.gd:40"",""space-battleship/scripts/drone_inventory.gd:41"",""space-battleship/scripts/drone_inventory.gd:66"",""space-battleship/scripts/drone_effect_aggregator.gd:5"",""space-battleship/scripts/drone_effect_aggregator.gd:7"",""space-battleship/scripts/drone_effect_aggregator.gd:15"",""space-battleship/scripts/drone_effect_aggregator.gd:16"",""space-battleship/scripts/drone_effect_aggregator.gd:18"",""space-battleship/scripts/drone_effect_aggregator.gd:32""]"
space-battleship/data/hyperspace_config.json	/affixes/chain_count/ranges/2/0	int	1	"{""sheet"":""hyperspace_config"",""row"":323,""value_column"":""C"",""type_column"":""B""}"	词缀定义与阶级区间	minimum	balance	True	consumed	原始加成；数量词缀最终投影有int截断	已实现词缀定义、适用武器及各阶原值区间	保留当前JSON类型；数值有限；运行时C.number边界abs(value)<9e15；相关跨字段约束必须导入和启动均检查；仅已有实现ID/武器；阶1..5；min≤max，量化网格非空	"[""space-battleship/scripts/drone_rewards.gd:15"",""space-battleship/scripts/drone_rewards.gd:16"",""space-battleship/scripts/drone_rewards.gd:18"",""space-battleship/scripts/drone_rewards.gd:20"",""space-battleship/scripts/drone_rewards.gd:39"",""space-battleship/scripts/drone_rewards.gd:40"",""space-battleship/scripts/drone_rewards.gd:41"",""space-battleship/scripts/drone_forge.gd:11"",""space-battleship/scripts/drone_forge.gd:12"",""space-battleship/scripts/drone_forge.gd:15"",""space-battleship/scripts/drone_forge.gd:16"",""space-battleship/scripts/drone_forge.gd:56"",""space-battleship/scripts/drone_forge.gd:57"",""space-battleship/scripts/drone_forge.gd:61"",""space-battleship/scripts/drone_forge.gd:64"",""space-battleship/scripts/drone_forge.gd:69"",""space-battleship/scripts/drone_forge.gd:71"",""space-battleship/scripts/drone_forge.gd:77"",""space-battleship/scripts/drone_forge.gd:79"",""space-battleship/scripts/drone_forge.gd:84"",""space-battleship/scripts/drone_forge.gd:89"",""space-battleship/scripts/drone_forge.gd:91"",""space-battleship/scripts/drone_forge.gd:96"",""space-battleship/scripts/drone_forge.gd:134"",""space-battleship/scripts/drone_forge.gd:160"",""space-battleship/scripts/drone_inventory.gd:6"",""space-battleship/scripts/drone_inventory.gd:38"",""space-battleship/scripts/drone_inventory.gd:40"",""space-battleship/scripts/drone_inventory.gd:41"",""space-battleship/scripts/drone_inventory.gd:66"",""space-battleship/scripts/drone_effect_aggregator.gd:5"",""space-battleship/scripts/drone_effect_aggregator.gd:7"",""space-battleship/scripts/drone_effect_aggregator.gd:15"",""space-battleship/scripts/drone_effect_aggregator.gd:16"",""space-battleship/scripts/drone_effect_aggregator.gd:18"",""space-battleship/scripts/drone_effect_aggregator.gd:32""]"
space-battleship/data/hyperspace_config.json	/affixes/chain_count/ranges/2/1	int	1	"{""sheet"":""hyperspace_config"",""row"":324,""value_column"":""C"",""type_column"":""B""}"	词缀定义与阶级区间	maximum	balance	True	consumed	原始加成；数量词缀最终投影有int截断	已实现词缀定义、适用武器及各阶原值区间	保留当前JSON类型；数值有限；运行时C.number边界abs(value)<9e15；相关跨字段约束必须导入和启动均检查；仅已有实现ID/武器；阶1..5；min≤max，量化网格非空	"[""space-battleship/scripts/drone_rewards.gd:15"",""space-battleship/scripts/drone_rewards.gd:16"",""space-battleship/scripts/drone_rewards.gd:18"",""space-battleship/scripts/drone_rewards.gd:20"",""space-battleship/scripts/drone_rewards.gd:39"",""space-battleship/scripts/drone_rewards.gd:40"",""space-battleship/scripts/drone_rewards.gd:41"",""space-battleship/scripts/drone_forge.gd:11"",""space-battleship/scripts/drone_forge.gd:12"",""space-battleship/scripts/drone_forge.gd:15"",""space-battleship/scripts/drone_forge.gd:16"",""space-battleship/scripts/drone_forge.gd:56"",""space-battleship/scripts/drone_forge.gd:57"",""space-battleship/scripts/drone_forge.gd:61"",""space-battleship/scripts/drone_forge.gd:64"",""space-battleship/scripts/drone_forge.gd:69"",""space-battleship/scripts/drone_forge.gd:71"",""space-battleship/scripts/drone_forge.gd:77"",""space-battleship/scripts/drone_forge.gd:79"",""space-battleship/scripts/drone_forge.gd:84"",""space-battleship/scripts/drone_forge.gd:89"",""space-battleship/scripts/drone_forge.gd:91"",""space-battleship/scripts/drone_forge.gd:96"",""space-battleship/scripts/drone_forge.gd:134"",""space-battleship/scripts/drone_forge.gd:160"",""space-battleship/scripts/drone_inventory.gd:6"",""space-battleship/scripts/drone_inventory.gd:38"",""space-battleship/scripts/drone_inventory.gd:40"",""space-battleship/scripts/drone_inventory.gd:41"",""space-battleship/scripts/drone_inventory.gd:66"",""space-battleship/scripts/drone_effect_aggregator.gd:5"",""space-battleship/scripts/drone_effect_aggregator.gd:7"",""space-battleship/scripts/drone_effect_aggregator.gd:15"",""space-battleship/scripts/drone_effect_aggregator.gd:16"",""space-battleship/scripts/drone_effect_aggregator.gd:18"",""space-battleship/scripts/drone_effect_aggregator.gd:32""]"
space-battleship/data/hyperspace_config.json	/affixes/chain_count/amplified	bool	false	"{""sheet"":""hyperspace_config"",""row"":325,""value_column"":""C"",""type_column"":""B""}"	词缀定义与阶级区间	amplified	balance	True	consumed	bool	已实现词缀定义、适用武器及各阶原值区间	保留当前JSON类型；数值有限；运行时C.number边界abs(value)<9e15；相关跨字段约束必须导入和启动均检查；仅已有实现ID/武器；阶1..5；min≤max，量化网格非空	"[""space-battleship/scripts/drone_rewards.gd:15"",""space-battleship/scripts/drone_rewards.gd:16"",""space-battleship/scripts/drone_rewards.gd:18"",""space-battleship/scripts/drone_rewards.gd:20"",""space-battleship/scripts/drone_rewards.gd:39"",""space-battleship/scripts/drone_rewards.gd:40"",""space-battleship/scripts/drone_rewards.gd:41"",""space-battleship/scripts/drone_forge.gd:11"",""space-battleship/scripts/drone_forge.gd:12"",""space-battleship/scripts/drone_forge.gd:15"",""space-battleship/scripts/drone_forge.gd:16"",""space-battleship/scripts/drone_forge.gd:56"",""space-battleship/scripts/drone_forge.gd:57"",""space-battleship/scripts/drone_forge.gd:61"",""space-battleship/scripts/drone_forge.gd:64"",""space-battleship/scripts/drone_forge.gd:69"",""space-battleship/scripts/drone_forge.gd:71"",""space-battleship/scripts/drone_forge.gd:77"",""space-battleship/scripts/drone_forge.gd:79"",""space-battleship/scripts/drone_forge.gd:84"",""space-battleship/scripts/drone_forge.gd:89"",""space-battleship/scripts/drone_forge.gd:91"",""space-battleship/scripts/drone_forge.gd:96"",""space-battleship/scripts/drone_forge.gd:134"",""space-battleship/scripts/drone_forge.gd:160"",""space-battleship/scripts/drone_inventory.gd:6"",""space-battleship/scripts/drone_inventory.gd:38"",""space-battleship/scripts/drone_inventory.gd:40"",""space-battleship/scripts/drone_inventory.gd:41"",""space-battleship/scripts/drone_inventory.gd:66"",""space-battleship/scripts/drone_effect_aggregator.gd:5"",""space-battleship/scripts/drone_effect_aggregator.gd:7"",""space-battleship/scripts/drone_effect_aggregator.gd:15"",""space-battleship/scripts/drone_effect_aggregator.gd:16"",""space-battleship/scripts/drone_effect_aggregator.gd:18"",""space-battleship/scripts/drone_effect_aggregator.gd:32""]"
space-battleship/data/hyperspace_config.json	/affixes/chain_count/weapon	string		"{""sheet"":""hyperspace_config"",""row"":326,""value_column"":""C"",""type_column"":""B""}"	词缀定义与阶级区间	weapon	balance	True	consumed	武器ID	已实现词缀定义、适用武器及各阶原值区间	保留当前JSON类型；数值有限；运行时C.number边界abs(value)<9e15；相关跨字段约束必须导入和启动均检查；仅已有实现ID/武器；阶1..5；min≤max，量化网格非空	"[""space-battleship/scripts/drone_rewards.gd:15"",""space-battleship/scripts/drone_rewards.gd:16"",""space-battleship/scripts/drone_rewards.gd:18"",""space-battleship/scripts/drone_rewards.gd:20"",""space-battleship/scripts/drone_rewards.gd:39"",""space-battleship/scripts/drone_rewards.gd:40"",""space-battleship/scripts/drone_rewards.gd:41"",""space-battleship/scripts/drone_forge.gd:11"",""space-battleship/scripts/drone_forge.gd:12"",""space-battleship/scripts/drone_forge.gd:15"",""space-battleship/scripts/drone_forge.gd:16"",""space-battleship/scripts/drone_forge.gd:56"",""space-battleship/scripts/drone_forge.gd:57"",""space-battleship/scripts/drone_forge.gd:61"",""space-battleship/scripts/drone_forge.gd:64"",""space-battleship/scripts/drone_forge.gd:69"",""space-battleship/scripts/drone_forge.gd:71"",""space-battleship/scripts/drone_forge.gd:77"",""space-battleship/scripts/drone_forge.gd:79"",""space-battleship/scripts/drone_forge.gd:84"",""space-battleship/scripts/drone_forge.gd:89"",""space-battleship/scripts/drone_forge.gd:91"",""space-battleship/scripts/drone_forge.gd:96"",""space-battleship/scripts/drone_forge.gd:134"",""space-battleship/scripts/drone_forge.gd:160"",""space-battleship/scripts/drone_inventory.gd:6"",""space-battleship/scripts/drone_inventory.gd:38"",""space-battleship/scripts/drone_inventory.gd:40"",""space-battleship/scripts/drone_inventory.gd:41"",""space-battleship/scripts/drone_inventory.gd:66"",""space-battleship/scripts/drone_effect_aggregator.gd:5"",""space-battleship/scripts/drone_effect_aggregator.gd:7"",""space-battleship/scripts/drone_effect_aggregator.gd:15"",""space-battleship/scripts/drone_effect_aggregator.gd:16"",""space-battleship/scripts/drone_effect_aggregator.gd:18"",""space-battleship/scripts/drone_effect_aggregator.gd:32""]"
space-battleship/data/hyperspace_config.json	/affixes/armour_capacity/ranges/1/0	float	1.8	"{""sheet"":""hyperspace_config"",""row"":330,""value_column"":""C"",""type_column"":""B""}"	词缀定义与阶级区间	minimum	balance	True	consumed	原始加成；数量词缀最终投影有int截断	已实现词缀定义、适用武器及各阶原值区间	保留当前JSON类型；数值有限；运行时C.number边界abs(value)<9e15；相关跨字段约束必须导入和启动均检查；仅已有实现ID/武器；阶1..5；min≤max，量化网格非空	"[""space-battleship/scripts/drone_rewards.gd:15"",""space-battleship/scripts/drone_rewards.gd:16"",""space-battleship/scripts/drone_rewards.gd:18"",""space-battleship/scripts/drone_rewards.gd:20"",""space-battleship/scripts/drone_rewards.gd:39"",""space-battleship/scripts/drone_rewards.gd:40"",""space-battleship/scripts/drone_rewards.gd:41"",""space-battleship/scripts/drone_forge.gd:11"",""space-battleship/scripts/drone_forge.gd:12"",""space-battleship/scripts/drone_forge.gd:15"",""space-battleship/scripts/drone_forge.gd:16"",""space-battleship/scripts/drone_forge.gd:56"",""space-battleship/scripts/drone_forge.gd:57"",""space-battleship/scripts/drone_forge.gd:61"",""space-battleship/scripts/drone_forge.gd:64"",""space-battleship/scripts/drone_forge.gd:69"",""space-battleship/scripts/drone_forge.gd:71"",""space-battleship/scripts/drone_forge.gd:77"",""space-battleship/scripts/drone_forge.gd:79"",""space-battleship/scripts/drone_forge.gd:84"",""space-battleship/scripts/drone_forge.gd:89"",""space-battleship/scripts/drone_forge.gd:91"",""space-battleship/scripts/drone_forge.gd:96"",""space-battleship/scripts/drone_forge.gd:134"",""space-battleship/scripts/drone_forge.gd:160"",""space-battleship/scripts/drone_inventory.gd:6"",""space-battleship/scripts/drone_inventory.gd:38"",""space-battleship/scripts/drone_inventory.gd:40"",""space-battleship/scripts/drone_inventory.gd:41"",""space-battleship/scripts/drone_inventory.gd:66"",""space-battleship/scripts/drone_effect_aggregator.gd:5"",""space-battleship/scripts/drone_effect_aggregator.gd:7"",""space-battleship/scripts/drone_effect_aggregator.gd:15"",""space-battleship/scripts/drone_effect_aggregator.gd:16"",""space-battleship/scripts/drone_effect_aggregator.gd:18"",""space-battleship/scripts/drone_effect_aggregator.gd:32""]"
space-battleship/data/hyperspace_config.json	/affixes/armour_capacity/ranges/1/1	float	2.0	"{""sheet"":""hyperspace_config"",""row"":331,""value_column"":""C"",""type_column"":""B""}"	词缀定义与阶级区间	maximum	balance	True	consumed	原始加成；数量词缀最终投影有int截断	已实现词缀定义、适用武器及各阶原值区间	保留当前JSON类型；数值有限；运行时C.number边界abs(value)<9e15；相关跨字段约束必须导入和启动均检查；仅已有实现ID/武器；阶1..5；min≤max，量化网格非空	"[""space-battleship/scripts/drone_rewards.gd:15"",""space-battleship/scripts/drone_rewards.gd:16"",""space-battleship/scripts/drone_rewards.gd:18"",""space-battleship/scripts/drone_rewards.gd:20"",""space-battleship/scripts/drone_rewards.gd:39"",""space-battleship/scripts/drone_rewards.gd:40"",""space-battleship/scripts/drone_rewards.gd:41"",""space-battleship/scripts/drone_forge.gd:11"",""space-battleship/scripts/drone_forge.gd:12"",""space-battleship/scripts/drone_forge.gd:15"",""space-battleship/scripts/drone_forge.gd:16"",""space-battleship/scripts/drone_forge.gd:56"",""space-battleship/scripts/drone_forge.gd:57"",""space-battleship/scripts/drone_forge.gd:61"",""space-battleship/scripts/drone_forge.gd:64"",""space-battleship/scripts/drone_forge.gd:69"",""space-battleship/scripts/drone_forge.gd:71"",""space-battleship/scripts/drone_forge.gd:77"",""space-battleship/scripts/drone_forge.gd:79"",""space-battleship/scripts/drone_forge.gd:84"",""space-battleship/scripts/drone_forge.gd:89"",""space-battleship/scripts/drone_forge.gd:91"",""space-battleship/scripts/drone_forge.gd:96"",""space-battleship/scripts/drone_forge.gd:134"",""space-battleship/scripts/drone_forge.gd:160"",""space-battleship/scripts/drone_inventory.gd:6"",""space-battleship/scripts/drone_inventory.gd:38"",""space-battleship/scripts/drone_inventory.gd:40"",""space-battleship/scripts/drone_inventory.gd:41"",""space-battleship/scripts/drone_inventory.gd:66"",""space-battleship/scripts/drone_effect_aggregator.gd:5"",""space-battleship/scripts/drone_effect_aggregator.gd:7"",""space-battleship/scripts/drone_effect_aggregator.gd:15"",""space-battleship/scripts/drone_effect_aggregator.gd:16"",""space-battleship/scripts/drone_effect_aggregator.gd:18"",""space-battleship/scripts/drone_effect_aggregator.gd:32""]"
space-battleship/data/hyperspace_config.json	/affixes/armour_capacity/ranges/2/0	float	1.2	"{""sheet"":""hyperspace_config"",""row"":333,""value_column"":""C"",""type_column"":""B""}"	词缀定义与阶级区间	minimum	balance	True	consumed	原始加成；数量词缀最终投影有int截断	已实现词缀定义、适用武器及各阶原值区间	保留当前JSON类型；数值有限；运行时C.number边界abs(value)<9e15；相关跨字段约束必须导入和启动均检查；仅已有实现ID/武器；阶1..5；min≤max，量化网格非空	"[""space-battleship/scripts/drone_rewards.gd:15"",""space-battleship/scripts/drone_rewards.gd:16"",""space-battleship/scripts/drone_rewards.gd:18"",""space-battleship/scripts/drone_rewards.gd:20"",""space-battleship/scripts/drone_rewards.gd:39"",""space-battleship/scripts/drone_rewards.gd:40"",""space-battleship/scripts/drone_rewards.gd:41"",""space-battleship/scripts/drone_forge.gd:11"",""space-battleship/scripts/drone_forge.gd:12"",""space-battleship/scripts/drone_forge.gd:15"",""space-battleship/scripts/drone_forge.gd:16"",""space-battleship/scripts/drone_forge.gd:56"",""space-battleship/scripts/drone_forge.gd:57"",""space-battleship/scripts/drone_forge.gd:61"",""space-battleship/scripts/drone_forge.gd:64"",""space-battleship/scripts/drone_forge.gd:69"",""space-battleship/scripts/drone_forge.gd:71"",""space-battleship/scripts/drone_forge.gd:77"",""space-battleship/scripts/drone_forge.gd:79"",""space-battleship/scripts/drone_forge.gd:84"",""space-battleship/scripts/drone_forge.gd:89"",""space-battleship/scripts/drone_forge.gd:91"",""space-battleship/scripts/drone_forge.gd:96"",""space-battleship/scripts/drone_forge.gd:134"",""space-battleship/scripts/drone_forge.gd:160"",""space-battleship/scripts/drone_inventory.gd:6"",""space-battleship/scripts/drone_inventory.gd:38"",""space-battleship/scripts/drone_inventory.gd:40"",""space-battleship/scripts/drone_inventory.gd:41"",""space-battleship/scripts/drone_inventory.gd:66"",""space-battleship/scripts/drone_effect_aggregator.gd:5"",""space-battleship/scripts/drone_effect_aggregator.gd:7"",""space-battleship/scripts/drone_effect_aggregator.gd:15"",""space-battleship/scripts/drone_effect_aggregator.gd:16"",""space-battleship/scripts/drone_effect_aggregator.gd:18"",""space-battleship/scripts/drone_effect_aggregator.gd:32""]"
space-battleship/data/hyperspace_config.json	/affixes/armour_capacity/ranges/2/1	float	1.5	"{""sheet"":""hyperspace_config"",""row"":334,""value_column"":""C"",""type_column"":""B""}"	词缀定义与阶级区间	maximum	balance	True	consumed	原始加成；数量词缀最终投影有int截断	已实现词缀定义、适用武器及各阶原值区间	保留当前JSON类型；数值有限；运行时C.number边界abs(value)<9e15；相关跨字段约束必须导入和启动均检查；仅已有实现ID/武器；阶1..5；min≤max，量化网格非空	"[""space-battleship/scripts/drone_rewards.gd:15"",""space-battleship/scripts/drone_rewards.gd:16"",""space-battleship/scripts/drone_rewards.gd:18"",""space-battleship/scripts/drone_rewards.gd:20"",""space-battleship/scripts/drone_rewards.gd:39"",""space-battleship/scripts/drone_rewards.gd:40"",""space-battleship/scripts/drone_rewards.gd:41"",""space-battleship/scripts/drone_forge.gd:11"",""space-battleship/scripts/drone_forge.gd:12"",""space-battleship/scripts/drone_forge.gd:15"",""space-battleship/scripts/drone_forge.gd:16"",""space-battleship/scripts/drone_forge.gd:56"",""space-battleship/scripts/drone_forge.gd:57"",""space-battleship/scripts/drone_forge.gd:61"",""space-battleship/scripts/drone_forge.gd:64"",""space-battleship/scripts/drone_forge.gd:69"",""space-battleship/scripts/drone_forge.gd:71"",""space-battleship/scripts/drone_forge.gd:77"",""space-battleship/scripts/drone_forge.gd:79"",""space-battleship/scripts/drone_forge.gd:84"",""space-battleship/scripts/drone_forge.gd:89"",""space-battleship/scripts/drone_forge.gd:91"",""space-battleship/scripts/drone_forge.gd:96"",""space-battleship/scripts/drone_forge.gd:134"",""space-battleship/scripts/drone_forge.gd:160"",""space-battleship/scripts/drone_inventory.gd:6"",""space-battleship/scripts/drone_inventory.gd:38"",""space-battleship/scripts/drone_inventory.gd:40"",""space-battleship/scripts/drone_inventory.gd:41"",""space-battleship/scripts/drone_inventory.gd:66"",""space-battleship/scripts/drone_effect_aggregator.gd:5"",""space-battleship/scripts/drone_effect_aggregator.gd:7"",""space-battleship/scripts/drone_effect_aggregator.gd:15"",""space-battleship/scripts/drone_effect_aggregator.gd:16"",""space-battleship/scripts/drone_effect_aggregator.gd:18"",""space-battleship/scripts/drone_effect_aggregator.gd:32""]"
space-battleship/data/hyperspace_config.json	/affixes/armour_capacity/ranges/3/0	float	0.8	"{""sheet"":""hyperspace_config"",""row"":336,""value_column"":""C"",""type_column"":""B""}"	词缀定义与阶级区间	minimum	balance	True	consumed	原始加成；数量词缀最终投影有int截断	已实现词缀定义、适用武器及各阶原值区间	保留当前JSON类型；数值有限；运行时C.number边界abs(value)<9e15；相关跨字段约束必须导入和启动均检查；仅已有实现ID/武器；阶1..5；min≤max，量化网格非空	"[""space-battleship/scripts/drone_rewards.gd:15"",""space-battleship/scripts/drone_rewards.gd:16"",""space-battleship/scripts/drone_rewards.gd:18"",""space-battleship/scripts/drone_rewards.gd:20"",""space-battleship/scripts/drone_rewards.gd:39"",""space-battleship/scripts/drone_rewards.gd:40"",""space-battleship/scripts/drone_rewards.gd:41"",""space-battleship/scripts/drone_forge.gd:11"",""space-battleship/scripts/drone_forge.gd:12"",""space-battleship/scripts/drone_forge.gd:15"",""space-battleship/scripts/drone_forge.gd:16"",""space-battleship/scripts/drone_forge.gd:56"",""space-battleship/scripts/drone_forge.gd:57"",""space-battleship/scripts/drone_forge.gd:61"",""space-battleship/scripts/drone_forge.gd:64"",""space-battleship/scripts/drone_forge.gd:69"",""space-battleship/scripts/drone_forge.gd:71"",""space-battleship/scripts/drone_forge.gd:77"",""space-battleship/scripts/drone_forge.gd:79"",""space-battleship/scripts/drone_forge.gd:84"",""space-battleship/scripts/drone_forge.gd:89"",""space-battleship/scripts/drone_forge.gd:91"",""space-battleship/scripts/drone_forge.gd:96"",""space-battleship/scripts/drone_forge.gd:134"",""space-battleship/scripts/drone_forge.gd:160"",""space-battleship/scripts/drone_inventory.gd:6"",""space-battleship/scripts/drone_inventory.gd:38"",""space-battleship/scripts/drone_inventory.gd:40"",""space-battleship/scripts/drone_inventory.gd:41"",""space-battleship/scripts/drone_inventory.gd:66"",""space-battleship/scripts/drone_effect_aggregator.gd:5"",""space-battleship/scripts/drone_effect_aggregator.gd:7"",""space-battleship/scripts/drone_effect_aggregator.gd:15"",""space-battleship/scripts/drone_effect_aggregator.gd:16"",""space-battleship/scripts/drone_effect_aggregator.gd:18"",""space-battleship/scripts/drone_effect_aggregator.gd:32""]"
space-battleship/data/hyperspace_config.json	/affixes/armour_capacity/ranges/3/1	int	1	"{""sheet"":""hyperspace_config"",""row"":337,""value_column"":""C"",""type_column"":""B""}"	词缀定义与阶级区间	maximum	balance	True	consumed	原始加成；数量词缀最终投影有int截断	已实现词缀定义、适用武器及各阶原值区间	保留当前JSON类型；数值有限；运行时C.number边界abs(value)<9e15；相关跨字段约束必须导入和启动均检查；仅已有实现ID/武器；阶1..5；min≤max，量化网格非空	"[""space-battleship/scripts/drone_rewards.gd:15"",""space-battleship/scripts/drone_rewards.gd:16"",""space-battleship/scripts/drone_rewards.gd:18"",""space-battleship/scripts/drone_rewards.gd:20"",""space-battleship/scripts/drone_rewards.gd:39"",""space-battleship/scripts/drone_rewards.gd:40"",""space-battleship/scripts/drone_rewards.gd:41"",""space-battleship/scripts/drone_forge.gd:11"",""space-battleship/scripts/drone_forge.gd:12"",""space-battleship/scripts/drone_forge.gd:15"",""space-battleship/scripts/drone_forge.gd:16"",""space-battleship/scripts/drone_forge.gd:56"",""space-battleship/scripts/drone_forge.gd:57"",""space-battleship/scripts/drone_forge.gd:61"",""space-battleship/scripts/drone_forge.gd:64"",""space-battleship/scripts/drone_forge.gd:69"",""space-battleship/scripts/drone_forge.gd:71"",""space-battleship/scripts/drone_forge.gd:77"",""space-battleship/scripts/drone_forge.gd:79"",""space-battleship/scripts/drone_forge.gd:84"",""space-battleship/scripts/drone_forge.gd:89"",""space-battleship/scripts/drone_forge.gd:91"",""space-battleship/scripts/drone_forge.gd:96"",""space-battleship/scripts/drone_forge.gd:134"",""space-battleship/scripts/drone_forge.gd:160"",""space-battleship/scripts/drone_inventory.gd:6"",""space-battleship/scripts/drone_inventory.gd:38"",""space-battleship/scripts/drone_inventory.gd:40"",""space-battleship/scripts/drone_inventory.gd:41"",""space-battleship/scripts/drone_inventory.gd:66"",""space-battleship/scripts/drone_effect_aggregator.gd:5"",""space-battleship/scripts/drone_effect_aggregator.gd:7"",""space-battleship/scripts/drone_effect_aggregator.gd:15"",""space-battleship/scripts/drone_effect_aggregator.gd:16"",""space-battleship/scripts/drone_effect_aggregator.gd:18"",""space-battleship/scripts/drone_effect_aggregator.gd:32""]"
space-battleship/data/hyperspace_config.json	/affixes/armour_capacity/ranges/4/0	float	0.4	"{""sheet"":""hyperspace_config"",""row"":339,""value_column"":""C"",""type_column"":""B""}"	词缀定义与阶级区间	minimum	balance	True	consumed	原始加成；数量词缀最终投影有int截断	已实现词缀定义、适用武器及各阶原值区间	保留当前JSON类型；数值有限；运行时C.number边界abs(value)<9e15；相关跨字段约束必须导入和启动均检查；仅已有实现ID/武器；阶1..5；min≤max，量化网格非空	"[""space-battleship/scripts/drone_rewards.gd:15"",""space-battleship/scripts/drone_rewards.gd:16"",""space-battleship/scripts/drone_rewards.gd:18"",""space-battleship/scripts/drone_rewards.gd:20"",""space-battleship/scripts/drone_rewards.gd:39"",""space-battleship/scripts/drone_rewards.gd:40"",""space-battleship/scripts/drone_rewards.gd:41"",""space-battleship/scripts/drone_forge.gd:11"",""space-battleship/scripts/drone_forge.gd:12"",""space-battleship/scripts/drone_forge.gd:15"",""space-battleship/scripts/drone_forge.gd:16"",""space-battleship/scripts/drone_forge.gd:56"",""space-battleship/scripts/drone_forge.gd:57"",""space-battleship/scripts/drone_forge.gd:61"",""space-battleship/scripts/drone_forge.gd:64"",""space-battleship/scripts/drone_forge.gd:69"",""space-battleship/scripts/drone_forge.gd:71"",""space-battleship/scripts/drone_forge.gd:77"",""space-battleship/scripts/drone_forge.gd:79"",""space-battleship/scripts/drone_forge.gd:84"",""space-battleship/scripts/drone_forge.gd:89"",""space-battleship/scripts/drone_forge.gd:91"",""space-battleship/scripts/drone_forge.gd:96"",""space-battleship/scripts/drone_forge.gd:134"",""space-battleship/scripts/drone_forge.gd:160"",""space-battleship/scripts/drone_inventory.gd:6"",""space-battleship/scripts/drone_inventory.gd:38"",""space-battleship/scripts/drone_inventory.gd:40"",""space-battleship/scripts/drone_inventory.gd:41"",""space-battleship/scripts/drone_inventory.gd:66"",""space-battleship/scripts/drone_effect_aggregator.gd:5"",""space-battleship/scripts/drone_effect_aggregator.gd:7"",""space-battleship/scripts/drone_effect_aggregator.gd:15"",""space-battleship/scripts/drone_effect_aggregator.gd:16"",""space-battleship/scripts/drone_effect_aggregator.gd:18"",""space-battleship/scripts/drone_effect_aggregator.gd:32""]"
space-battleship/data/hyperspace_config.json	/affixes/armour_capacity/ranges/4/1	float	0.6	"{""sheet"":""hyperspace_config"",""row"":340,""value_column"":""C"",""type_column"":""B""}"	词缀定义与阶级区间	maximum	balance	True	consumed	原始加成；数量词缀最终投影有int截断	已实现词缀定义、适用武器及各阶原值区间	保留当前JSON类型；数值有限；运行时C.number边界abs(value)<9e15；相关跨字段约束必须导入和启动均检查；仅已有实现ID/武器；阶1..5；min≤max，量化网格非空	"[""space-battleship/scripts/drone_rewards.gd:15"",""space-battleship/scripts/drone_rewards.gd:16"",""space-battleship/scripts/drone_rewards.gd:18"",""space-battleship/scripts/drone_rewards.gd:20"",""space-battleship/scripts/drone_rewards.gd:39"",""space-battleship/scripts/drone_rewards.gd:40"",""space-battleship/scripts/drone_rewards.gd:41"",""space-battleship/scripts/drone_forge.gd:11"",""space-battleship/scripts/drone_forge.gd:12"",""space-battleship/scripts/drone_forge.gd:15"",""space-battleship/scripts/drone_forge.gd:16"",""space-battleship/scripts/drone_forge.gd:56"",""space-battleship/scripts/drone_forge.gd:57"",""space-battleship/scripts/drone_forge.gd:61"",""space-battleship/scripts/drone_forge.gd:64"",""space-battleship/scripts/drone_forge.gd:69"",""space-battleship/scripts/drone_forge.gd:71"",""space-battleship/scripts/drone_forge.gd:77"",""space-battleship/scripts/drone_forge.gd:79"",""space-battleship/scripts/drone_forge.gd:84"",""space-battleship/scripts/drone_forge.gd:89"",""space-battleship/scripts/drone_forge.gd:91"",""space-battleship/scripts/drone_forge.gd:96"",""space-battleship/scripts/drone_forge.gd:134"",""space-battleship/scripts/drone_forge.gd:160"",""space-battleship/scripts/drone_inventory.gd:6"",""space-battleship/scripts/drone_inventory.gd:38"",""space-battleship/scripts/drone_inventory.gd:40"",""space-battleship/scripts/drone_inventory.gd:41"",""space-battleship/scripts/drone_inventory.gd:66"",""space-battleship/scripts/drone_effect_aggregator.gd:5"",""space-battleship/scripts/drone_effect_aggregator.gd:7"",""space-battleship/scripts/drone_effect_aggregator.gd:15"",""space-battleship/scripts/drone_effect_aggregator.gd:16"",""space-battleship/scripts/drone_effect_aggregator.gd:18"",""space-battleship/scripts/drone_effect_aggregator.gd:32""]"
space-battleship/data/hyperspace_config.json	/affixes/armour_capacity/ranges/5/0	float	0.1	"{""sheet"":""hyperspace_config"",""row"":342,""value_column"":""C"",""type_column"":""B""}"	词缀定义与阶级区间	minimum	balance	True	consumed	原始加成；数量词缀最终投影有int截断	已实现词缀定义、适用武器及各阶原值区间	保留当前JSON类型；数值有限；运行时C.number边界abs(value)<9e15；相关跨字段约束必须导入和启动均检查；仅已有实现ID/武器；阶1..5；min≤max，量化网格非空	"[""space-battleship/scripts/drone_rewards.gd:15"",""space-battleship/scripts/drone_rewards.gd:16"",""space-battleship/scripts/drone_rewards.gd:18"",""space-battleship/scripts/drone_rewards.gd:20"",""space-battleship/scripts/drone_rewards.gd:39"",""space-battleship/scripts/drone_rewards.gd:40"",""space-battleship/scripts/drone_rewards.gd:41"",""space-battleship/scripts/drone_forge.gd:11"",""space-battleship/scripts/drone_forge.gd:12"",""space-battleship/scripts/drone_forge.gd:15"",""space-battleship/scripts/drone_forge.gd:16"",""space-battleship/scripts/drone_forge.gd:56"",""space-battleship/scripts/drone_forge.gd:57"",""space-battleship/scripts/drone_forge.gd:61"",""space-battleship/scripts/drone_forge.gd:64"",""space-battleship/scripts/drone_forge.gd:69"",""space-battleship/scripts/drone_forge.gd:71"",""space-battleship/scripts/drone_forge.gd:77"",""space-battleship/scripts/drone_forge.gd:79"",""space-battleship/scripts/drone_forge.gd:84"",""space-battleship/scripts/drone_forge.gd:89"",""space-battleship/scripts/drone_forge.gd:91"",""space-battleship/scripts/drone_forge.gd:96"",""space-battleship/scripts/drone_forge.gd:134"",""space-battleship/scripts/drone_forge.gd:160"",""space-battleship/scripts/drone_inventory.gd:6"",""space-battleship/scripts/drone_inventory.gd:38"",""space-battleship/scripts/drone_inventory.gd:40"",""space-battleship/scripts/drone_inventory.gd:41"",""space-battleship/scripts/drone_inventory.gd:66"",""space-battleship/scripts/drone_effect_aggregator.gd:5"",""space-battleship/scripts/drone_effect_aggregator.gd:7"",""space-battleship/scripts/drone_effect_aggregator.gd:15"",""space-battleship/scripts/drone_effect_aggregator.gd:16"",""space-battleship/scripts/drone_effect_aggregator.gd:18"",""space-battleship/scripts/drone_effect_aggregator.gd:32""]"
space-battleship/data/hyperspace_config.json	/affixes/armour_capacity/ranges/5/1	float	0.2	"{""sheet"":""hyperspace_config"",""row"":343,""value_column"":""C"",""type_column"":""B""}"	词缀定义与阶级区间	maximum	balance	True	consumed	原始加成；数量词缀最终投影有int截断	已实现词缀定义、适用武器及各阶原值区间	保留当前JSON类型；数值有限；运行时C.number边界abs(value)<9e15；相关跨字段约束必须导入和启动均检查；仅已有实现ID/武器；阶1..5；min≤max，量化网格非空	"[""space-battleship/scripts/drone_rewards.gd:15"",""space-battleship/scripts/drone_rewards.gd:16"",""space-battleship/scripts/drone_rewards.gd:18"",""space-battleship/scripts/drone_rewards.gd:20"",""space-battleship/scripts/drone_rewards.gd:39"",""space-battleship/scripts/drone_rewards.gd:40"",""space-battleship/scripts/drone_rewards.gd:41"",""space-battleship/scripts/drone_forge.gd:11"",""space-battleship/scripts/drone_forge.gd:12"",""space-battleship/scripts/drone_forge.gd:15"",""space-battleship/scripts/drone_forge.gd:16"",""space-battleship/scripts/drone_forge.gd:56"",""space-battleship/scripts/drone_forge.gd:57"",""space-battleship/scripts/drone_forge.gd:61"",""space-battleship/scripts/drone_forge.gd:64"",""space-battleship/scripts/drone_forge.gd:69"",""space-battleship/scripts/drone_forge.gd:71"",""space-battleship/scripts/drone_forge.gd:77"",""space-battleship/scripts/drone_forge.gd:79"",""space-battleship/scripts/drone_forge.gd:84"",""space-battleship/scripts/drone_forge.gd:89"",""space-battleship/scripts/drone_forge.gd:91"",""space-battleship/scripts/drone_forge.gd:96"",""space-battleship/scripts/drone_forge.gd:134"",""space-battleship/scripts/drone_forge.gd:160"",""space-battleship/scripts/drone_inventory.gd:6"",""space-battleship/scripts/drone_inventory.gd:38"",""space-battleship/scripts/drone_inventory.gd:40"",""space-battleship/scripts/drone_inventory.gd:41"",""space-battleship/scripts/drone_inventory.gd:66"",""space-battleship/scripts/drone_effect_aggregator.gd:5"",""space-battleship/scripts/drone_effect_aggregator.gd:7"",""space-battleship/scripts/drone_effect_aggregator.gd:15"",""space-battleship/scripts/drone_effect_aggregator.gd:16"",""space-battleship/scripts/drone_effect_aggregator.gd:18"",""space-battleship/scripts/drone_effect_aggregator.gd:32""]"
space-battleship/data/hyperspace_config.json	/affixes/armour_capacity/amplified	bool	true	"{""sheet"":""hyperspace_config"",""row"":344,""value_column"":""C"",""type_column"":""B""}"	词缀定义与阶级区间	amplified	balance	True	consumed	bool	已实现词缀定义、适用武器及各阶原值区间	保留当前JSON类型；数值有限；运行时C.number边界abs(value)<9e15；相关跨字段约束必须导入和启动均检查；仅已有实现ID/武器；阶1..5；min≤max，量化网格非空	"[""space-battleship/scripts/drone_rewards.gd:15"",""space-battleship/scripts/drone_rewards.gd:16"",""space-battleship/scripts/drone_rewards.gd:18"",""space-battleship/scripts/drone_rewards.gd:20"",""space-battleship/scripts/drone_rewards.gd:39"",""space-battleship/scripts/drone_rewards.gd:40"",""space-battleship/scripts/drone_rewards.gd:41"",""space-battleship/scripts/drone_forge.gd:11"",""space-battleship/scripts/drone_forge.gd:12"",""space-battleship/scripts/drone_forge.gd:15"",""space-battleship/scripts/drone_forge.gd:16"",""space-battleship/scripts/drone_forge.gd:56"",""space-battleship/scripts/drone_forge.gd:57"",""space-battleship/scripts/drone_forge.gd:61"",""space-battleship/scripts/drone_forge.gd:64"",""space-battleship/scripts/drone_forge.gd:69"",""space-battleship/scripts/drone_forge.gd:71"",""space-battleship/scripts/drone_forge.gd:77"",""space-battleship/scripts/drone_forge.gd:79"",""space-battleship/scripts/drone_forge.gd:84"",""space-battleship/scripts/drone_forge.gd:89"",""space-battleship/scripts/drone_forge.gd:91"",""space-battleship/scripts/drone_forge.gd:96"",""space-battleship/scripts/drone_forge.gd:134"",""space-battleship/scripts/drone_forge.gd:160"",""space-battleship/scripts/drone_inventory.gd:6"",""space-battleship/scripts/drone_inventory.gd:38"",""space-battleship/scripts/drone_inventory.gd:40"",""space-battleship/scripts/drone_inventory.gd:41"",""space-battleship/scripts/drone_inventory.gd:66"",""space-battleship/scripts/drone_effect_aggregator.gd:5"",""space-battleship/scripts/drone_effect_aggregator.gd:7"",""space-battleship/scripts/drone_effect_aggregator.gd:15"",""space-battleship/scripts/drone_effect_aggregator.gd:16"",""space-battleship/scripts/drone_effect_aggregator.gd:18"",""space-battleship/scripts/drone_effect_aggregator.gd:32""]"
space-battleship/data/hyperspace_config.json	/affixes/armour_capacity/weapon	string		"{""sheet"":""hyperspace_config"",""row"":345,""value_column"":""C"",""type_column"":""B""}"	词缀定义与阶级区间	weapon	balance	True	consumed	武器ID	已实现词缀定义、适用武器及各阶原值区间	保留当前JSON类型；数值有限；运行时C.number边界abs(value)<9e15；相关跨字段约束必须导入和启动均检查；仅已有实现ID/武器；阶1..5；min≤max，量化网格非空	"[""space-battleship/scripts/drone_rewards.gd:15"",""space-battleship/scripts/drone_rewards.gd:16"",""space-battleship/scripts/drone_rewards.gd:18"",""space-battleship/scripts/drone_rewards.gd:20"",""space-battleship/scripts/drone_rewards.gd:39"",""space-battleship/scripts/drone_rewards.gd:40"",""space-battleship/scripts/drone_rewards.gd:41"",""space-battleship/scripts/drone_forge.gd:11"",""space-battleship/scripts/drone_forge.gd:12"",""space-battleship/scripts/drone_forge.gd:15"",""space-battleship/scripts/drone_forge.gd:16"",""space-battleship/scripts/drone_forge.gd:56"",""space-battleship/scripts/drone_forge.gd:57"",""space-battleship/scripts/drone_forge.gd:61"",""space-battleship/scripts/drone_forge.gd:64"",""space-battleship/scripts/drone_forge.gd:69"",""space-battleship/scripts/drone_forge.gd:71"",""space-battleship/scripts/drone_forge.gd:77"",""space-battleship/scripts/drone_forge.gd:79"",""space-battleship/scripts/drone_forge.gd:84"",""space-battleship/scripts/drone_forge.gd:89"",""space-battleship/scripts/drone_forge.gd:91"",""space-battleship/scripts/drone_forge.gd:96"",""space-battleship/scripts/drone_forge.gd:134"",""space-battleship/scripts/drone_forge.gd:160"",""space-battleship/scripts/drone_inventory.gd:6"",""space-battleship/scripts/drone_inventory.gd:38"",""space-battleship/scripts/drone_inventory.gd:40"",""space-battleship/scripts/drone_inventory.gd:41"",""space-battleship/scripts/drone_inventory.gd:66"",""space-battleship/scripts/drone_effect_aggregator.gd:5"",""space-battleship/scripts/drone_effect_aggregator.gd:7"",""space-battleship/scripts/drone_effect_aggregator.gd:15"",""space-battleship/scripts/drone_effect_aggregator.gd:16"",""space-battleship/scripts/drone_effect_aggregator.gd:18"",""space-battleship/scripts/drone_effect_aggregator.gd:32""]"
space-battleship/data/hyperspace_config.json	/affixes/shield_capacity/ranges/1/0	float	1.8	"{""sheet"":""hyperspace_config"",""row"":349,""value_column"":""C"",""type_column"":""B""}"	词缀定义与阶级区间	minimum	balance	True	consumed	原始加成；数量词缀最终投影有int截断	已实现词缀定义、适用武器及各阶原值区间	保留当前JSON类型；数值有限；运行时C.number边界abs(value)<9e15；相关跨字段约束必须导入和启动均检查；仅已有实现ID/武器；阶1..5；min≤max，量化网格非空	"[""space-battleship/scripts/drone_rewards.gd:15"",""space-battleship/scripts/drone_rewards.gd:16"",""space-battleship/scripts/drone_rewards.gd:18"",""space-battleship/scripts/drone_rewards.gd:20"",""space-battleship/scripts/drone_rewards.gd:39"",""space-battleship/scripts/drone_rewards.gd:40"",""space-battleship/scripts/drone_rewards.gd:41"",""space-battleship/scripts/drone_forge.gd:11"",""space-battleship/scripts/drone_forge.gd:12"",""space-battleship/scripts/drone_forge.gd:15"",""space-battleship/scripts/drone_forge.gd:16"",""space-battleship/scripts/drone_forge.gd:56"",""space-battleship/scripts/drone_forge.gd:57"",""space-battleship/scripts/drone_forge.gd:61"",""space-battleship/scripts/drone_forge.gd:64"",""space-battleship/scripts/drone_forge.gd:69"",""space-battleship/scripts/drone_forge.gd:71"",""space-battleship/scripts/drone_forge.gd:77"",""space-battleship/scripts/drone_forge.gd:79"",""space-battleship/scripts/drone_forge.gd:84"",""space-battleship/scripts/drone_forge.gd:89"",""space-battleship/scripts/drone_forge.gd:91"",""space-battleship/scripts/drone_forge.gd:96"",""space-battleship/scripts/drone_forge.gd:134"",""space-battleship/scripts/drone_forge.gd:160"",""space-battleship/scripts/drone_inventory.gd:6"",""space-battleship/scripts/drone_inventory.gd:38"",""space-battleship/scripts/drone_inventory.gd:40"",""space-battleship/scripts/drone_inventory.gd:41"",""space-battleship/scripts/drone_inventory.gd:66"",""space-battleship/scripts/drone_effect_aggregator.gd:5"",""space-battleship/scripts/drone_effect_aggregator.gd:7"",""space-battleship/scripts/drone_effect_aggregator.gd:15"",""space-battleship/scripts/drone_effect_aggregator.gd:16"",""space-battleship/scripts/drone_effect_aggregator.gd:18"",""space-battleship/scripts/drone_effect_aggregator.gd:32""]"
space-battleship/data/hyperspace_config.json	/affixes/shield_capacity/ranges/1/1	float	2.0	"{""sheet"":""hyperspace_config"",""row"":350,""value_column"":""C"",""type_column"":""B""}"	词缀定义与阶级区间	maximum	balance	True	consumed	原始加成；数量词缀最终投影有int截断	已实现词缀定义、适用武器及各阶原值区间	保留当前JSON类型；数值有限；运行时C.number边界abs(value)<9e15；相关跨字段约束必须导入和启动均检查；仅已有实现ID/武器；阶1..5；min≤max，量化网格非空	"[""space-battleship/scripts/drone_rewards.gd:15"",""space-battleship/scripts/drone_rewards.gd:16"",""space-battleship/scripts/drone_rewards.gd:18"",""space-battleship/scripts/drone_rewards.gd:20"",""space-battleship/scripts/drone_rewards.gd:39"",""space-battleship/scripts/drone_rewards.gd:40"",""space-battleship/scripts/drone_rewards.gd:41"",""space-battleship/scripts/drone_forge.gd:11"",""space-battleship/scripts/drone_forge.gd:12"",""space-battleship/scripts/drone_forge.gd:15"",""space-battleship/scripts/drone_forge.gd:16"",""space-battleship/scripts/drone_forge.gd:56"",""space-battleship/scripts/drone_forge.gd:57"",""space-battleship/scripts/drone_forge.gd:61"",""space-battleship/scripts/drone_forge.gd:64"",""space-battleship/scripts/drone_forge.gd:69"",""space-battleship/scripts/drone_forge.gd:71"",""space-battleship/scripts/drone_forge.gd:77"",""space-battleship/scripts/drone_forge.gd:79"",""space-battleship/scripts/drone_forge.gd:84"",""space-battleship/scripts/drone_forge.gd:89"",""space-battleship/scripts/drone_forge.gd:91"",""space-battleship/scripts/drone_forge.gd:96"",""space-battleship/scripts/drone_forge.gd:134"",""space-battleship/scripts/drone_forge.gd:160"",""space-battleship/scripts/drone_inventory.gd:6"",""space-battleship/scripts/drone_inventory.gd:38"",""space-battleship/scripts/drone_inventory.gd:40"",""space-battleship/scripts/drone_inventory.gd:41"",""space-battleship/scripts/drone_inventory.gd:66"",""space-battleship/scripts/drone_effect_aggregator.gd:5"",""space-battleship/scripts/drone_effect_aggregator.gd:7"",""space-battleship/scripts/drone_effect_aggregator.gd:15"",""space-battleship/scripts/drone_effect_aggregator.gd:16"",""space-battleship/scripts/drone_effect_aggregator.gd:18"",""space-battleship/scripts/drone_effect_aggregator.gd:32""]"
space-battleship/data/hyperspace_config.json	/affixes/shield_capacity/ranges/2/0	float	1.2	"{""sheet"":""hyperspace_config"",""row"":352,""value_column"":""C"",""type_column"":""B""}"	词缀定义与阶级区间	minimum	balance	True	consumed	原始加成；数量词缀最终投影有int截断	已实现词缀定义、适用武器及各阶原值区间	保留当前JSON类型；数值有限；运行时C.number边界abs(value)<9e15；相关跨字段约束必须导入和启动均检查；仅已有实现ID/武器；阶1..5；min≤max，量化网格非空	"[""space-battleship/scripts/drone_rewards.gd:15"",""space-battleship/scripts/drone_rewards.gd:16"",""space-battleship/scripts/drone_rewards.gd:18"",""space-battleship/scripts/drone_rewards.gd:20"",""space-battleship/scripts/drone_rewards.gd:39"",""space-battleship/scripts/drone_rewards.gd:40"",""space-battleship/scripts/drone_rewards.gd:41"",""space-battleship/scripts/drone_forge.gd:11"",""space-battleship/scripts/drone_forge.gd:12"",""space-battleship/scripts/drone_forge.gd:15"",""space-battleship/scripts/drone_forge.gd:16"",""space-battleship/scripts/drone_forge.gd:56"",""space-battleship/scripts/drone_forge.gd:57"",""space-battleship/scripts/drone_forge.gd:61"",""space-battleship/scripts/drone_forge.gd:64"",""space-battleship/scripts/drone_forge.gd:69"",""space-battleship/scripts/drone_forge.gd:71"",""space-battleship/scripts/drone_forge.gd:77"",""space-battleship/scripts/drone_forge.gd:79"",""space-battleship/scripts/drone_forge.gd:84"",""space-battleship/scripts/drone_forge.gd:89"",""space-battleship/scripts/drone_forge.gd:91"",""space-battleship/scripts/drone_forge.gd:96"",""space-battleship/scripts/drone_forge.gd:134"",""space-battleship/scripts/drone_forge.gd:160"",""space-battleship/scripts/drone_inventory.gd:6"",""space-battleship/scripts/drone_inventory.gd:38"",""space-battleship/scripts/drone_inventory.gd:40"",""space-battleship/scripts/drone_inventory.gd:41"",""space-battleship/scripts/drone_inventory.gd:66"",""space-battleship/scripts/drone_effect_aggregator.gd:5"",""space-battleship/scripts/drone_effect_aggregator.gd:7"",""space-battleship/scripts/drone_effect_aggregator.gd:15"",""space-battleship/scripts/drone_effect_aggregator.gd:16"",""space-battleship/scripts/drone_effect_aggregator.gd:18"",""space-battleship/scripts/drone_effect_aggregator.gd:32""]"
space-battleship/data/hyperspace_config.json	/affixes/shield_capacity/ranges/2/1	float	1.5	"{""sheet"":""hyperspace_config"",""row"":353,""value_column"":""C"",""type_column"":""B""}"	词缀定义与阶级区间	maximum	balance	True	consumed	原始加成；数量词缀最终投影有int截断	已实现词缀定义、适用武器及各阶原值区间	保留当前JSON类型；数值有限；运行时C.number边界abs(value)<9e15；相关跨字段约束必须导入和启动均检查；仅已有实现ID/武器；阶1..5；min≤max，量化网格非空	"[""space-battleship/scripts/drone_rewards.gd:15"",""space-battleship/scripts/drone_rewards.gd:16"",""space-battleship/scripts/drone_rewards.gd:18"",""space-battleship/scripts/drone_rewards.gd:20"",""space-battleship/scripts/drone_rewards.gd:39"",""space-battleship/scripts/drone_rewards.gd:40"",""space-battleship/scripts/drone_rewards.gd:41"",""space-battleship/scripts/drone_forge.gd:11"",""space-battleship/scripts/drone_forge.gd:12"",""space-battleship/scripts/drone_forge.gd:15"",""space-battleship/scripts/drone_forge.gd:16"",""space-battleship/scripts/drone_forge.gd:56"",""space-battleship/scripts/drone_forge.gd:57"",""space-battleship/scripts/drone_forge.gd:61"",""space-battleship/scripts/drone_forge.gd:64"",""space-battleship/scripts/drone_forge.gd:69"",""space-battleship/scripts/drone_forge.gd:71"",""space-battleship/scripts/drone_forge.gd:77"",""space-battleship/scripts/drone_forge.gd:79"",""space-battleship/scripts/drone_forge.gd:84"",""space-battleship/scripts/drone_forge.gd:89"",""space-battleship/scripts/drone_forge.gd:91"",""space-battleship/scripts/drone_forge.gd:96"",""space-battleship/scripts/drone_forge.gd:134"",""space-battleship/scripts/drone_forge.gd:160"",""space-battleship/scripts/drone_inventory.gd:6"",""space-battleship/scripts/drone_inventory.gd:38"",""space-battleship/scripts/drone_inventory.gd:40"",""space-battleship/scripts/drone_inventory.gd:41"",""space-battleship/scripts/drone_inventory.gd:66"",""space-battleship/scripts/drone_effect_aggregator.gd:5"",""space-battleship/scripts/drone_effect_aggregator.gd:7"",""space-battleship/scripts/drone_effect_aggregator.gd:15"",""space-battleship/scripts/drone_effect_aggregator.gd:16"",""space-battleship/scripts/drone_effect_aggregator.gd:18"",""space-battleship/scripts/drone_effect_aggregator.gd:32""]"
space-battleship/data/hyperspace_config.json	/affixes/shield_capacity/ranges/3/0	float	0.8	"{""sheet"":""hyperspace_config"",""row"":355,""value_column"":""C"",""type_column"":""B""}"	词缀定义与阶级区间	minimum	balance	True	consumed	原始加成；数量词缀最终投影有int截断	已实现词缀定义、适用武器及各阶原值区间	保留当前JSON类型；数值有限；运行时C.number边界abs(value)<9e15；相关跨字段约束必须导入和启动均检查；仅已有实现ID/武器；阶1..5；min≤max，量化网格非空	"[""space-battleship/scripts/drone_rewards.gd:15"",""space-battleship/scripts/drone_rewards.gd:16"",""space-battleship/scripts/drone_rewards.gd:18"",""space-battleship/scripts/drone_rewards.gd:20"",""space-battleship/scripts/drone_rewards.gd:39"",""space-battleship/scripts/drone_rewards.gd:40"",""space-battleship/scripts/drone_rewards.gd:41"",""space-battleship/scripts/drone_forge.gd:11"",""space-battleship/scripts/drone_forge.gd:12"",""space-battleship/scripts/drone_forge.gd:15"",""space-battleship/scripts/drone_forge.gd:16"",""space-battleship/scripts/drone_forge.gd:56"",""space-battleship/scripts/drone_forge.gd:57"",""space-battleship/scripts/drone_forge.gd:61"",""space-battleship/scripts/drone_forge.gd:64"",""space-battleship/scripts/drone_forge.gd:69"",""space-battleship/scripts/drone_forge.gd:71"",""space-battleship/scripts/drone_forge.gd:77"",""space-battleship/scripts/drone_forge.gd:79"",""space-battleship/scripts/drone_forge.gd:84"",""space-battleship/scripts/drone_forge.gd:89"",""space-battleship/scripts/drone_forge.gd:91"",""space-battleship/scripts/drone_forge.gd:96"",""space-battleship/scripts/drone_forge.gd:134"",""space-battleship/scripts/drone_forge.gd:160"",""space-battleship/scripts/drone_inventory.gd:6"",""space-battleship/scripts/drone_inventory.gd:38"",""space-battleship/scripts/drone_inventory.gd:40"",""space-battleship/scripts/drone_inventory.gd:41"",""space-battleship/scripts/drone_inventory.gd:66"",""space-battleship/scripts/drone_effect_aggregator.gd:5"",""space-battleship/scripts/drone_effect_aggregator.gd:7"",""space-battleship/scripts/drone_effect_aggregator.gd:15"",""space-battleship/scripts/drone_effect_aggregator.gd:16"",""space-battleship/scripts/drone_effect_aggregator.gd:18"",""space-battleship/scripts/drone_effect_aggregator.gd:32""]"
space-battleship/data/hyperspace_config.json	/affixes/shield_capacity/ranges/3/1	int	1	"{""sheet"":""hyperspace_config"",""row"":356,""value_column"":""C"",""type_column"":""B""}"	词缀定义与阶级区间	maximum	balance	True	consumed	原始加成；数量词缀最终投影有int截断	已实现词缀定义、适用武器及各阶原值区间	保留当前JSON类型；数值有限；运行时C.number边界abs(value)<9e15；相关跨字段约束必须导入和启动均检查；仅已有实现ID/武器；阶1..5；min≤max，量化网格非空	"[""space-battleship/scripts/drone_rewards.gd:15"",""space-battleship/scripts/drone_rewards.gd:16"",""space-battleship/scripts/drone_rewards.gd:18"",""space-battleship/scripts/drone_rewards.gd:20"",""space-battleship/scripts/drone_rewards.gd:39"",""space-battleship/scripts/drone_rewards.gd:40"",""space-battleship/scripts/drone_rewards.gd:41"",""space-battleship/scripts/drone_forge.gd:11"",""space-battleship/scripts/drone_forge.gd:12"",""space-battleship/scripts/drone_forge.gd:15"",""space-battleship/scripts/drone_forge.gd:16"",""space-battleship/scripts/drone_forge.gd:56"",""space-battleship/scripts/drone_forge.gd:57"",""space-battleship/scripts/drone_forge.gd:61"",""space-battleship/scripts/drone_forge.gd:64"",""space-battleship/scripts/drone_forge.gd:69"",""space-battleship/scripts/drone_forge.gd:71"",""space-battleship/scripts/drone_forge.gd:77"",""space-battleship/scripts/drone_forge.gd:79"",""space-battleship/scripts/drone_forge.gd:84"",""space-battleship/scripts/drone_forge.gd:89"",""space-battleship/scripts/drone_forge.gd:91"",""space-battleship/scripts/drone_forge.gd:96"",""space-battleship/scripts/drone_forge.gd:134"",""space-battleship/scripts/drone_forge.gd:160"",""space-battleship/scripts/drone_inventory.gd:6"",""space-battleship/scripts/drone_inventory.gd:38"",""space-battleship/scripts/drone_inventory.gd:40"",""space-battleship/scripts/drone_inventory.gd:41"",""space-battleship/scripts/drone_inventory.gd:66"",""space-battleship/scripts/drone_effect_aggregator.gd:5"",""space-battleship/scripts/drone_effect_aggregator.gd:7"",""space-battleship/scripts/drone_effect_aggregator.gd:15"",""space-battleship/scripts/drone_effect_aggregator.gd:16"",""space-battleship/scripts/drone_effect_aggregator.gd:18"",""space-battleship/scripts/drone_effect_aggregator.gd:32""]"
space-battleship/data/hyperspace_config.json	/affixes/shield_capacity/ranges/4/0	float	0.4	"{""sheet"":""hyperspace_config"",""row"":358,""value_column"":""C"",""type_column"":""B""}"	词缀定义与阶级区间	minimum	balance	True	consumed	原始加成；数量词缀最终投影有int截断	已实现词缀定义、适用武器及各阶原值区间	保留当前JSON类型；数值有限；运行时C.number边界abs(value)<9e15；相关跨字段约束必须导入和启动均检查；仅已有实现ID/武器；阶1..5；min≤max，量化网格非空	"[""space-battleship/scripts/drone_rewards.gd:15"",""space-battleship/scripts/drone_rewards.gd:16"",""space-battleship/scripts/drone_rewards.gd:18"",""space-battleship/scripts/drone_rewards.gd:20"",""space-battleship/scripts/drone_rewards.gd:39"",""space-battleship/scripts/drone_rewards.gd:40"",""space-battleship/scripts/drone_rewards.gd:41"",""space-battleship/scripts/drone_forge.gd:11"",""space-battleship/scripts/drone_forge.gd:12"",""space-battleship/scripts/drone_forge.gd:15"",""space-battleship/scripts/drone_forge.gd:16"",""space-battleship/scripts/drone_forge.gd:56"",""space-battleship/scripts/drone_forge.gd:57"",""space-battleship/scripts/drone_forge.gd:61"",""space-battleship/scripts/drone_forge.gd:64"",""space-battleship/scripts/drone_forge.gd:69"",""space-battleship/scripts/drone_forge.gd:71"",""space-battleship/scripts/drone_forge.gd:77"",""space-battleship/scripts/drone_forge.gd:79"",""space-battleship/scripts/drone_forge.gd:84"",""space-battleship/scripts/drone_forge.gd:89"",""space-battleship/scripts/drone_forge.gd:91"",""space-battleship/scripts/drone_forge.gd:96"",""space-battleship/scripts/drone_forge.gd:134"",""space-battleship/scripts/drone_forge.gd:160"",""space-battleship/scripts/drone_inventory.gd:6"",""space-battleship/scripts/drone_inventory.gd:38"",""space-battleship/scripts/drone_inventory.gd:40"",""space-battleship/scripts/drone_inventory.gd:41"",""space-battleship/scripts/drone_inventory.gd:66"",""space-battleship/scripts/drone_effect_aggregator.gd:5"",""space-battleship/scripts/drone_effect_aggregator.gd:7"",""space-battleship/scripts/drone_effect_aggregator.gd:15"",""space-battleship/scripts/drone_effect_aggregator.gd:16"",""space-battleship/scripts/drone_effect_aggregator.gd:18"",""space-battleship/scripts/drone_effect_aggregator.gd:32""]"
space-battleship/data/hyperspace_config.json	/affixes/shield_capacity/ranges/4/1	float	0.6	"{""sheet"":""hyperspace_config"",""row"":359,""value_column"":""C"",""type_column"":""B""}"	词缀定义与阶级区间	maximum	balance	True	consumed	原始加成；数量词缀最终投影有int截断	已实现词缀定义、适用武器及各阶原值区间	保留当前JSON类型；数值有限；运行时C.number边界abs(value)<9e15；相关跨字段约束必须导入和启动均检查；仅已有实现ID/武器；阶1..5；min≤max，量化网格非空	"[""space-battleship/scripts/drone_rewards.gd:15"",""space-battleship/scripts/drone_rewards.gd:16"",""space-battleship/scripts/drone_rewards.gd:18"",""space-battleship/scripts/drone_rewards.gd:20"",""space-battleship/scripts/drone_rewards.gd:39"",""space-battleship/scripts/drone_rewards.gd:40"",""space-battleship/scripts/drone_rewards.gd:41"",""space-battleship/scripts/drone_forge.gd:11"",""space-battleship/scripts/drone_forge.gd:12"",""space-battleship/scripts/drone_forge.gd:15"",""space-battleship/scripts/drone_forge.gd:16"",""space-battleship/scripts/drone_forge.gd:56"",""space-battleship/scripts/drone_forge.gd:57"",""space-battleship/scripts/drone_forge.gd:61"",""space-battleship/scripts/drone_forge.gd:64"",""space-battleship/scripts/drone_forge.gd:69"",""space-battleship/scripts/drone_forge.gd:71"",""space-battleship/scripts/drone_forge.gd:77"",""space-battleship/scripts/drone_forge.gd:79"",""space-battleship/scripts/drone_forge.gd:84"",""space-battleship/scripts/drone_forge.gd:89"",""space-battleship/scripts/drone_forge.gd:91"",""space-battleship/scripts/drone_forge.gd:96"",""space-battleship/scripts/drone_forge.gd:134"",""space-battleship/scripts/drone_forge.gd:160"",""space-battleship/scripts/drone_inventory.gd:6"",""space-battleship/scripts/drone_inventory.gd:38"",""space-battleship/scripts/drone_inventory.gd:40"",""space-battleship/scripts/drone_inventory.gd:41"",""space-battleship/scripts/drone_inventory.gd:66"",""space-battleship/scripts/drone_effect_aggregator.gd:5"",""space-battleship/scripts/drone_effect_aggregator.gd:7"",""space-battleship/scripts/drone_effect_aggregator.gd:15"",""space-battleship/scripts/drone_effect_aggregator.gd:16"",""space-battleship/scripts/drone_effect_aggregator.gd:18"",""space-battleship/scripts/drone_effect_aggregator.gd:32""]"
space-battleship/data/hyperspace_config.json	/affixes/shield_capacity/ranges/5/0	float	0.1	"{""sheet"":""hyperspace_config"",""row"":361,""value_column"":""C"",""type_column"":""B""}"	词缀定义与阶级区间	minimum	balance	True	consumed	原始加成；数量词缀最终投影有int截断	已实现词缀定义、适用武器及各阶原值区间	保留当前JSON类型；数值有限；运行时C.number边界abs(value)<9e15；相关跨字段约束必须导入和启动均检查；仅已有实现ID/武器；阶1..5；min≤max，量化网格非空	"[""space-battleship/scripts/drone_rewards.gd:15"",""space-battleship/scripts/drone_rewards.gd:16"",""space-battleship/scripts/drone_rewards.gd:18"",""space-battleship/scripts/drone_rewards.gd:20"",""space-battleship/scripts/drone_rewards.gd:39"",""space-battleship/scripts/drone_rewards.gd:40"",""space-battleship/scripts/drone_rewards.gd:41"",""space-battleship/scripts/drone_forge.gd:11"",""space-battleship/scripts/drone_forge.gd:12"",""space-battleship/scripts/drone_forge.gd:15"",""space-battleship/scripts/drone_forge.gd:16"",""space-battleship/scripts/drone_forge.gd:56"",""space-battleship/scripts/drone_forge.gd:57"",""space-battleship/scripts/drone_forge.gd:61"",""space-battleship/scripts/drone_forge.gd:64"",""space-battleship/scripts/drone_forge.gd:69"",""space-battleship/scripts/drone_forge.gd:71"",""space-battleship/scripts/drone_forge.gd:77"",""space-battleship/scripts/drone_forge.gd:79"",""space-battleship/scripts/drone_forge.gd:84"",""space-battleship/scripts/drone_forge.gd:89"",""space-battleship/scripts/drone_forge.gd:91"",""space-battleship/scripts/drone_forge.gd:96"",""space-battleship/scripts/drone_forge.gd:134"",""space-battleship/scripts/drone_forge.gd:160"",""space-battleship/scripts/drone_inventory.gd:6"",""space-battleship/scripts/drone_inventory.gd:38"",""space-battleship/scripts/drone_inventory.gd:40"",""space-battleship/scripts/drone_inventory.gd:41"",""space-battleship/scripts/drone_inventory.gd:66"",""space-battleship/scripts/drone_effect_aggregator.gd:5"",""space-battleship/scripts/drone_effect_aggregator.gd:7"",""space-battleship/scripts/drone_effect_aggregator.gd:15"",""space-battleship/scripts/drone_effect_aggregator.gd:16"",""space-battleship/scripts/drone_effect_aggregator.gd:18"",""space-battleship/scripts/drone_effect_aggregator.gd:32""]"
space-battleship/data/hyperspace_config.json	/affixes/shield_capacity/ranges/5/1	float	0.2	"{""sheet"":""hyperspace_config"",""row"":362,""value_column"":""C"",""type_column"":""B""}"	词缀定义与阶级区间	maximum	balance	True	consumed	原始加成；数量词缀最终投影有int截断	已实现词缀定义、适用武器及各阶原值区间	保留当前JSON类型；数值有限；运行时C.number边界abs(value)<9e15；相关跨字段约束必须导入和启动均检查；仅已有实现ID/武器；阶1..5；min≤max，量化网格非空	"[""space-battleship/scripts/drone_rewards.gd:15"",""space-battleship/scripts/drone_rewards.gd:16"",""space-battleship/scripts/drone_rewards.gd:18"",""space-battleship/scripts/drone_rewards.gd:20"",""space-battleship/scripts/drone_rewards.gd:39"",""space-battleship/scripts/drone_rewards.gd:40"",""space-battleship/scripts/drone_rewards.gd:41"",""space-battleship/scripts/drone_forge.gd:11"",""space-battleship/scripts/drone_forge.gd:12"",""space-battleship/scripts/drone_forge.gd:15"",""space-battleship/scripts/drone_forge.gd:16"",""space-battleship/scripts/drone_forge.gd:56"",""space-battleship/scripts/drone_forge.gd:57"",""space-battleship/scripts/drone_forge.gd:61"",""space-battleship/scripts/drone_forge.gd:64"",""space-battleship/scripts/drone_forge.gd:69"",""space-battleship/scripts/drone_forge.gd:71"",""space-battleship/scripts/drone_forge.gd:77"",""space-battleship/scripts/drone_forge.gd:79"",""space-battleship/scripts/drone_forge.gd:84"",""space-battleship/scripts/drone_forge.gd:89"",""space-battleship/scripts/drone_forge.gd:91"",""space-battleship/scripts/drone_forge.gd:96"",""space-battleship/scripts/drone_forge.gd:134"",""space-battleship/scripts/drone_forge.gd:160"",""space-battleship/scripts/drone_inventory.gd:6"",""space-battleship/scripts/drone_inventory.gd:38"",""space-battleship/scripts/drone_inventory.gd:40"",""space-battleship/scripts/drone_inventory.gd:41"",""space-battleship/scripts/drone_inventory.gd:66"",""space-battleship/scripts/drone_effect_aggregator.gd:5"",""space-battleship/scripts/drone_effect_aggregator.gd:7"",""space-battleship/scripts/drone_effect_aggregator.gd:15"",""space-battleship/scripts/drone_effect_aggregator.gd:16"",""space-battleship/scripts/drone_effect_aggregator.gd:18"",""space-battleship/scripts/drone_effect_aggregator.gd:32""]"
space-battleship/data/hyperspace_config.json	/affixes/shield_capacity/amplified	bool	true	"{""sheet"":""hyperspace_config"",""row"":363,""value_column"":""C"",""type_column"":""B""}"	词缀定义与阶级区间	amplified	balance	True	consumed	bool	已实现词缀定义、适用武器及各阶原值区间	保留当前JSON类型；数值有限；运行时C.number边界abs(value)<9e15；相关跨字段约束必须导入和启动均检查；仅已有实现ID/武器；阶1..5；min≤max，量化网格非空	"[""space-battleship/scripts/drone_rewards.gd:15"",""space-battleship/scripts/drone_rewards.gd:16"",""space-battleship/scripts/drone_rewards.gd:18"",""space-battleship/scripts/drone_rewards.gd:20"",""space-battleship/scripts/drone_rewards.gd:39"",""space-battleship/scripts/drone_rewards.gd:40"",""space-battleship/scripts/drone_rewards.gd:41"",""space-battleship/scripts/drone_forge.gd:11"",""space-battleship/scripts/drone_forge.gd:12"",""space-battleship/scripts/drone_forge.gd:15"",""space-battleship/scripts/drone_forge.gd:16"",""space-battleship/scripts/drone_forge.gd:56"",""space-battleship/scripts/drone_forge.gd:57"",""space-battleship/scripts/drone_forge.gd:61"",""space-battleship/scripts/drone_forge.gd:64"",""space-battleship/scripts/drone_forge.gd:69"",""space-battleship/scripts/drone_forge.gd:71"",""space-battleship/scripts/drone_forge.gd:77"",""space-battleship/scripts/drone_forge.gd:79"",""space-battleship/scripts/drone_forge.gd:84"",""space-battleship/scripts/drone_forge.gd:89"",""space-battleship/scripts/drone_forge.gd:91"",""space-battleship/scripts/drone_forge.gd:96"",""space-battleship/scripts/drone_forge.gd:134"",""space-battleship/scripts/drone_forge.gd:160"",""space-battleship/scripts/drone_inventory.gd:6"",""space-battleship/scripts/drone_inventory.gd:38"",""space-battleship/scripts/drone_inventory.gd:40"",""space-battleship/scripts/drone_inventory.gd:41"",""space-battleship/scripts/drone_inventory.gd:66"",""space-battleship/scripts/drone_effect_aggregator.gd:5"",""space-battleship/scripts/drone_effect_aggregator.gd:7"",""space-battleship/scripts/drone_effect_aggregator.gd:15"",""space-battleship/scripts/drone_effect_aggregator.gd:16"",""space-battleship/scripts/drone_effect_aggregator.gd:18"",""space-battleship/scripts/drone_effect_aggregator.gd:32""]"
space-battleship/data/hyperspace_config.json	/affixes/shield_capacity/weapon	string		"{""sheet"":""hyperspace_config"",""row"":364,""value_column"":""C"",""type_column"":""B""}"	词缀定义与阶级区间	weapon	balance	True	consumed	武器ID	已实现词缀定义、适用武器及各阶原值区间	保留当前JSON类型；数值有限；运行时C.number边界abs(value)<9e15；相关跨字段约束必须导入和启动均检查；仅已有实现ID/武器；阶1..5；min≤max，量化网格非空	"[""space-battleship/scripts/drone_rewards.gd:15"",""space-battleship/scripts/drone_rewards.gd:16"",""space-battleship/scripts/drone_rewards.gd:18"",""space-battleship/scripts/drone_rewards.gd:20"",""space-battleship/scripts/drone_rewards.gd:39"",""space-battleship/scripts/drone_rewards.gd:40"",""space-battleship/scripts/drone_rewards.gd:41"",""space-battleship/scripts/drone_forge.gd:11"",""space-battleship/scripts/drone_forge.gd:12"",""space-battleship/scripts/drone_forge.gd:15"",""space-battleship/scripts/drone_forge.gd:16"",""space-battleship/scripts/drone_forge.gd:56"",""space-battleship/scripts/drone_forge.gd:57"",""space-battleship/scripts/drone_forge.gd:61"",""space-battleship/scripts/drone_forge.gd:64"",""space-battleship/scripts/drone_forge.gd:69"",""space-battleship/scripts/drone_forge.gd:71"",""space-battleship/scripts/drone_forge.gd:77"",""space-battleship/scripts/drone_forge.gd:79"",""space-battleship/scripts/drone_forge.gd:84"",""space-battleship/scripts/drone_forge.gd:89"",""space-battleship/scripts/drone_forge.gd:91"",""space-battleship/scripts/drone_forge.gd:96"",""space-battleship/scripts/drone_forge.gd:134"",""space-battleship/scripts/drone_forge.gd:160"",""space-battleship/scripts/drone_inventory.gd:6"",""space-battleship/scripts/drone_inventory.gd:38"",""space-battleship/scripts/drone_inventory.gd:40"",""space-battleship/scripts/drone_inventory.gd:41"",""space-battleship/scripts/drone_inventory.gd:66"",""space-battleship/scripts/drone_effect_aggregator.gd:5"",""space-battleship/scripts/drone_effect_aggregator.gd:7"",""space-battleship/scripts/drone_effect_aggregator.gd:15"",""space-battleship/scripts/drone_effect_aggregator.gd:16"",""space-battleship/scripts/drone_effect_aggregator.gd:18"",""space-battleship/scripts/drone_effect_aggregator.gd:32""]"
space-battleship/data/hyperspace_config.json	/hanging_modules/resource_collector/base_exp	int	100	"{""sheet"":""hyperspace_config"",""row"":367,""value_column"":""C"",""type_column"":""B""}"	挂设成长	base_exp	balance	True	consumed	经验/重复模块	首份模块只解锁不给经验；后续重复模块输入base_exp，升级阈值也用base_exp×(1+exp_growth)^level	保留当前JSON类型；数值有限；运行时C.number边界abs(value)<9e15；相关跨字段约束必须导入和启动均检查	"[""space-battleship/scripts/drone_rewards.gd:68"",""space-battleship/scripts/drone_rewards.gd:77"",""space-battleship/scripts/drone_rewards.gd:82"",""space-battleship/scripts/drone_rewards.gd:83"",""space-battleship/scripts/drone_effect_aggregator.gd:20"",""space-battleship/scripts/drone_effect_aggregator.gd:21"",""space-battleship/scripts/drone_effect_aggregator.gd:23"",""space-battleship/scripts/hyperspace_system.gd:288"",""space-battleship/scripts/hyperspace_system.gd:323""]"
space-battleship/data/hyperspace_config.json	/hanging_modules/resource_collector/exp_growth	float	0.2	"{""sheet"":""hyperspace_config"",""row"":368,""value_column"":""C"",""type_column"":""B""}"	挂设成长	exp_growth	balance	True	consumed	每级经验需求增长率	已实现挂设的经验与效果成长	保留当前JSON类型；数值有限；运行时C.number边界abs(value)<9e15；相关跨字段约束必须导入和启动均检查	"[""space-battleship/scripts/drone_rewards.gd:68"",""space-battleship/scripts/drone_rewards.gd:77"",""space-battleship/scripts/drone_rewards.gd:82"",""space-battleship/scripts/drone_rewards.gd:83"",""space-battleship/scripts/drone_effect_aggregator.gd:20"",""space-battleship/scripts/drone_effect_aggregator.gd:21"",""space-battleship/scripts/drone_effect_aggregator.gd:23"",""space-battleship/scripts/hyperspace_system.gd:288"",""space-battleship/scripts/hyperspace_system.gd:323""]"
space-battleship/data/hyperspace_config.json	/hanging_modules/resource_collector/effect_growth	float	0.1	"{""sheet"":""hyperspace_config"",""row"":369,""value_column"":""C"",""type_column"":""B""}"	挂设成长	effect_growth	balance	True	consumed	每级效果增长率	已实现挂设的经验与效果成长	保留当前JSON类型；数值有限；运行时C.number边界abs(value)<9e15；相关跨字段约束必须导入和启动均检查	"[""space-battleship/scripts/drone_rewards.gd:68"",""space-battleship/scripts/drone_rewards.gd:77"",""space-battleship/scripts/drone_rewards.gd:82"",""space-battleship/scripts/drone_rewards.gd:83"",""space-battleship/scripts/drone_effect_aggregator.gd:20"",""space-battleship/scripts/drone_effect_aggregator.gd:21"",""space-battleship/scripts/drone_effect_aggregator.gd:23"",""space-battleship/scripts/hyperspace_system.gd:288"",""space-battleship/scripts/hyperspace_system.gd:323""]"
space-battleship/data/hyperspace_config.json	/hanging_modules/resource_collector/unlock_stage	int	0	"{""sheet"":""hyperspace_config"",""row"":370,""value_column"":""C"",""type_column"":""B""}"	挂设成长	unlock_stage	balance	True	consumed	最高到达关卡	已实现挂设的经验与效果成长	保留当前JSON类型；数值有限；运行时C.number边界abs(value)<9e15；相关跨字段约束必须导入和启动均检查	"[""space-battleship/scripts/drone_rewards.gd:68"",""space-battleship/scripts/drone_rewards.gd:77"",""space-battleship/scripts/drone_rewards.gd:82"",""space-battleship/scripts/drone_rewards.gd:83"",""space-battleship/scripts/drone_effect_aggregator.gd:20"",""space-battleship/scripts/drone_effect_aggregator.gd:21"",""space-battleship/scripts/drone_effect_aggregator.gd:23"",""space-battleship/scripts/hyperspace_system.gd:288"",""space-battleship/scripts/hyperspace_system.gd:323""]"
space-battleship/data/hyperspace_config.json	/hanging_modules/resource_collector/effects/0	string	iron_income	"{""sheet"":""hyperspace_config"",""row"":372,""value_column"":""C"",""type_column"":""B""}"	挂设成长	0	descriptive_rule	False	not_consumed	效果标签	已实现挂设的经验与效果成长；effects是声明，真实接入按固定模块ID分支，不读取这组字符串	保留当前JSON类型；数值有限；运行时C.number边界abs(value)<9e15；相关跨字段约束必须导入和启动均检查；锁定，不提供任意玩法开关	[]
space-battleship/data/hyperspace_config.json	/hanging_modules/resource_collector/effects/1	string	uranium_income	"{""sheet"":""hyperspace_config"",""row"":373,""value_column"":""C"",""type_column"":""B""}"	挂设成长	1	descriptive_rule	False	not_consumed	效果标签	已实现挂设的经验与效果成长；effects是声明，真实接入按固定模块ID分支，不读取这组字符串	保留当前JSON类型；数值有限；运行时C.number边界abs(value)<9e15；相关跨字段约束必须导入和启动均检查；锁定，不提供任意玩法开关	[]
space-battleship/data/hyperspace_config.json	/hanging_modules/distributed_algorithm/base_exp	int	100	"{""sheet"":""hyperspace_config"",""row"":375,""value_column"":""C"",""type_column"":""B""}"	挂设成长	base_exp	balance	True	consumed	经验/重复模块	首份模块只解锁不给经验；后续重复模块输入base_exp，升级阈值也用base_exp×(1+exp_growth)^level	保留当前JSON类型；数值有限；运行时C.number边界abs(value)<9e15；相关跨字段约束必须导入和启动均检查	"[""space-battleship/scripts/drone_rewards.gd:68"",""space-battleship/scripts/drone_rewards.gd:77"",""space-battleship/scripts/drone_rewards.gd:82"",""space-battleship/scripts/drone_rewards.gd:83"",""space-battleship/scripts/drone_effect_aggregator.gd:20"",""space-battleship/scripts/drone_effect_aggregator.gd:21"",""space-battleship/scripts/drone_effect_aggregator.gd:23"",""space-battleship/scripts/hyperspace_system.gd:288"",""space-battleship/scripts/hyperspace_system.gd:323""]"
space-battleship/data/hyperspace_config.json	/hanging_modules/distributed_algorithm/exp_growth	float	0.2	"{""sheet"":""hyperspace_config"",""row"":376,""value_column"":""C"",""type_column"":""B""}"	挂设成长	exp_growth	balance	True	consumed	每级经验需求增长率	已实现挂设的经验与效果成长	保留当前JSON类型；数值有限；运行时C.number边界abs(value)<9e15；相关跨字段约束必须导入和启动均检查	"[""space-battleship/scripts/drone_rewards.gd:68"",""space-battleship/scripts/drone_rewards.gd:77"",""space-battleship/scripts/drone_rewards.gd:82"",""space-battleship/scripts/drone_rewards.gd:83"",""space-battleship/scripts/drone_effect_aggregator.gd:20"",""space-battleship/scripts/drone_effect_aggregator.gd:21"",""space-battleship/scripts/drone_effect_aggregator.gd:23"",""space-battleship/scripts/hyperspace_system.gd:288"",""space-battleship/scripts/hyperspace_system.gd:323""]"
space-battleship/data/hyperspace_config.json	/hanging_modules/distributed_algorithm/effect_growth	float	0.1	"{""sheet"":""hyperspace_config"",""row"":377,""value_column"":""C"",""type_column"":""B""}"	挂设成长	effect_growth	balance	True	consumed	每级效果增长率	已实现挂设的经验与效果成长	保留当前JSON类型；数值有限；运行时C.number边界abs(value)<9e15；相关跨字段约束必须导入和启动均检查	"[""space-battleship/scripts/drone_rewards.gd:68"",""space-battleship/scripts/drone_rewards.gd:77"",""space-battleship/scripts/drone_rewards.gd:82"",""space-battleship/scripts/drone_rewards.gd:83"",""space-battleship/scripts/drone_effect_aggregator.gd:20"",""space-battleship/scripts/drone_effect_aggregator.gd:21"",""space-battleship/scripts/drone_effect_aggregator.gd:23"",""space-battleship/scripts/hyperspace_system.gd:288"",""space-battleship/scripts/hyperspace_system.gd:323""]"
space-battleship/data/hyperspace_config.json	/hanging_modules/distributed_algorithm/unlock_stage	int	0	"{""sheet"":""hyperspace_config"",""row"":378,""value_column"":""C"",""type_column"":""B""}"	挂设成长	unlock_stage	balance	True	consumed	最高到达关卡	已实现挂设的经验与效果成长	保留当前JSON类型；数值有限；运行时C.number边界abs(value)<9e15；相关跨字段约束必须导入和启动均检查	"[""space-battleship/scripts/drone_rewards.gd:68"",""space-battleship/scripts/drone_rewards.gd:77"",""space-battleship/scripts/drone_rewards.gd:82"",""space-battleship/scripts/drone_rewards.gd:83"",""space-battleship/scripts/drone_effect_aggregator.gd:20"",""space-battleship/scripts/drone_effect_aggregator.gd:21"",""space-battleship/scripts/drone_effect_aggregator.gd:23"",""space-battleship/scripts/hyperspace_system.gd:288"",""space-battleship/scripts/hyperspace_system.gd:323""]"
space-battleship/data/hyperspace_config.json	/hanging_modules/distributed_algorithm/effects/0	string	ai_speed	"{""sheet"":""hyperspace_config"",""row"":380,""value_column"":""C"",""type_column"":""B""}"	挂设成长	0	descriptive_rule	False	not_consumed	效果标签	已实现挂设的经验与效果成长；effects是声明，真实接入按固定模块ID分支，不读取这组字符串	保留当前JSON类型；数值有限；运行时C.number边界abs(value)<9e15；相关跨字段约束必须导入和启动均检查；锁定，不提供任意玩法开关	[]
space-battleship/data/hyperspace_config.json	/hanging_modules/extra_storage/base_exp	int	100	"{""sheet"":""hyperspace_config"",""row"":382,""value_column"":""C"",""type_column"":""B""}"	挂设成长	base_exp	balance	True	consumed	经验/重复模块	首份模块只解锁不给经验；后续重复模块输入base_exp，升级阈值也用base_exp×(1+exp_growth)^level	保留当前JSON类型；数值有限；运行时C.number边界abs(value)<9e15；相关跨字段约束必须导入和启动均检查	"[""space-battleship/scripts/drone_rewards.gd:68"",""space-battleship/scripts/drone_rewards.gd:77"",""space-battleship/scripts/drone_rewards.gd:82"",""space-battleship/scripts/drone_rewards.gd:83"",""space-battleship/scripts/drone_effect_aggregator.gd:20"",""space-battleship/scripts/drone_effect_aggregator.gd:21"",""space-battleship/scripts/drone_effect_aggregator.gd:23"",""space-battleship/scripts/hyperspace_system.gd:288"",""space-battleship/scripts/hyperspace_system.gd:323""]"
space-battleship/data/hyperspace_config.json	/hanging_modules/extra_storage/exp_growth	float	0.2	"{""sheet"":""hyperspace_config"",""row"":383,""value_column"":""C"",""type_column"":""B""}"	挂设成长	exp_growth	balance	True	consumed	每级经验需求增长率	已实现挂设的经验与效果成长	保留当前JSON类型；数值有限；运行时C.number边界abs(value)<9e15；相关跨字段约束必须导入和启动均检查	"[""space-battleship/scripts/drone_rewards.gd:68"",""space-battleship/scripts/drone_rewards.gd:77"",""space-battleship/scripts/drone_rewards.gd:82"",""space-battleship/scripts/drone_rewards.gd:83"",""space-battleship/scripts/drone_effect_aggregator.gd:20"",""space-battleship/scripts/drone_effect_aggregator.gd:21"",""space-battleship/scripts/drone_effect_aggregator.gd:23"",""space-battleship/scripts/hyperspace_system.gd:288"",""space-battleship/scripts/hyperspace_system.gd:323""]"
space-battleship/data/hyperspace_config.json	/hanging_modules/extra_storage/effect_growth	float	0.1	"{""sheet"":""hyperspace_config"",""row"":384,""value_column"":""C"",""type_column"":""B""}"	挂设成长	effect_growth	balance	True	consumed	每级效果增长率	已实现挂设的经验与效果成长	保留当前JSON类型；数值有限；运行时C.number边界abs(value)<9e15；相关跨字段约束必须导入和启动均检查	"[""space-battleship/scripts/drone_rewards.gd:68"",""space-battleship/scripts/drone_rewards.gd:77"",""space-battleship/scripts/drone_rewards.gd:82"",""space-battleship/scripts/drone_rewards.gd:83"",""space-battleship/scripts/drone_effect_aggregator.gd:20"",""space-battleship/scripts/drone_effect_aggregator.gd:21"",""space-battleship/scripts/drone_effect_aggregator.gd:23"",""space-battleship/scripts/hyperspace_system.gd:288"",""space-battleship/scripts/hyperspace_system.gd:323""]"
space-battleship/data/hyperspace_config.json	/hanging_modules/extra_storage/unlock_stage	int	0	"{""sheet"":""hyperspace_config"",""row"":385,""value_column"":""C"",""type_column"":""B""}"	挂设成长	unlock_stage	balance	True	consumed	最高到达关卡	已实现挂设的经验与效果成长	保留当前JSON类型；数值有限；运行时C.number边界abs(value)<9e15；相关跨字段约束必须导入和启动均检查	"[""space-battleship/scripts/drone_rewards.gd:68"",""space-battleship/scripts/drone_rewards.gd:77"",""space-battleship/scripts/drone_rewards.gd:82"",""space-battleship/scripts/drone_rewards.gd:83"",""space-battleship/scripts/drone_effect_aggregator.gd:20"",""space-battleship/scripts/drone_effect_aggregator.gd:21"",""space-battleship/scripts/drone_effect_aggregator.gd:23"",""space-battleship/scripts/hyperspace_system.gd:288"",""space-battleship/scripts/hyperspace_system.gd:323""]"
space-battleship/data/hyperspace_config.json	/hanging_modules/extra_storage/effects/0	string	reactor_energy_cap	"{""sheet"":""hyperspace_config"",""row"":387,""value_column"":""C"",""type_column"":""B""}"	挂设成长	0	descriptive_rule	False	not_consumed	效果标签	已实现挂设的经验与效果成长；effects是声明，真实接入按固定模块ID分支，不读取这组字符串	保留当前JSON类型；数值有限；运行时C.number边界abs(value)<9e15；相关跨字段约束必须导入和启动均检查；锁定，不提供任意玩法开关	[]
space-battleship/data/hyperspace_config.json	/hanging_modules/gem_refiner/base_exp	int	100	"{""sheet"":""hyperspace_config"",""row"":389,""value_column"":""C"",""type_column"":""B""}"	挂设成长	base_exp	balance	True	consumed	经验/重复模块	首份模块只解锁不给经验；后续重复模块输入base_exp，升级阈值也用base_exp×(1+exp_growth)^level	保留当前JSON类型；数值有限；运行时C.number边界abs(value)<9e15；相关跨字段约束必须导入和启动均检查	"[""space-battleship/scripts/drone_rewards.gd:68"",""space-battleship/scripts/drone_rewards.gd:77"",""space-battleship/scripts/drone_rewards.gd:82"",""space-battleship/scripts/drone_rewards.gd:83"",""space-battleship/scripts/drone_effect_aggregator.gd:20"",""space-battleship/scripts/drone_effect_aggregator.gd:21"",""space-battleship/scripts/drone_effect_aggregator.gd:23"",""space-battleship/scripts/hyperspace_system.gd:288"",""space-battleship/scripts/hyperspace_system.gd:323""]"
space-battleship/data/hyperspace_config.json	/hanging_modules/gem_refiner/exp_growth	float	0.2	"{""sheet"":""hyperspace_config"",""row"":390,""value_column"":""C"",""type_column"":""B""}"	挂设成长	exp_growth	balance	True	consumed	每级经验需求增长率	已实现挂设的经验与效果成长	保留当前JSON类型；数值有限；运行时C.number边界abs(value)<9e15；相关跨字段约束必须导入和启动均检查	"[""space-battleship/scripts/drone_rewards.gd:68"",""space-battleship/scripts/drone_rewards.gd:77"",""space-battleship/scripts/drone_rewards.gd:82"",""space-battleship/scripts/drone_rewards.gd:83"",""space-battleship/scripts/drone_effect_aggregator.gd:20"",""space-battleship/scripts/drone_effect_aggregator.gd:21"",""space-battleship/scripts/drone_effect_aggregator.gd:23"",""space-battleship/scripts/hyperspace_system.gd:288"",""space-battleship/scripts/hyperspace_system.gd:323""]"
space-battleship/data/hyperspace_config.json	/hanging_modules/gem_refiner/effect_growth	float	0.1	"{""sheet"":""hyperspace_config"",""row"":391,""value_column"":""C"",""type_column"":""B""}"	挂设成长	effect_growth	balance	True	consumed	每级效果增长率	已实现挂设的经验与效果成长	保留当前JSON类型；数值有限；运行时C.number边界abs(value)<9e15；相关跨字段约束必须导入和启动均检查	"[""space-battleship/scripts/drone_rewards.gd:68"",""space-battleship/scripts/drone_rewards.gd:77"",""space-battleship/scripts/drone_rewards.gd:82"",""space-battleship/scripts/drone_rewards.gd:83"",""space-battleship/scripts/drone_effect_aggregator.gd:20"",""space-battleship/scripts/drone_effect_aggregator.gd:21"",""space-battleship/scripts/drone_effect_aggregator.gd:23"",""space-battleship/scripts/hyperspace_system.gd:288"",""space-battleship/scripts/hyperspace_system.gd:323""]"
space-battleship/data/hyperspace_config.json	/hanging_modules/gem_refiner/unlock_stage	int	15	"{""sheet"":""hyperspace_config"",""row"":392,""value_column"":""C"",""type_column"":""B""}"	挂设成长	unlock_stage	balance	True	consumed	最高到达关卡	已实现挂设的经验与效果成长	保留当前JSON类型；数值有限；运行时C.number边界abs(value)<9e15；相关跨字段约束必须导入和启动均检查	"[""space-battleship/scripts/drone_rewards.gd:68"",""space-battleship/scripts/drone_rewards.gd:77"",""space-battleship/scripts/drone_rewards.gd:82"",""space-battleship/scripts/drone_rewards.gd:83"",""space-battleship/scripts/drone_effect_aggregator.gd:20"",""space-battleship/scripts/drone_effect_aggregator.gd:21"",""space-battleship/scripts/drone_effect_aggregator.gd:23"",""space-battleship/scripts/hyperspace_system.gd:288"",""space-battleship/scripts/hyperspace_system.gd:323""]"
space-battleship/data/hyperspace_config.json	/hanging_modules/gem_refiner/effects/0	string	gem_income	"{""sheet"":""hyperspace_config"",""row"":394,""value_column"":""C"",""type_column"":""B""}"	挂设成长	0	descriptive_rule	False	not_consumed	效果标签	已实现挂设的经验与效果成长；effects是声明，真实接入按固定模块ID分支，不读取这组字符串	保留当前JSON类型；数值有限；运行时C.number边界abs(value)<9e15；相关跨字段约束必须导入和启动均检查；锁定，不提供任意玩法开关	[]
space-battleship/data/hyperspace_config.json	/hanging_modules/hyperspace_charge/base_exp	int	100	"{""sheet"":""hyperspace_config"",""row"":396,""value_column"":""C"",""type_column"":""B""}"	挂设成长	base_exp	balance	True	consumed	经验/重复模块	首份模块只解锁不给经验；后续重复模块输入base_exp，升级阈值也用base_exp×(1+exp_growth)^level	保留当前JSON类型；数值有限；运行时C.number边界abs(value)<9e15；相关跨字段约束必须导入和启动均检查	"[""space-battleship/scripts/drone_rewards.gd:68"",""space-battleship/scripts/drone_rewards.gd:77"",""space-battleship/scripts/drone_rewards.gd:82"",""space-battleship/scripts/drone_rewards.gd:83"",""space-battleship/scripts/drone_effect_aggregator.gd:20"",""space-battleship/scripts/drone_effect_aggregator.gd:21"",""space-battleship/scripts/drone_effect_aggregator.gd:23"",""space-battleship/scripts/hyperspace_system.gd:288"",""space-battleship/scripts/hyperspace_system.gd:323""]"
space-battleship/data/hyperspace_config.json	/hanging_modules/hyperspace_charge/exp_growth	float	0.2	"{""sheet"":""hyperspace_config"",""row"":397,""value_column"":""C"",""type_column"":""B""}"	挂设成长	exp_growth	balance	True	consumed	每级经验需求增长率	已实现挂设的经验与效果成长	保留当前JSON类型；数值有限；运行时C.number边界abs(value)<9e15；相关跨字段约束必须导入和启动均检查	"[""space-battleship/scripts/drone_rewards.gd:68"",""space-battleship/scripts/drone_rewards.gd:77"",""space-battleship/scripts/drone_rewards.gd:82"",""space-battleship/scripts/drone_rewards.gd:83"",""space-battleship/scripts/drone_effect_aggregator.gd:20"",""space-battleship/scripts/drone_effect_aggregator.gd:21"",""space-battleship/scripts/drone_effect_aggregator.gd:23"",""space-battleship/scripts/hyperspace_system.gd:288"",""space-battleship/scripts/hyperspace_system.gd:323""]"
space-battleship/data/hyperspace_config.json	/hanging_modules/hyperspace_charge/effect_growth	float	0.1	"{""sheet"":""hyperspace_config"",""row"":398,""value_column"":""C"",""type_column"":""B""}"	挂设成长	effect_growth	balance	True	consumed	每级效果增长率	已实现挂设的经验与效果成长	保留当前JSON类型；数值有限；运行时C.number边界abs(value)<9e15；相关跨字段约束必须导入和启动均检查	"[""space-battleship/scripts/drone_rewards.gd:68"",""space-battleship/scripts/drone_rewards.gd:77"",""space-battleship/scripts/drone_rewards.gd:82"",""space-battleship/scripts/drone_rewards.gd:83"",""space-battleship/scripts/drone_effect_aggregator.gd:20"",""space-battleship/scripts/drone_effect_aggregator.gd:21"",""space-battleship/scripts/drone_effect_aggregator.gd:23"",""space-battleship/scripts/hyperspace_system.gd:288"",""space-battleship/scripts/hyperspace_system.gd:323""]"
space-battleship/data/hyperspace_config.json	/hanging_modules/hyperspace_charge/unlock_stage	int	0	"{""sheet"":""hyperspace_config"",""row"":399,""value_column"":""C"",""type_column"":""B""}"	挂设成长	unlock_stage	balance	True	consumed	最高到达关卡	已实现挂设的经验与效果成长	保留当前JSON类型；数值有限；运行时C.number边界abs(value)<9e15；相关跨字段约束必须导入和启动均检查	"[""space-battleship/scripts/drone_rewards.gd:68"",""space-battleship/scripts/drone_rewards.gd:77"",""space-battleship/scripts/drone_rewards.gd:82"",""space-battleship/scripts/drone_rewards.gd:83"",""space-battleship/scripts/drone_effect_aggregator.gd:20"",""space-battleship/scripts/drone_effect_aggregator.gd:21"",""space-battleship/scripts/drone_effect_aggregator.gd:23"",""space-battleship/scripts/hyperspace_system.gd:288"",""space-battleship/scripts/hyperspace_system.gd:323""]"
space-battleship/data/hyperspace_config.json	/hanging_modules/hyperspace_charge/effects/0	string	hyperspace_energy_rate	"{""sheet"":""hyperspace_config"",""row"":401,""value_column"":""C"",""type_column"":""B""}"	挂设成长	0	descriptive_rule	False	not_consumed	效果标签	已实现挂设的经验与效果成长；effects是声明，真实接入按固定模块ID分支，不读取这组字符串	保留当前JSON类型；数值有限；运行时C.number边界abs(value)<9e15；相关跨字段约束必须导入和启动均检查；锁定，不提供任意玩法开关	[]
space-battleship/data/hyperspace_config.json	/hanging_modules/hyperspace_charge/effects/1	string	hyperspace_energy_cap	"{""sheet"":""hyperspace_config"",""row"":402,""value_column"":""C"",""type_column"":""B""}"	挂设成长	1	descriptive_rule	False	not_consumed	效果标签	已实现挂设的经验与效果成长；effects是声明，真实接入按固定模块ID分支，不读取这组字符串	保留当前JSON类型；数值有限；运行时C.number边界abs(value)<9e15；相关跨字段约束必须导入和启动均检查；锁定，不提供任意玩法开关	[]
space-battleship/data/hyperspace_config.json	/legendary_effects/higgs_cannon/weapon	string	cannon	"{""sheet"":""hyperspace_config"",""row"":405,""value_column"":""C"",""type_column"":""B""}"	传说参数与常量	weapon	balance	True	consumed	既有武器ID	已实现传说效果参数区间与固定常量	保留当前JSON类型；数值有限；运行时C.number边界abs(value)<9e15；相关跨字段约束必须导入和启动均检查	"[""space-battleship/scripts/drone_rewards.gd:23"",""space-battleship/scripts/drone_rewards.gd:26"",""space-battleship/scripts/drone_rewards.gd:27"",""space-battleship/scripts/drone_forge.gd:100"",""space-battleship/scripts/drone_forge.gd:117"",""space-battleship/scripts/drone_inventory.gd:46"",""space-battleship/scripts/drone_inventory.gd:47"",""space-battleship/scripts/drone_effect_aggregator.gd:31""]"
space-battleship/data/hyperspace_config.json	/legendary_effects/higgs_cannon/parameters/damage_bonus/0	int	2	"{""sheet"":""hyperspace_config"",""row"":408,""value_column"":""C"",""type_column"":""B""}"	传说参数与常量	minimum	balance	True	consumed	倍率/比例/计数，见实体列定义	已实现传说效果参数区间与固定常量	保留当前JSON类型；数值有限；运行时C.number边界abs(value)<9e15；相关跨字段约束必须导入和启动均检查	"[""space-battleship/scripts/drone_rewards.gd:23"",""space-battleship/scripts/drone_rewards.gd:26"",""space-battleship/scripts/drone_rewards.gd:27"",""space-battleship/scripts/drone_forge.gd:100"",""space-battleship/scripts/drone_forge.gd:117"",""space-battleship/scripts/drone_inventory.gd:46"",""space-battleship/scripts/drone_inventory.gd:47"",""space-battleship/scripts/drone_effect_aggregator.gd:31""]"
space-battleship/data/hyperspace_config.json	/legendary_effects/higgs_cannon/parameters/damage_bonus/1	int	3	"{""sheet"":""hyperspace_config"",""row"":409,""value_column"":""C"",""type_column"":""B""}"	传说参数与常量	maximum	balance	True	consumed	倍率/比例/计数，见实体列定义	已实现传说效果参数区间与固定常量	保留当前JSON类型；数值有限；运行时C.number边界abs(value)<9e15；相关跨字段约束必须导入和启动均检查	"[""space-battleship/scripts/drone_rewards.gd:23"",""space-battleship/scripts/drone_rewards.gd:26"",""space-battleship/scripts/drone_rewards.gd:27"",""space-battleship/scripts/drone_forge.gd:100"",""space-battleship/scripts/drone_forge.gd:117"",""space-battleship/scripts/drone_inventory.gd:46"",""space-battleship/scripts/drone_inventory.gd:47"",""space-battleship/scripts/drone_effect_aggregator.gd:31""]"
space-battleship/data/hyperspace_config.json	/legendary_effects/higgs_cannon/parameters/area_bonus/0	int	1	"{""sheet"":""hyperspace_config"",""row"":411,""value_column"":""C"",""type_column"":""B""}"	传说参数与常量	minimum	balance	True	consumed	倍率/比例/计数，见实体列定义	已实现传说效果参数区间与固定常量	保留当前JSON类型；数值有限；运行时C.number边界abs(value)<9e15；相关跨字段约束必须导入和启动均检查	"[""space-battleship/scripts/drone_rewards.gd:23"",""space-battleship/scripts/drone_rewards.gd:26"",""space-battleship/scripts/drone_rewards.gd:27"",""space-battleship/scripts/drone_forge.gd:100"",""space-battleship/scripts/drone_forge.gd:117"",""space-battleship/scripts/drone_inventory.gd:46"",""space-battleship/scripts/drone_inventory.gd:47"",""space-battleship/scripts/drone_effect_aggregator.gd:31""]"
space-battleship/data/hyperspace_config.json	/legendary_effects/higgs_cannon/parameters/area_bonus/1	int	2	"{""sheet"":""hyperspace_config"",""row"":412,""value_column"":""C"",""type_column"":""B""}"	传说参数与常量	maximum	balance	True	consumed	倍率/比例/计数，见实体列定义	已实现传说效果参数区间与固定常量	保留当前JSON类型；数值有限；运行时C.number边界abs(value)<9e15；相关跨字段约束必须导入和启动均检查	"[""space-battleship/scripts/drone_rewards.gd:23"",""space-battleship/scripts/drone_rewards.gd:26"",""space-battleship/scripts/drone_rewards.gd:27"",""space-battleship/scripts/drone_forge.gd:100"",""space-battleship/scripts/drone_forge.gd:117"",""space-battleship/scripts/drone_inventory.gd:46"",""space-battleship/scripts/drone_inventory.gd:47"",""space-battleship/scripts/drone_effect_aggregator.gd:31""]"
space-battleship/data/hyperspace_config.json	/legendary_effects/higgs_cannon/constants/maximum_cannon_sources	int	1	"{""sheet"":""hyperspace_config"",""row"":414,""value_column"":""C"",""type_column"":""B""}"	传说参数与常量	maximum_cannon_sources	balance	True	consumed	倍率/比例/计数，见实体列定义	已实现传说效果参数区间与固定常量	保留当前JSON类型；数值有限；运行时C.number边界abs(value)<9e15；相关跨字段约束必须导入和启动均检查	"[""space-battleship/scripts/hyperspace_system.gd:200""]"
space-battleship/data/hyperspace_config.json	/legendary_effects/scatter_pulse/weapon	string	laser	"{""sheet"":""hyperspace_config"",""row"":416,""value_column"":""C"",""type_column"":""B""}"	传说参数与常量	weapon	balance	True	consumed	既有武器ID	已实现传说效果参数区间与固定常量	保留当前JSON类型；数值有限；运行时C.number边界abs(value)<9e15；相关跨字段约束必须导入和启动均检查	"[""space-battleship/scripts/drone_rewards.gd:23"",""space-battleship/scripts/drone_rewards.gd:26"",""space-battleship/scripts/drone_rewards.gd:27"",""space-battleship/scripts/drone_forge.gd:100"",""space-battleship/scripts/drone_forge.gd:117"",""space-battleship/scripts/drone_inventory.gd:46"",""space-battleship/scripts/drone_inventory.gd:47"",""space-battleship/scripts/drone_effect_aggregator.gd:31""]"
space-battleship/data/hyperspace_config.json	/legendary_effects/scatter_pulse/parameters/single_target_bonus/0	int	2	"{""sheet"":""hyperspace_config"",""row"":419,""value_column"":""C"",""type_column"":""B""}"	传说参数与常量	minimum	balance	True	consumed	倍率/比例/计数，见实体列定义	已实现传说效果参数区间与固定常量	保留当前JSON类型；数值有限；运行时C.number边界abs(value)<9e15；相关跨字段约束必须导入和启动均检查	"[""space-battleship/scripts/drone_rewards.gd:23"",""space-battleship/scripts/drone_rewards.gd:26"",""space-battleship/scripts/drone_rewards.gd:27"",""space-battleship/scripts/drone_forge.gd:100"",""space-battleship/scripts/drone_forge.gd:117"",""space-battleship/scripts/drone_inventory.gd:46"",""space-battleship/scripts/drone_inventory.gd:47"",""space-battleship/scripts/drone_effect_aggregator.gd:31""]"
space-battleship/data/hyperspace_config.json	/legendary_effects/scatter_pulse/parameters/single_target_bonus/1	int	3	"{""sheet"":""hyperspace_config"",""row"":420,""value_column"":""C"",""type_column"":""B""}"	传说参数与常量	maximum	balance	True	consumed	倍率/比例/计数，见实体列定义	已实现传说效果参数区间与固定常量	保留当前JSON类型；数值有限；运行时C.number边界abs(value)<9e15；相关跨字段约束必须导入和启动均检查	"[""space-battleship/scripts/drone_rewards.gd:23"",""space-battleship/scripts/drone_rewards.gd:26"",""space-battleship/scripts/drone_rewards.gd:27"",""space-battleship/scripts/drone_forge.gd:100"",""space-battleship/scripts/drone_forge.gd:117"",""space-battleship/scripts/drone_inventory.gd:46"",""space-battleship/scripts/drone_inventory.gd:47"",""space-battleship/scripts/drone_effect_aggregator.gd:31""]"
space-battleship/data/hyperspace_config.json	/legendary_effects/precise_guidance/weapon	string	missile	"{""sheet"":""hyperspace_config"",""row"":423,""value_column"":""C"",""type_column"":""B""}"	传说参数与常量	weapon	balance	True	consumed	既有武器ID	已实现传说效果参数区间与固定常量	保留当前JSON类型；数值有限；运行时C.number边界abs(value)<9e15；相关跨字段约束必须导入和启动均检查	"[""space-battleship/scripts/drone_rewards.gd:23"",""space-battleship/scripts/drone_rewards.gd:26"",""space-battleship/scripts/drone_rewards.gd:27"",""space-battleship/scripts/drone_forge.gd:100"",""space-battleship/scripts/drone_forge.gd:117"",""space-battleship/scripts/drone_inventory.gd:46"",""space-battleship/scripts/drone_inventory.gd:47"",""space-battleship/scripts/drone_effect_aggregator.gd:31""]"
space-battleship/data/hyperspace_config.json	/legendary_effects/precise_guidance/constants/stack_multiplier	float	1.5	"{""sheet"":""hyperspace_config"",""row"":426,""value_column"":""C"",""type_column"":""B""}"	传说参数与常量	stack_multiplier	balance	True	consumed	倍率/比例/计数，见实体列定义	已实现传说效果参数区间与固定常量	保留当前JSON类型；数值有限；运行时C.number边界abs(value)<9e15；相关跨字段约束必须导入和启动均检查	"[""space-battleship/scripts/game.gd:2415""]"
space-battleship/data/hyperspace_config.json	/legendary_effects/precise_guidance/constants/stack_limit_enabled	bool	false	"{""sheet"":""hyperspace_config"",""row"":427,""value_column"":""C"",""type_column"":""B""}"	传说参数与常量	stack_limit_enabled	balance	True	consumed	倍率/比例/计数，见实体列定义	已实现传说效果参数区间与固定常量	保留当前JSON类型；数值有限；运行时C.number边界abs(value)<9e15；相关跨字段约束必须导入和启动均检查	"[""space-battleship/scripts/game.gd:2418""]"
space-battleship/data/hyperspace_config.json	/legendary_effects/precise_guidance/constants/stack_limit	int	0	"{""sheet"":""hyperspace_config"",""row"":428,""value_column"":""C"",""type_column"":""B""}"	传说参数与常量	stack_limit	balance	True	consumed	倍率/比例/计数，见实体列定义	已实现传说效果参数区间与固定常量	保留当前JSON类型；数值有限；运行时C.number边界abs(value)<9e15；相关跨字段约束必须导入和启动均检查	"[""space-battleship/scripts/game.gd:2418""]"
space-battleship/data/hyperspace_config.json	/legendary_effects/precise_guidance/constants/counting_policy	string	first_hit_per_batch_per_target	"{""sheet"":""hyperspace_config"",""row"":429,""value_column"":""C"",""type_column"":""B""}"	传说参数与常量	counting_policy	descriptive_rule	False	not_consumed	倍率/比例/计数，见实体列定义	已实现传说效果参数区间与固定常量；当前行为是固定实现，不通过此字段改变	保留当前JSON类型；数值有限；运行时C.number边界abs(value)<9e15；相关跨字段约束必须导入和启动均检查；锁定，不提供任意玩法开关	[]
space-battleship/data/hyperspace_config.json	/legendary_effects/prism_tower/weapon	string	longLaser	"{""sheet"":""hyperspace_config"",""row"":431,""value_column"":""C"",""type_column"":""B""}"	传说参数与常量	weapon	balance	True	consumed	既有武器ID	已实现传说效果参数区间与固定常量	保留当前JSON类型；数值有限；运行时C.number边界abs(value)<9e15；相关跨字段约束必须导入和启动均检查	"[""space-battleship/scripts/drone_rewards.gd:23"",""space-battleship/scripts/drone_rewards.gd:26"",""space-battleship/scripts/drone_rewards.gd:27"",""space-battleship/scripts/drone_forge.gd:100"",""space-battleship/scripts/drone_forge.gd:117"",""space-battleship/scripts/drone_inventory.gd:46"",""space-battleship/scripts/drone_inventory.gd:47"",""space-battleship/scripts/drone_effect_aggregator.gd:31""]"
space-battleship/data/hyperspace_config.json	/legendary_effects/prism_tower/parameters/maximum_multiplier_bonus/0	float	1.3	"{""sheet"":""hyperspace_config"",""row"":434,""value_column"":""C"",""type_column"":""B""}"	传说参数与常量	minimum	balance	True	consumed	倍率/比例/计数，见实体列定义	已实现传说效果参数区间与固定常量	保留当前JSON类型；数值有限；运行时C.number边界abs(value)<9e15；相关跨字段约束必须导入和启动均检查	"[""space-battleship/scripts/drone_rewards.gd:23"",""space-battleship/scripts/drone_rewards.gd:26"",""space-battleship/scripts/drone_rewards.gd:27"",""space-battleship/scripts/drone_forge.gd:100"",""space-battleship/scripts/drone_forge.gd:117"",""space-battleship/scripts/drone_inventory.gd:46"",""space-battleship/scripts/drone_inventory.gd:47"",""space-battleship/scripts/drone_effect_aggregator.gd:31""]"
space-battleship/data/hyperspace_config.json	/legendary_effects/prism_tower/parameters/maximum_multiplier_bonus/1	int	2	"{""sheet"":""hyperspace_config"",""row"":435,""value_column"":""C"",""type_column"":""B""}"	传说参数与常量	maximum	balance	True	consumed	倍率/比例/计数，见实体列定义	已实现传说效果参数区间与固定常量	保留当前JSON类型；数值有限；运行时C.number边界abs(value)<9e15；相关跨字段约束必须导入和启动均检查	"[""space-battleship/scripts/drone_rewards.gd:23"",""space-battleship/scripts/drone_rewards.gd:26"",""space-battleship/scripts/drone_rewards.gd:27"",""space-battleship/scripts/drone_forge.gd:100"",""space-battleship/scripts/drone_forge.gd:117"",""space-battleship/scripts/drone_inventory.gd:46"",""space-battleship/scripts/drone_inventory.gd:47"",""space-battleship/scripts/drone_effect_aggregator.gd:31""]"
space-battleship/data/hyperspace_config.json	/legendary_effects/prism_tower/constants/nearby_targets	int	5	"{""sheet"":""hyperspace_config"",""row"":437,""value_column"":""C"",""type_column"":""B""}"	传说参数与常量	nearby_targets	balance	True	consumed	倍率/比例/计数，见实体列定义	已实现传说效果参数区间与固定常量	保留当前JSON类型；数值有限；运行时C.number边界abs(value)<9e15；相关跨字段约束必须导入和启动均检查	"[""space-battleship/scripts/game.gd:3463""]"
space-battleship/data/hyperspace_config.json	/legendary_effects/prism_tower/constants/maximum_towers	int	1	"{""sheet"":""hyperspace_config"",""row"":438,""value_column"":""C"",""type_column"":""B""}"	传说参数与常量	maximum_towers	descriptive_rule	False	not_consumed	倍率/比例/计数，见实体列定义	已实现传说效果参数区间与固定常量；当前行为是固定实现，不通过此字段改变	保留当前JSON类型；数值有限；运行时C.number边界abs(value)<9e15；相关跨字段约束必须导入和启动均检查；锁定，不提供任意玩法开关	[]
space-battleship/data/hyperspace_config.json	/legendary_effects/strange_matter/weapon	string	cannon	"{""sheet"":""hyperspace_config"",""row"":440,""value_column"":""C"",""type_column"":""B""}"	传说参数与常量	weapon	balance	True	consumed	既有武器ID	已实现传说效果参数区间与固定常量	保留当前JSON类型；数值有限；运行时C.number边界abs(value)<9e15；相关跨字段约束必须导入和启动均检查	"[""space-battleship/scripts/drone_rewards.gd:23"",""space-battleship/scripts/drone_rewards.gd:26"",""space-battleship/scripts/drone_rewards.gd:27"",""space-battleship/scripts/drone_forge.gd:100"",""space-battleship/scripts/drone_forge.gd:117"",""space-battleship/scripts/drone_inventory.gd:46"",""space-battleship/scripts/drone_inventory.gd:47"",""space-battleship/scripts/drone_effect_aggregator.gd:31""]"
space-battleship/data/hyperspace_config.json	/legendary_effects/strange_matter/parameters/damage_multiplier/0	float	1.3	"{""sheet"":""hyperspace_config"",""row"":443,""value_column"":""C"",""type_column"":""B""}"	传说参数与常量	minimum	balance	True	consumed	倍率/比例/计数，见实体列定义	已实现传说效果参数区间与固定常量	保留当前JSON类型；数值有限；运行时C.number边界abs(value)<9e15；相关跨字段约束必须导入和启动均检查	"[""space-battleship/scripts/drone_rewards.gd:23"",""space-battleship/scripts/drone_rewards.gd:26"",""space-battleship/scripts/drone_rewards.gd:27"",""space-battleship/scripts/drone_forge.gd:100"",""space-battleship/scripts/drone_forge.gd:117"",""space-battleship/scripts/drone_inventory.gd:46"",""space-battleship/scripts/drone_inventory.gd:47"",""space-battleship/scripts/drone_effect_aggregator.gd:31""]"
space-battleship/data/hyperspace_config.json	/legendary_effects/strange_matter/parameters/damage_multiplier/1	int	2	"{""sheet"":""hyperspace_config"",""row"":444,""value_column"":""C"",""type_column"":""B""}"	传说参数与常量	maximum	balance	True	consumed	倍率/比例/计数，见实体列定义	已实现传说效果参数区间与固定常量	保留当前JSON类型；数值有限；运行时C.number边界abs(value)<9e15；相关跨字段约束必须导入和启动均检查	"[""space-battleship/scripts/drone_rewards.gd:23"",""space-battleship/scripts/drone_rewards.gd:26"",""space-battleship/scripts/drone_rewards.gd:27"",""space-battleship/scripts/drone_forge.gd:100"",""space-battleship/scripts/drone_forge.gd:117"",""space-battleship/scripts/drone_inventory.gd:46"",""space-battleship/scripts/drone_inventory.gd:47"",""space-battleship/scripts/drone_effect_aggregator.gd:31""]"
space-battleship/data/hyperspace_config.json	/legendary_effects/strange_matter/constants/spawn_probability	float	0.4	"{""sheet"":""hyperspace_config"",""row"":446,""value_column"":""C"",""type_column"":""B""}"	传说参数与常量	spawn_probability	balance	True	consumed	倍率/比例/计数，见实体列定义	已实现传说效果参数区间与固定常量	保留当前JSON类型；数值有限；运行时C.number边界abs(value)<9e15；相关跨字段约束必须导入和启动均检查	"[""space-battleship/scripts/drone_combat_effects.gd:51""]"
space-battleship/data/hyperspace_config.json	/legendary_effects/strange_matter/constants/delay	int	1	"{""sheet"":""hyperspace_config"",""row"":447,""value_column"":""C"",""type_column"":""B""}"	传说参数与常量	delay	balance	True	consumed	倍率/比例/计数，见实体列定义	已实现传说效果参数区间与固定常量	保留当前JSON类型；数值有限；运行时C.number边界abs(value)<9e15；相关跨字段约束必须导入和启动均检查	"[""space-battleship/scripts/drone_combat_effects.gd:5"",""space-battleship/scripts/drone_combat_effects.gd:15"",""space-battleship/scripts/drone_combat_effects.gd:52"",""space-battleship/scripts/drone_combat_effects.gd:94"",""space-battleship/scripts/drone_combat_effects.gd:97"",""space-battleship/scripts/game.gd:2946"",""space-battleship/scripts/game.gd:3002"",""space-battleship/scripts/game.gd:3020"",""space-battleship/scripts/game.gd:3021"",""space-battleship/scripts/game.gd:3024"",""space-battleship/scripts/game.gd:3048"",""space-battleship/scripts/game.gd:3061"",""space-battleship/scripts/game.gd:3204"",""space-battleship/scripts/game.gd:3350"",""space-battleship/scripts/game.gd:3356"",""space-battleship/scripts/game.gd:3368"",""space-battleship/scripts/game.gd:3570"",""space-battleship/scripts/game.gd:3777"",""space-battleship/scripts/game.gd:3779"",""space-battleship/scripts/game.gd:3782"",""space-battleship/scripts/game.gd:3784"",""space-battleship/scripts/game.gd:3785"",""space-battleship/scripts/game.gd:3788"",""space-battleship/scripts/game.gd:3789"",""space-battleship/scripts/game.gd:3790""]"
space-battleship/data/hyperspace_config.json	/legendary_effects/strange_matter/constants/kill_spawns	int	2	"{""sheet"":""hyperspace_config"",""row"":448,""value_column"":""C"",""type_column"":""B""}"	传说参数与常量	kill_spawns	balance	True	consumed	倍率/比例/计数，见实体列定义	已实现传说效果参数区间与固定常量	保留当前JSON类型；数值有限；运行时C.number边界abs(value)<9e15；相关跨字段约束必须导入和启动均检查	"[""space-battleship/scripts/drone_combat_effects.gd:51""]"
space-battleship/data/hyperspace_config.json	/legendary_effects/laser_charge/weapon	string	laser	"{""sheet"":""hyperspace_config"",""row"":450,""value_column"":""C"",""type_column"":""B""}"	传说参数与常量	weapon	balance	True	consumed	既有武器ID	已实现传说效果参数区间与固定常量	保留当前JSON类型；数值有限；运行时C.number边界abs(value)<9e15；相关跨字段约束必须导入和启动均检查	"[""space-battleship/scripts/drone_rewards.gd:23"",""space-battleship/scripts/drone_rewards.gd:26"",""space-battleship/scripts/drone_rewards.gd:27"",""space-battleship/scripts/drone_forge.gd:100"",""space-battleship/scripts/drone_forge.gd:117"",""space-battleship/scripts/drone_inventory.gd:46"",""space-battleship/scripts/drone_inventory.gd:47"",""space-battleship/scripts/drone_effect_aggregator.gd:31""]"
space-battleship/data/hyperspace_config.json	/legendary_effects/laser_charge/parameters/maximum_bonus/0	int	2	"{""sheet"":""hyperspace_config"",""row"":453,""value_column"":""C"",""type_column"":""B""}"	传说参数与常量	minimum	balance	True	consumed	倍率/比例/计数，见实体列定义	已实现传说效果参数区间与固定常量	保留当前JSON类型；数值有限；运行时C.number边界abs(value)<9e15；相关跨字段约束必须导入和启动均检查	"[""space-battleship/scripts/drone_rewards.gd:23"",""space-battleship/scripts/drone_rewards.gd:26"",""space-battleship/scripts/drone_rewards.gd:27"",""space-battleship/scripts/drone_forge.gd:100"",""space-battleship/scripts/drone_forge.gd:117"",""space-battleship/scripts/drone_inventory.gd:46"",""space-battleship/scripts/drone_inventory.gd:47"",""space-battleship/scripts/drone_effect_aggregator.gd:31""]"
space-battleship/data/hyperspace_config.json	/legendary_effects/laser_charge/parameters/maximum_bonus/1	int	3	"{""sheet"":""hyperspace_config"",""row"":454,""value_column"":""C"",""type_column"":""B""}"	传说参数与常量	maximum	balance	True	consumed	倍率/比例/计数，见实体列定义	已实现传说效果参数区间与固定常量	保留当前JSON类型；数值有限；运行时C.number边界abs(value)<9e15；相关跨字段约束必须导入和启动均检查	"[""space-battleship/scripts/drone_rewards.gd:23"",""space-battleship/scripts/drone_rewards.gd:26"",""space-battleship/scripts/drone_rewards.gd:27"",""space-battleship/scripts/drone_forge.gd:100"",""space-battleship/scripts/drone_forge.gd:117"",""space-battleship/scripts/drone_inventory.gd:46"",""space-battleship/scripts/drone_inventory.gd:47"",""space-battleship/scripts/drone_effect_aggregator.gd:31""]"
space-battleship/data/hyperspace_config.json	/legendary_effects/laser_charge/constants/bonus_per_laser	float	0.5	"{""sheet"":""hyperspace_config"",""row"":456,""value_column"":""C"",""type_column"":""B""}"	传说参数与常量	bonus_per_laser	balance	True	consumed	倍率/比例/计数，见实体列定义	已实现传说效果参数区间与固定常量	保留当前JSON类型；数值有限；运行时C.number边界abs(value)<9e15；相关跨字段约束必须导入和启动均检查	"[""space-battleship/scripts/drone_combat_effects.gd:31""]"
space-battleship/data/hyperspace_config.json	/legendary_effects/wild_missile/weapon	string	missile	"{""sheet"":""hyperspace_config"",""row"":458,""value_column"":""C"",""type_column"":""B""}"	传说参数与常量	weapon	balance	True	consumed	既有武器ID	已实现传说效果参数区间与固定常量	保留当前JSON类型；数值有限；运行时C.number边界abs(value)<9e15；相关跨字段约束必须导入和启动均检查	"[""space-battleship/scripts/drone_rewards.gd:23"",""space-battleship/scripts/drone_rewards.gd:26"",""space-battleship/scripts/drone_rewards.gd:27"",""space-battleship/scripts/drone_forge.gd:100"",""space-battleship/scripts/drone_forge.gd:117"",""space-battleship/scripts/drone_inventory.gd:46"",""space-battleship/scripts/drone_inventory.gd:47"",""space-battleship/scripts/drone_effect_aggregator.gd:31""]"
space-battleship/data/hyperspace_config.json	/legendary_effects/wild_missile/parameters/damage_multiplier/0	int	7	"{""sheet"":""hyperspace_config"",""row"":461,""value_column"":""C"",""type_column"":""B""}"	传说参数与常量	minimum	balance	True	consumed	倍率/比例/计数，见实体列定义	已实现传说效果参数区间与固定常量	保留当前JSON类型；数值有限；运行时C.number边界abs(value)<9e15；相关跨字段约束必须导入和启动均检查	"[""space-battleship/scripts/drone_rewards.gd:23"",""space-battleship/scripts/drone_rewards.gd:26"",""space-battleship/scripts/drone_rewards.gd:27"",""space-battleship/scripts/drone_forge.gd:100"",""space-battleship/scripts/drone_forge.gd:117"",""space-battleship/scripts/drone_inventory.gd:46"",""space-battleship/scripts/drone_inventory.gd:47"",""space-battleship/scripts/drone_effect_aggregator.gd:31""]"
space-battleship/data/hyperspace_config.json	/legendary_effects/wild_missile/parameters/damage_multiplier/1	int	10	"{""sheet"":""hyperspace_config"",""row"":462,""value_column"":""C"",""type_column"":""B""}"	传说参数与常量	maximum	balance	True	consumed	倍率/比例/计数，见实体列定义	已实现传说效果参数区间与固定常量	保留当前JSON类型；数值有限；运行时C.number边界abs(value)<9e15；相关跨字段约束必须导入和启动均检查	"[""space-battleship/scripts/drone_rewards.gd:23"",""space-battleship/scripts/drone_rewards.gd:26"",""space-battleship/scripts/drone_rewards.gd:27"",""space-battleship/scripts/drone_forge.gd:100"",""space-battleship/scripts/drone_forge.gd:117"",""space-battleship/scripts/drone_inventory.gd:46"",""space-battleship/scripts/drone_inventory.gd:47"",""space-battleship/scripts/drone_effect_aggregator.gd:31""]"
space-battleship/data/hyperspace_config.json	/legendary_effects/wild_missile/constants/attack_period	int	3	"{""sheet"":""hyperspace_config"",""row"":464,""value_column"":""C"",""type_column"":""B""}"	传说参数与常量	attack_period	balance	True	consumed	倍率/比例/计数，见实体列定义	已实现传说效果参数区间与固定常量	保留当前JSON类型；数值有限；运行时C.number边界abs(value)<9e15；相关跨字段约束必须导入和启动均检查	"[""space-battleship/scripts/drone_combat_effects.gd:40""]"
space-battleship/data/hyperspace_config.json	/legendary_effects/wild_missile/constants/blast_fraction	float	0.5	"{""sheet"":""hyperspace_config"",""row"":465,""value_column"":""C"",""type_column"":""B""}"	传说参数与常量	blast_fraction	balance	True	consumed	倍率/比例/计数，见实体列定义	已实现传说效果参数区间与固定常量	保留当前JSON类型；数值有限；运行时C.number边界abs(value)<9e15；相关跨字段约束必须导入和启动均检查	"[""space-battleship/scripts/drone_combat_effects.gd:46"",""space-battleship/scripts/game.gd:3328""]"
space-battleship/data/hyperspace_config.json	/legendary_effects/endless_beam/weapon	string	longLaser	"{""sheet"":""hyperspace_config"",""row"":467,""value_column"":""C"",""type_column"":""B""}"	传说参数与常量	weapon	balance	True	consumed	既有武器ID	已实现传说效果参数区间与固定常量	保留当前JSON类型；数值有限；运行时C.number边界abs(value)<9e15；相关跨字段约束必须导入和启动均检查	"[""space-battleship/scripts/drone_rewards.gd:23"",""space-battleship/scripts/drone_rewards.gd:26"",""space-battleship/scripts/drone_rewards.gd:27"",""space-battleship/scripts/drone_forge.gd:100"",""space-battleship/scripts/drone_forge.gd:117"",""space-battleship/scripts/drone_inventory.gd:46"",""space-battleship/scripts/drone_inventory.gd:47"",""space-battleship/scripts/drone_effect_aggregator.gd:31""]"
space-battleship/data/hyperspace_config.json	/legendary_effects/endless_beam/parameters/maximum_multiplier_bonus/0	int	1	"{""sheet"":""hyperspace_config"",""row"":470,""value_column"":""C"",""type_column"":""B""}"	传说参数与常量	minimum	balance	True	consumed	倍率/比例/计数，见实体列定义	已实现传说效果参数区间与固定常量	保留当前JSON类型；数值有限；运行时C.number边界abs(value)<9e15；相关跨字段约束必须导入和启动均检查	"[""space-battleship/scripts/drone_rewards.gd:23"",""space-battleship/scripts/drone_rewards.gd:26"",""space-battleship/scripts/drone_rewards.gd:27"",""space-battleship/scripts/drone_forge.gd:100"",""space-battleship/scripts/drone_forge.gd:117"",""space-battleship/scripts/drone_inventory.gd:46"",""space-battleship/scripts/drone_inventory.gd:47"",""space-battleship/scripts/drone_effect_aggregator.gd:31""]"
space-battleship/data/hyperspace_config.json	/legendary_effects/endless_beam/parameters/maximum_multiplier_bonus/1	int	2	"{""sheet"":""hyperspace_config"",""row"":471,""value_column"":""C"",""type_column"":""B""}"	传说参数与常量	maximum	balance	True	consumed	倍率/比例/计数，见实体列定义	已实现传说效果参数区间与固定常量	保留当前JSON类型；数值有限；运行时C.number边界abs(value)<9e15；相关跨字段约束必须导入和启动均检查	"[""space-battleship/scripts/drone_rewards.gd:23"",""space-battleship/scripts/drone_rewards.gd:26"",""space-battleship/scripts/drone_rewards.gd:27"",""space-battleship/scripts/drone_forge.gd:100"",""space-battleship/scripts/drone_forge.gd:117"",""space-battleship/scripts/drone_inventory.gd:46"",""space-battleship/scripts/drone_inventory.gd:47"",""space-battleship/scripts/drone_effect_aggregator.gd:31""]"
space-battleship/data/hyperspace_config.json	/legendary_effects/dodge_counter/weapon	string		"{""sheet"":""hyperspace_config"",""row"":474,""value_column"":""C"",""type_column"":""B""}"	传说参数与常量	weapon	balance	True	consumed	既有武器ID	已实现传说效果参数区间与固定常量	保留当前JSON类型；数值有限；运行时C.number边界abs(value)<9e15；相关跨字段约束必须导入和启动均检查	"[""space-battleship/scripts/drone_rewards.gd:23"",""space-battleship/scripts/drone_rewards.gd:26"",""space-battleship/scripts/drone_rewards.gd:27"",""space-battleship/scripts/drone_forge.gd:100"",""space-battleship/scripts/drone_forge.gd:117"",""space-battleship/scripts/drone_inventory.gd:46"",""space-battleship/scripts/drone_inventory.gd:47"",""space-battleship/scripts/drone_effect_aggregator.gd:31""]"
space-battleship/data/hyperspace_config.json	/legendary_effects/dodge_counter/parameters/maximum_dodge/0	float	0.75	"{""sheet"":""hyperspace_config"",""row"":477,""value_column"":""C"",""type_column"":""B""}"	传说参数与常量	minimum	balance	True	consumed	倍率/比例/计数，见实体列定义	已实现传说效果参数区间与固定常量	保留当前JSON类型；数值有限；运行时C.number边界abs(value)<9e15；相关跨字段约束必须导入和启动均检查	"[""space-battleship/scripts/drone_rewards.gd:23"",""space-battleship/scripts/drone_rewards.gd:26"",""space-battleship/scripts/drone_rewards.gd:27"",""space-battleship/scripts/drone_forge.gd:100"",""space-battleship/scripts/drone_forge.gd:117"",""space-battleship/scripts/drone_inventory.gd:46"",""space-battleship/scripts/drone_inventory.gd:47"",""space-battleship/scripts/drone_effect_aggregator.gd:31""]"
space-battleship/data/hyperspace_config.json	/legendary_effects/dodge_counter/parameters/maximum_dodge/1	float	0.9	"{""sheet"":""hyperspace_config"",""row"":478,""value_column"":""C"",""type_column"":""B""}"	传说参数与常量	maximum	balance	True	consumed	倍率/比例/计数，见实体列定义	已实现传说效果参数区间与固定常量	保留当前JSON类型；数值有限；运行时C.number边界abs(value)<9e15；相关跨字段约束必须导入和启动均检查	"[""space-battleship/scripts/drone_rewards.gd:23"",""space-battleship/scripts/drone_rewards.gd:26"",""space-battleship/scripts/drone_rewards.gd:27"",""space-battleship/scripts/drone_forge.gd:100"",""space-battleship/scripts/drone_forge.gd:117"",""space-battleship/scripts/drone_inventory.gd:46"",""space-battleship/scripts/drone_inventory.gd:47"",""space-battleship/scripts/drone_effect_aggregator.gd:31""]"
space-battleship/data/hyperspace_config.json	/legendary_effects/dodge_counter/parameters/counter_damage_bonus/0	float	0.7	"{""sheet"":""hyperspace_config"",""row"":480,""value_column"":""C"",""type_column"":""B""}"	传说参数与常量	minimum	balance	True	consumed	倍率/比例/计数，见实体列定义	已实现传说效果参数区间与固定常量	保留当前JSON类型；数值有限；运行时C.number边界abs(value)<9e15；相关跨字段约束必须导入和启动均检查	"[""space-battleship/scripts/drone_rewards.gd:23"",""space-battleship/scripts/drone_rewards.gd:26"",""space-battleship/scripts/drone_rewards.gd:27"",""space-battleship/scripts/drone_forge.gd:100"",""space-battleship/scripts/drone_forge.gd:117"",""space-battleship/scripts/drone_inventory.gd:46"",""space-battleship/scripts/drone_inventory.gd:47"",""space-battleship/scripts/drone_effect_aggregator.gd:31""]"
space-battleship/data/hyperspace_config.json	/legendary_effects/dodge_counter/parameters/counter_damage_bonus/1	int	1	"{""sheet"":""hyperspace_config"",""row"":481,""value_column"":""C"",""type_column"":""B""}"	传说参数与常量	maximum	balance	True	consumed	倍率/比例/计数，见实体列定义	已实现传说效果参数区间与固定常量	保留当前JSON类型；数值有限；运行时C.number边界abs(value)<9e15；相关跨字段约束必须导入和启动均检查	"[""space-battleship/scripts/drone_rewards.gd:23"",""space-battleship/scripts/drone_rewards.gd:26"",""space-battleship/scripts/drone_rewards.gd:27"",""space-battleship/scripts/drone_forge.gd:100"",""space-battleship/scripts/drone_forge.gd:117"",""space-battleship/scripts/drone_inventory.gd:46"",""space-battleship/scripts/drone_inventory.gd:47"",""space-battleship/scripts/drone_effect_aggregator.gd:31""]"
space-battleship/data/hyperspace_config.json	/legendary_effects/dodge_counter/constants/cooldown	int	2	"{""sheet"":""hyperspace_config"",""row"":483,""value_column"":""C"",""type_column"":""B""}"	传说参数与常量	cooldown	balance	True	consumed	倍率/比例/计数，见实体列定义	已实现传说效果参数区间与固定常量	保留当前JSON类型；数值有限；运行时C.number边界abs(value)<9e15；相关跨字段约束必须导入和启动均检查	"[""space-battleship/scripts/drone_combat_effects.gd:9"",""space-battleship/scripts/drone_combat_effects.gd:15"",""space-battleship/scripts/drone_combat_effects.gd:60"",""space-battleship/scripts/drone_combat_effects.gd:61"",""space-battleship/scripts/drone_combat_effects.gd:93"",""space-battleship/scripts/game.gd:65"",""space-battleship/scripts/game.gd:852"",""space-battleship/scripts/game.gd:854"",""space-battleship/scripts/game.gd:1818"",""space-battleship/scripts/game.gd:1826"",""space-battleship/scripts/game.gd:1926"",""space-battleship/scripts/game.gd:2026"",""space-battleship/scripts/game.gd:2028"",""space-battleship/scripts/game.gd:2296"",""space-battleship/scripts/game.gd:2579"",""space-battleship/scripts/game.gd:2619"",""space-battleship/scripts/game.gd:2734"",""space-battleship/scripts/game.gd:2735"",""space-battleship/scripts/game.gd:2736"",""space-battleship/scripts/game.gd:2737"",""space-battleship/scripts/game.gd:2753"",""space-battleship/scripts/game.gd:2764"",""space-battleship/scripts/game.gd:2765"",""space-battleship/scripts/game.gd:2766"",""space-battleship/scripts/game.gd:2771"",""space-battleship/scripts/game.gd:3282"",""space-battleship/scripts/game.gd:3630""]"
space-battleship/data/hyperspace_config.json	/legendary_effects/drone_master/weapon	string		"{""sheet"":""hyperspace_config"",""row"":485,""value_column"":""C"",""type_column"":""B""}"	传说参数与常量	weapon	balance	True	consumed	既有武器ID	已实现传说效果参数区间与固定常量	保留当前JSON类型；数值有限；运行时C.number边界abs(value)<9e15；相关跨字段约束必须导入和启动均检查	"[""space-battleship/scripts/drone_rewards.gd:23"",""space-battleship/scripts/drone_rewards.gd:26"",""space-battleship/scripts/drone_rewards.gd:27"",""space-battleship/scripts/drone_forge.gd:100"",""space-battleship/scripts/drone_forge.gd:117"",""space-battleship/scripts/drone_inventory.gd:46"",""space-battleship/scripts/drone_inventory.gd:47"",""space-battleship/scripts/drone_effect_aggregator.gd:31""]"
space-battleship/data/hyperspace_config.json	/legendary_effects/drone_master/parameters/maximum_reduction/0	float	0.5	"{""sheet"":""hyperspace_config"",""row"":488,""value_column"":""C"",""type_column"":""B""}"	传说参数与常量	minimum	balance	True	consumed	倍率/比例/计数，见实体列定义	已实现传说效果参数区间与固定常量	保留当前JSON类型；数值有限；运行时C.number边界abs(value)<9e15；相关跨字段约束必须导入和启动均检查	"[""space-battleship/scripts/drone_rewards.gd:23"",""space-battleship/scripts/drone_rewards.gd:26"",""space-battleship/scripts/drone_rewards.gd:27"",""space-battleship/scripts/drone_forge.gd:100"",""space-battleship/scripts/drone_forge.gd:117"",""space-battleship/scripts/drone_inventory.gd:46"",""space-battleship/scripts/drone_inventory.gd:47"",""space-battleship/scripts/drone_effect_aggregator.gd:31""]"
space-battleship/data/hyperspace_config.json	/legendary_effects/drone_master/parameters/maximum_reduction/1	float	0.6	"{""sheet"":""hyperspace_config"",""row"":489,""value_column"":""C"",""type_column"":""B""}"	传说参数与常量	maximum	balance	True	consumed	倍率/比例/计数，见实体列定义	已实现传说效果参数区间与固定常量	保留当前JSON类型；数值有限；运行时C.number边界abs(value)<9e15；相关跨字段约束必须导入和启动均检查	"[""space-battleship/scripts/drone_rewards.gd:23"",""space-battleship/scripts/drone_rewards.gd:26"",""space-battleship/scripts/drone_rewards.gd:27"",""space-battleship/scripts/drone_forge.gd:100"",""space-battleship/scripts/drone_forge.gd:117"",""space-battleship/scripts/drone_inventory.gd:46"",""space-battleship/scripts/drone_inventory.gd:47"",""space-battleship/scripts/drone_effect_aggregator.gd:31""]"
space-battleship/data/hyperspace_config.json	/legendary_effects/drone_master/constants/quality_ratios/white	float	0.5	"{""sheet"":""hyperspace_config"",""row"":492,""value_column"":""C"",""type_column"":""B""}"	传说参数与常量	white	balance	True	consumed	倍率/比例/计数，见实体列定义	已实现传说效果参数区间与固定常量	保留当前JSON类型；数值有限；运行时C.number边界abs(value)<9e15；相关跨字段约束必须导入和启动均检查	"[""space-battleship/scripts/drone_combat_effects.gd:82""]"
space-battleship/data/hyperspace_config.json	/legendary_effects/drone_master/constants/quality_ratios/blue	float	0.6	"{""sheet"":""hyperspace_config"",""row"":493,""value_column"":""C"",""type_column"":""B""}"	传说参数与常量	blue	balance	True	consumed	倍率/比例/计数，见实体列定义	已实现传说效果参数区间与固定常量	保留当前JSON类型；数值有限；运行时C.number边界abs(value)<9e15；相关跨字段约束必须导入和启动均检查	"[""space-battleship/scripts/drone_combat_effects.gd:82""]"
space-battleship/data/hyperspace_config.json	/legendary_effects/drone_master/constants/quality_ratios/gold	float	0.7	"{""sheet"":""hyperspace_config"",""row"":494,""value_column"":""C"",""type_column"":""B""}"	传说参数与常量	gold	balance	True	consumed	倍率/比例/计数，见实体列定义	已实现传说效果参数区间与固定常量	保留当前JSON类型；数值有限；运行时C.number边界abs(value)<9e15；相关跨字段约束必须导入和启动均检查	"[""space-battleship/scripts/drone_combat_effects.gd:82""]"
space-battleship/data/hyperspace_config.json	/legendary_effects/drone_master/constants/quality_ratios/legendary	float	0.8	"{""sheet"":""hyperspace_config"",""row"":495,""value_column"":""C"",""type_column"":""B""}"	传说参数与常量	legendary	balance	True	consumed	倍率/比例/计数，见实体列定义	已实现传说效果参数区间与固定常量	保留当前JSON类型；数值有限；运行时C.number边界abs(value)<9e15；相关跨字段约束必须导入和启动均检查	"[""space-battleship/scripts/drone_combat_effects.gd:19"",""space-battleship/scripts/drone_combat_effects.gd:73"",""space-battleship/scripts/drone_combat_effects.gd:82"",""space-battleship/scripts/drone_combat_effects.gd:85"",""space-battleship/scripts/drone_combat_effects.gd:86"",""space-battleship/scripts/drone_combat_effects.gd:117"",""space-battleship/scripts/game.gd:2174"",""space-battleship/scripts/game.gd:2185"",""space-battleship/scripts/game.gd:2409"",""space-battleship/scripts/game.gd:2721"",""space-battleship/scripts/game.gd:2739"",""space-battleship/scripts/game.gd:3284"",""space-battleship/scripts/game.gd:3321"",""space-battleship/scripts/game.gd:3388"",""space-battleship/scripts/game.gd:3461"",""space-battleship/scripts/hyperspace_system.gd:155"",""space-battleship/scripts/hyperspace_system.gd:199"",""space-battleship/scripts/hyperspace_system.gd:200"",""space-battleship/scripts/hyperspace_system.gd:305"",""space-battleship/scripts/hyperspace_system.gd:309"",""space-battleship/scripts/hyperspace_system.gd:311""]"
space-battleship/data/hyperspace_config.json	/legendary_effects/drone_master/constants/quality_ratios/ultimate	float	0.9	"{""sheet"":""hyperspace_config"",""row"":496,""value_column"":""C"",""type_column"":""B""}"	传说参数与常量	ultimate	balance	True	consumed	倍率/比例/计数，见实体列定义	已实现传说效果参数区间与固定常量	保留当前JSON类型；数值有限；运行时C.number边界abs(value)<9e15；相关跨字段约束必须导入和启动均检查	"[""space-battleship/scripts/drone_combat_effects.gd:73"",""space-battleship/scripts/drone_combat_effects.gd:75"",""space-battleship/scripts/drone_combat_effects.gd:82"",""space-battleship/scripts/drone_combat_effects.gd:85"",""space-battleship/scripts/drone_combat_effects.gd:86"",""space-battleship/scripts/game.gd:1973"",""space-battleship/scripts/game.gd:2025"",""space-battleship/scripts/hyperspace_system.gd:160"",""space-battleship/scripts/hyperspace_system.gd:286"",""space-battleship/scripts/hyperspace_system.gd:321""]"
space-battleship/data/hyperspace_config.json	/legendary_effects/drone_master/stored_parameter_ranges/maximum_reduction/0	float	0.8	"{""sheet"":""hyperspace_config"",""row"":520,""value_column"":""C"",""type_column"":""B""}"	传说参数与常量	minimum	stored_value_compatibility	False	consumed	倍率/比例/计数，见实体列定义	已实现传说效果参数区间与固定常量；仅校验已有存值，不用于新抽取，旧档迁移不在本轮	保留当前JSON类型；数值有限；运行时C.number边界abs(value)<9e15；相关跨字段约束必须导入和启动均检查	"[""space-battleship/scripts/drone_inventory.gd:54""]"
space-battleship/data/hyperspace_config.json	/legendary_effects/drone_master/stored_parameter_ranges/maximum_reduction/1	float	0.9	"{""sheet"":""hyperspace_config"",""row"":521,""value_column"":""C"",""type_column"":""B""}"	传说参数与常量	maximum	stored_value_compatibility	False	consumed	倍率/比例/计数，见实体列定义	已实现传说效果参数区间与固定常量；仅校验已有存值，不用于新抽取，旧档迁移不在本轮	保留当前JSON类型；数值有限；运行时C.number边界abs(value)<9e15；相关跨字段约束必须导入和启动均检查	"[""space-battleship/scripts/drone_inventory.gd:54""]"
space-battleship/data/hyperspace_config.json	/legendary_effects/black_hole/weapon	string		"{""sheet"":""hyperspace_config"",""row"":498,""value_column"":""C"",""type_column"":""B""}"	传说参数与常量	weapon	balance	True	consumed	既有武器ID	已实现传说效果参数区间与固定常量	保留当前JSON类型；数值有限；运行时C.number边界abs(value)<9e15；相关跨字段约束必须导入和启动均检查	"[""space-battleship/scripts/drone_rewards.gd:23"",""space-battleship/scripts/drone_rewards.gd:26"",""space-battleship/scripts/drone_rewards.gd:27"",""space-battleship/scripts/drone_forge.gd:100"",""space-battleship/scripts/drone_forge.gd:117"",""space-battleship/scripts/drone_inventory.gd:46"",""space-battleship/scripts/drone_inventory.gd:47"",""space-battleship/scripts/drone_effect_aggregator.gd:31""]"
space-battleship/data/hyperspace_config.json	/legendary_effects/black_hole/parameters/damage_multiplier/0	float	1.3	"{""sheet"":""hyperspace_config"",""row"":501,""value_column"":""C"",""type_column"":""B""}"	传说参数与常量	minimum	balance	True	consumed	倍率/比例/计数，见实体列定义	已实现传说效果参数区间与固定常量	保留当前JSON类型；数值有限；运行时C.number边界abs(value)<9e15；相关跨字段约束必须导入和启动均检查	"[""space-battleship/scripts/drone_rewards.gd:23"",""space-battleship/scripts/drone_rewards.gd:26"",""space-battleship/scripts/drone_rewards.gd:27"",""space-battleship/scripts/drone_forge.gd:100"",""space-battleship/scripts/drone_forge.gd:117"",""space-battleship/scripts/drone_inventory.gd:46"",""space-battleship/scripts/drone_inventory.gd:47"",""space-battleship/scripts/drone_effect_aggregator.gd:31""]"
space-battleship/data/hyperspace_config.json	/legendary_effects/black_hole/parameters/damage_multiplier/1	int	2	"{""sheet"":""hyperspace_config"",""row"":502,""value_column"":""C"",""type_column"":""B""}"	传说参数与常量	maximum	balance	True	consumed	倍率/比例/计数，见实体列定义	已实现传说效果参数区间与固定常量	保留当前JSON类型；数值有限；运行时C.number边界abs(value)<9e15；相关跨字段约束必须导入和启动均检查	"[""space-battleship/scripts/drone_rewards.gd:23"",""space-battleship/scripts/drone_rewards.gd:26"",""space-battleship/scripts/drone_rewards.gd:27"",""space-battleship/scripts/drone_forge.gd:100"",""space-battleship/scripts/drone_forge.gd:117"",""space-battleship/scripts/drone_inventory.gd:46"",""space-battleship/scripts/drone_inventory.gd:47"",""space-battleship/scripts/drone_effect_aggregator.gd:31""]"
space-battleship/data/hyperspace_config.json	/legendary_effects/black_hole/constants/period	int	20	"{""sheet"":""hyperspace_config"",""row"":504,""value_column"":""C"",""type_column"":""B""}"	传说参数与常量	period	balance	True	consumed	倍率/比例/计数，见实体列定义	已实现传说效果参数区间与固定常量	保留当前JSON类型；数值有限；运行时C.number边界abs(value)<9e15；相关跨字段约束必须导入和启动均检查	"[""space-battleship/scripts/drone_combat_effects.gd:40"",""space-battleship/scripts/drone_combat_effects.gd:105"",""space-battleship/scripts/drone_combat_effects.gd:108"",""space-battleship/scripts/game.gd:585"",""space-battleship/scripts/game.gd:586"",""space-battleship/scripts/game.gd:2248"",""space-battleship/scripts/game.gd:2339"",""space-battleship/scripts/game.gd:2800""]"
space-battleship/data/hyperspace_config.json	/legendary_effects/black_hole/constants/absorption_duration	int	5	"{""sheet"":""hyperspace_config"",""row"":505,""value_column"":""C"",""type_column"":""B""}"	传说参数与常量	absorption_duration	balance	True	consumed	倍率/比例/计数，见实体列定义	已实现传说效果参数区间与固定常量	保留当前JSON类型；数值有限；运行时C.number边界abs(value)<9e15；相关跨字段约束必须导入和启动均检查	"[""space-battleship/scripts/drone_combat_effects.gd:109""]"
space-battleship/data/hyperspace_config.json	/legendary_effects/drone_rebuild/weapon	string		"{""sheet"":""hyperspace_config"",""row"":507,""value_column"":""C"",""type_column"":""B""}"	传说参数与常量	weapon	balance	True	consumed	既有武器ID	已实现传说效果参数区间与固定常量	保留当前JSON类型；数值有限；运行时C.number边界abs(value)<9e15；相关跨字段约束必须导入和启动均检查	"[""space-battleship/scripts/drone_rewards.gd:23"",""space-battleship/scripts/drone_rewards.gd:26"",""space-battleship/scripts/drone_rewards.gd:27"",""space-battleship/scripts/drone_forge.gd:100"",""space-battleship/scripts/drone_forge.gd:117"",""space-battleship/scripts/drone_inventory.gd:46"",""space-battleship/scripts/drone_inventory.gd:47"",""space-battleship/scripts/drone_effect_aggregator.gd:31""]"
space-battleship/data/hyperspace_config.json	/legendary_effects/drone_rebuild/parameters/damage_and_defence_bonus/0	float	0.7	"{""sheet"":""hyperspace_config"",""row"":510,""value_column"":""C"",""type_column"":""B""}"	传说参数与常量	minimum	balance	True	consumed	倍率/比例/计数，见实体列定义	已实现传说效果参数区间与固定常量	保留当前JSON类型；数值有限；运行时C.number边界abs(value)<9e15；相关跨字段约束必须导入和启动均检查	"[""space-battleship/scripts/drone_rewards.gd:23"",""space-battleship/scripts/drone_rewards.gd:26"",""space-battleship/scripts/drone_rewards.gd:27"",""space-battleship/scripts/drone_forge.gd:100"",""space-battleship/scripts/drone_forge.gd:117"",""space-battleship/scripts/drone_inventory.gd:46"",""space-battleship/scripts/drone_inventory.gd:47"",""space-battleship/scripts/drone_effect_aggregator.gd:31""]"
space-battleship/data/hyperspace_config.json	/legendary_effects/drone_rebuild/parameters/damage_and_defence_bonus/1	int	1	"{""sheet"":""hyperspace_config"",""row"":511,""value_column"":""C"",""type_column"":""B""}"	传说参数与常量	maximum	balance	True	consumed	倍率/比例/计数，见实体列定义	已实现传说效果参数区间与固定常量	保留当前JSON类型；数值有限；运行时C.number边界abs(value)<9e15；相关跨字段约束必须导入和启动均检查	"[""space-battleship/scripts/drone_rewards.gd:23"",""space-battleship/scripts/drone_rewards.gd:26"",""space-battleship/scripts/drone_rewards.gd:27"",""space-battleship/scripts/drone_forge.gd:100"",""space-battleship/scripts/drone_forge.gd:117"",""space-battleship/scripts/drone_inventory.gd:46"",""space-battleship/scripts/drone_inventory.gd:47"",""space-battleship/scripts/drone_effect_aggregator.gd:31""]"
space-battleship/data/hyperspace_config.json	/legendary_effects/drone_rebuild/constants/maximum_stacks	int	4	"{""sheet"":""hyperspace_config"",""row"":513,""value_column"":""C"",""type_column"":""B""}"	传说参数与常量	maximum_stacks	balance	True	consumed	倍率/比例/计数，见实体列定义	已实现传说效果参数区间与固定常量	保留当前JSON类型；数值有限；运行时C.number边界abs(value)<9e15；相关跨字段约束必须导入和启动均检查	"[""space-battleship/scripts/drone_combat_effects.gd:79""]"
space-battleship/data/hyperspace_config.json	/late_supply_unlock_stage	int	60	"{""sheet"":""hyperspace_config"",""row"":514,""value_column"":""C"",""type_column"":""B""}"	全局标量	value	balance	True	consumed	关	已通主线关卡达到后期补给门槛	保留当前JSON类型；数值有限；运行时C.number边界abs(value)<9e15；相关跨字段约束必须导入和启动均检查	"[""space-battleship/scripts/hyperspace_system.gd:20""]"
space-battleship/data/hyperspace_config.json	/late_energy_rate_multiplier	float	30.0	"{""sheet"":""hyperspace_config"",""row"":515,""value_column"":""C"",""type_column"":""B""}"	全局标量	value	balance	True	consumed	无量纲/按字段	后期充能最大倍率	保留当前JSON类型；数值有限；运行时C.number边界abs(value)<9e15；相关跨字段约束必须导入和启动均检查	"[""space-battleship/scripts/hyperspace_system.gd:24"",""space-battleship/scripts/hyperspace_system.gd:40"",""space-battleship/scripts/hyperspace_system.gd:41"",""space-battleship/scripts/hyperspace_scheduler.gd:22"",""space-battleship/scripts/hyperspace_scheduler.gd:34"",""space-battleship/scripts/hyperspace_scheduler.gd:35"",""space-battleship/scripts/hyperspace_scheduler.gd:36""]"
space-battleship/data/hyperspace_config.json	/late_material_reward_multiplier	int	4	"{""sheet"":""hyperspace_config"",""row"":516,""value_column"":""C"",""type_column"":""B""}"	全局标量	value	balance	True	consumed	无量纲/按字段	后期材料最大倍率	保留当前JSON类型；数值有限；运行时C.number边界abs(value)<9e15；相关跨字段约束必须导入和启动均检查	"[""space-battleship/scripts/hyperspace_system.gd:25"",""space-battleship/scripts/hyperspace_system.gd:42""]"
space-battleship/data/hyperspace_config.json	/late_supply_ramp_seconds	int	600	"{""sheet"":""hyperspace_config"",""row"":517,""value_column"":""C"",""type_column"":""B""}"	全局标量	value	balance	True	consumed	游戏秒	后期补给在线爬升时长	保留当前JSON类型；数值有限；运行时C.number边界abs(value)<9e15；相关跨字段约束必须导入和启动均检查；>0	"[""space-battleship/scripts/hyperspace_system.gd:34"",""space-battleship/scripts/hyperspace_system.gd:36"",""space-battleship/scripts/hyperspace_scheduler.gd:15"",""space-battleship/scripts/hyperspace_scheduler.gd:20"",""space-battleship/scripts/hyperspace_scheduler.gd:32"",""space-battleship/scripts/hyperspace_scheduler.gd:35"",""space-battleship/scripts/hyperspace_scheduler.gd:36""]"
